<?xml version="1.0" encoding="utf-8"?>
<window>
	<defaultcontrol>10</defaultcontrol>
	<include>transition_Dialog</include>
	<coordinates>
		<system>1</system>
		<left>340</left>
		<top>250</top>
	</coordinates>
	<controls>
		<control type="group">
			<width>600</width>
			<height>220</height>
			<control type="image">
				<width>600</width>
				<height>220</height>
				<include>dialog_Window</include>
			</control>
			<control type="label" id="1">
				<width>592</width>
				<label>$LOCALIZE[13406]</label>
				<include>dialog_Windowtitle</include>
			</control>
			<!--textbox-->
			<control type="textbox" id="9">
				<centerleft>50%</centerleft>
				<top>55</top>
				<width>560</width>
				<height>90</height>
				<label>-</label>
				<align>center</align>
				<include>dialog_Text</include>
			</control>
			<!--dialog controls-->
			<control type="button" id="10">
				<centerleft>50%</centerleft>
				<bottom>20</bottom>
				<label>$LOCALIZE[186]</label>
				<include>dialog_WindowButton</include>
			</control>
		</control>
	</controls>
</window>
