<?xml version="1.0" encoding="utf-8"?>
<fonts>
	<fontset id="Default">
		<!--regular-->
		<font>
			<name>FontSize_20</name>
			<filename>OpenSans-Regular.ttf</filename>
			<size>20</size>
		</font>
		<font>
			<name>FontSize_22</name>
			<filename>OpenSans-Regular.ttf</filename>
			<size>22</size>
		</font>
		<font>
			<name>FontSize_26</name>
			<filename>OpenSans-Regular.ttf</filename>
			<size>26</size>
		</font>
		<font>
			<name>FontSize_34</name>
			<filename>OpenSans-Light.ttf</filename>
			<size>34</size>
		</font>
		<font>
			<name>FontSize_40</name>
			<filename>OpenSans-Light.ttf</filename>
			<size>40</size>
		</font>
		<font>
			<name>FontSize_85</name>
			<filename>OpenSans-Light.ttf</filename>
			<size>85</size>
		</font>
		<font>
			<name>FontSize_140</name>
			<filename>OpenSans-Light.ttf</filename>
			<size>140</size>
		</font>
		<font>
			<name>regular_path</name>
			<filename>Default/Regular.ttf</filename>
			<size>16</size>
		</font>
		<font>
			<name>regular_tagline</name>
			<filename>Default/Regular.ttf</filename>
			<size>18</size>
		</font>
		<font>
			<name>regular_plot</name>
			<filename>Default/Regular.ttf</filename>
			<size>18</size>
		</font>
		<font>
			<name>small_plot</name>
			<filename>Default/Regular.ttf</filename>
			<size>17</size>
		</font>
		<font>
			<name>regular</name>
			<filename>Default/Regular.ttf</filename>
			<size>22</size>
		</font>
		<font>
			<name>regular-B</name>
			<filename>Default/Regular.ttf</filename>
			<size>20</size>
			<style>bold</style>
		</font>
		<font>
			<name>regular_Small</name>
			<filename>Default/Regular.ttf</filename>
			<size>18</size>
		</font>
		<font>
			<name>regular_Small-U-B</name>
			<filename>Default/Regular.ttf</filename>
			<size>18</size>
			<style>uppercase</style>
		</font>
		<font>
			<name>regular_Small-U</name>
			<filename>Default/Regular.ttf</filename>
			<size>18</size>
			<style>uppercase</style>
		</font>
		<font>
			<name>regular_Big</name>
			<filename>Default/Regular.ttf</filename>
			<size>22</size>
		</font>
		<font>
			<name>regular_Bigger</name>
			<filename>Default/SemiBold.ttf</filename>
			<size>24</size>
		</font>
		<font>
			<name>regular_24U</name>
			<filename>Default/Regular.ttf</filename>
			<size>24</size>
		</font>
		<!--condensed-->
		<font>
			<name>condensed-U</name>
			<filename>Default/Condensed.ttf</filename>
			<size>20</size>
			<style>uppercase</style>
			<linespacing>1.1</linespacing>
		</font>
		<font>
			<name>condensed_Debug</name>
			<filename>Default/Condensed.ttf</filename>
			<size>14</size>
		</font>
		<font>
			<name>condensed_Home</name>
			<filename>Default/CondensedLight.ttf</filename>
			<size>34</size>
			<style>uppercase</style>
		</font>
		<font>
			<name>condensed_HomeSub</name>
			<filename>Default/Regular.ttf</filename>
			<size>34</size>
		</font>
		<font>
			<name>condensed_HomeSmall</name>
			<filename>Default/Regular.ttf</filename>
			<size>34</size>
		</font>
		<font>
			<name>condensed_HomeSubSmall</name>
			<filename>Default/Condensed.ttf</filename>
			<size>20</size>
			<style>uppercase</style>
		</font>
		<!--semibold-->
		<font>
			<name>semibold</name>
			<filename>Default/SemiBold.ttf</filename>
			<size>20</size>
		</font>
		<font>
			<name>semibold23</name>
			<filename>Default/SemiBold.ttf</filename>
			<size>23</size>
		</font>
		<font>
			<name>semibold-U</name>
			<filename>Default/SemiBold.ttf</filename>
			<size>20</size>
			<style>uppercase</style>
		</font>
		<font>
			<name>semibold_Small</name>
			<filename>Default/SemiBold.ttf</filename>
			<size>18</size>
		</font>
		<font>
			<name>semibold_Small-U</name>
			<filename>Default/SemiBold.ttf</filename>
			<size>18</size>
			<style>uppercase</style>
		</font>
		<font>
			<name>large_time</name>
			<filename>Default/SemiBold.ttf</filename>
			<size>32</size>
			<style>uppercase</style>
		</font>
		<font>
			<name>semibold_time-U</name>
			<filename>Default/SemiBold.ttf</filename>
			<size>20</size>
			<style>uppercase</style>
		</font>
		<font>
			<name>semibold_Big</name>
			<filename>Default/SemiBold.ttf</filename>
			<size>22</size>
		</font>
		<font>
			<name>semibold_Big-U</name>
			<filename>Default/SemiBold.ttf</filename>
			<size>22</size>
			<style>uppercase</style>
		</font>
		<font>
			<name>semibold_26-U</name>
			<filename>Default/SemiBold.ttf</filename>
			<size>26</size>
			<style>uppercase</style>
		</font>
		<font>
			<name>semibold_32-U</name>
			<filename>Default/SemiBold.ttf</filename>
			<size>32</size>
			<style>uppercase</style>
		</font>
		<!--black-->
		<font>
			<name>black_Title</name>
			<filename>Default/Black.ttf</filename>
			<size>30</size>
			<style>uppercase</style>
		</font>
		<font>
			<name>black_Huge</name>
			<filename>Default/Black.ttf</filename>
			<size>36</size>
			<style>uppercase</style>
		</font>
		<!--light-->
		<font>
			<name>light_plot</name>
			<filename>Default/Light.ttf</filename>
			<size>18</size>
		</font>
		<font>
			<name>light_Menu</name>
			<filename>Default/Light.ttf</filename>
			<size>22</size>
		</font>
		<font>
			<name>light_Settings</name>
			<filename>Default/Light.ttf</filename>
			<size>24</size>
		</font>
		<font>
			<name>light_ColumnHeader</name>
			<filename>Default/Light.ttf</filename>
			<size>28</size>
		</font>
		<font>
			<name>light_Dialog</name>
			<filename>Default/Light.ttf</filename>
			<size>30</size>
		</font>
		<font>
			<name>light_Category</name>
			<filename>Default/Light.ttf</filename>
			<size>32</size>
		</font>
		<font>
			<name>light_Header</name>
			<filename>Default/Light.ttf</filename>
			<size>38</size>
		</font>
		<font>
			<name>light_Window</name>
			<filename>Default/Light.ttf</filename>
			<size>48</size>
			<style>lowercase</style>
		</font>
		<!--confluence fonts for add-on compatibility-->
		<font>
			<name>font10</name>
			<filename>fallback/Roboto-Regular.ttf</filename>
			<size>14</size>
		</font>
		<font>
			<name>font12</name>
			<filename>fallback/Roboto-Regular.ttf</filename>
			<size>17</size>
		</font>
		<font>
			<name>font13</name>
			<filename>fallback/Roboto-Regular.ttf</filename>
			<size>20</size>
		</font>
		<font>
			<name>font14</name>
			<filename>fallback/Roboto-Regular.ttf</filename>
			<size>22</size>
		</font>
		<font>
			<name>font16</name>
			<filename>fallback/Roboto-Regular.ttf</filename>
			<size>25</size>
		</font>
		<font>
			<name>font30</name>
			<filename>fallback/Roboto-Regular.ttf</filename>
			<size>30</size>
		</font>
		<font>
			<name>fontContextMenu</name>
			<filename>fallback/Roboto-Regular.ttf</filename>
			<size>18</size>
		</font>
		<font>
			<name>font10_title</name>
			<filename>fallback/Roboto-Bold.ttf</filename>
			<size>12</size>
		</font>
		<font>
			<name>font12_title</name>
			<filename>fallback/Roboto-Bold.ttf</filename>
			<size>17</size>
		</font>
		<font>
			<name>font13_title</name>
			<filename>fallback/Roboto-Bold.ttf</filename>
			<size>20</size>
		</font>
		<font>
			<name>font24_title</name>
			<filename>fallback/Roboto-Bold.ttf</filename>
			<size>24</size>
		</font>
		<font>
			<name>font28_title</name>
			<filename>fallback/Roboto-Bold.ttf</filename>
			<size>28</size>
		</font>
		<font>
			<name>font30_title</name>
			<filename>fallback/Roboto-Bold.ttf</filename>
			<size>30</size>
		</font>
		<font>
			<name>font35_title</name>
			<filename>fallback/Roboto-Bold.ttf</filename>
			<size>35</size>
		</font>
		<font>
			<name>font_MainMenu</name>
			<filename>fallback/Roboto-Bold.ttf</filename>
			<size>40</size>
		</font>
	</fontset>
	<fontset id="Unicode">
		<!--regular-->
		<font>
			<name>regular</name>
			<filename>Arial.ttf</filename>
			<size>20</size>
		</font>
		<font>
			<name>regular-B</name>
			<filename>Arial.ttf</filename>
			<size>20</size>
			<style>bold</style>f
		</font>
		<font>
			<name>regular_Small</name>
			<filename>Arial.ttf</filename>
			<size>18</size>
		</font>
		<font>
			<name>regular_Small-U-B</name>
			<filename>Arial.ttf</filename>
			<size>18</size>
			<style>uppercase</style>
		</font>
		<font>
			<name>regular_Small-U</name>
			<filename>Arial.ttf</filename>
			<size>18</size>
			<style>uppercase</style>
		</font>
		<font>
			<name>regular_Big</name>
			<filename>Arial.ttf</filename>
			<size>22</size>
		</font>
		<font>
			<name>regular_Bigger</name>
			<filename>Arial.ttf</filename>
			<size>24</size>
		</font>
		<!--condensed-->
		<font>
			<name>condensed-U</name>
			<filename>Arial.ttf</filename>
			<size>20</size>
			<style>uppercase</style>
			<linespacing>1.1</linespacing>
		</font>
		<font>
			<name>condensed_Debug</name>
			<filename>Arial.ttf</filename>
			<size>14</size>
		</font>
		<font>
			<name>condensed_Home</name>
			<filename>Arial.ttf</filename>
			<size>34</size>
			<style>uppercase</style>
		</font>
		<font>
			<name>condensed_HomeSub</name>
			<filename>Arial.ttf</filename>
			<size>20</size>
			<style>uppercase</style>
		</font>
		<font>
			<name>condensed_HomeSmall</name>
			<filename>Arial.ttf</filename>
			<size>28</size>
			<style>uppercase</style>
		</font>
		<font>
			<name>condensed_HomeSubSmall</name>
			<filename>Arial.ttf</filename>
			<size>24</size>
			<style>uppercase</style>
		</font>
		<!--semibold-->
		<font>
			<name>semibold</name>
			<filename>Arial.ttf</filename>
			<size>20</size>
		</font>
		<font>
			<name>semibold-U</name>
			<filename>Arial.ttf</filename>
			<size>20</size>
			<style>uppercase</style>
		</font>
		<font>
			<name>semibold_Small</name>
			<filename>Arial.ttf</filename>
			<size>18</size>
		</font>
		<font>
			<name>semibold_Small-U</name>
			<filename>Arial.ttf</filename>
			<size>18</size>
			<style>uppercase</style>
		</font>
		<font>
			<name>semibold_Big</name>
			<filename>Arial.ttf</filename>
			<size>22</size>
		</font>
		<font>
			<name>semibold_Big-U</name>
			<filename>Arial.ttf</filename>
			<size>22</size>
			<style>uppercase</style>
		</font>
		<!--black-->
		<font>
			<name>black_Title</name>
			<filename>Arial.ttf</filename>
			<size>30</size>
			<style>uppercase</style>
		</font>
		<font>
			<name>black_Huge</name>
			<filename>Arial.ttf</filename>
			<size>36</size>
			<style>uppercase</style>
		</font>
		<!--light-->
		<font>
			<name>light_Menu</name>
			<filename>Arial.ttf</filename>
			<size>22</size>
		</font>
		<font>
			<name>light_Settings</name>
			<filename>Arial.ttf</filename>
			<size>24</size>
		</font>
		<font>
			<name>light_Home</name>
			<filename>Arial.ttf</filename>
			<size>26</size>
		</font>
		<font>
			<name>light_HomeSub</name>
			<filename>Arial.ttf</filename>
			<size>24</size>
		</font>
		<font>
			<name>light_ColumnHeader</name>
			<filename>Arial.ttf</filename>
			<size>28</size>
		</font>
		<font>
			<name>light_Dialog</name>
			<filename>Arial.ttf</filename>
			<size>30</size>
		</font>
		<font>
			<name>light_Category</name>
			<filename>Arial.ttf</filename>
			<size>32</size>
		</font>
		<font>
			<name>light_Header</name>
			<filename>Arial.ttf</filename>
			<size>38</size>
		</font>
		<font>
			<name>light_Window</name>
			<filename>Arial.ttf</filename>
			<size>48</size>
			<style>lowercase</style>
		</font>
		<!--confluence fonts for add-on compatibility-->
		<font>
			<name>font10</name>
			<filename>Arial.ttf</filename>
			<size>14</size>
		</font>
		<font>
			<name>font12</name>
			<filename>Arial.ttf</filename>
			<size>17</size>
		</font>
		<font>
			<name>font13</name>
			<filename>Arial.ttf</filename>
			<size>20</size>
		</font>
		<font>
			<name>font14</name>
			<filename>Arial.ttf</filename>
			<size>22</size>
		</font>
		<font>
			<name>font16</name>
			<filename>Arial.ttf</filename>
			<size>25</size>
		</font>
		<font>
			<name>font30</name>
			<filename>Arial.ttf</filename>
			<size>30</size>
		</font>
		<font>
			<name>fontContextMenu</name>
			<filename>Arial.ttf</filename>
			<size>18</size>
		</font>
		<font>
			<name>font10_title</name>
			<filename>Arial.ttf</filename>
			<size>12</size>
		</font>
		<font>
			<name>font12_title</name>
			<filename>Arial.ttf</filename>
			<size>17</size>
		</font>
		<font>
			<name>font13_title</name>
			<filename>Arial.ttf</filename>
			<size>20</size>
		</font>
		<font>
			<name>font24_title</name>
			<filename>Arial.ttf</filename>
			<size>24</size>
		</font>
		<font>
			<name>font28_title</name>
			<filename>Arial.ttf</filename>
			<size>28</size>
		</font>
		<font>
			<name>font30_title</name>
			<filename>Arial.ttf</filename>
			<size>30</size>
		</font>
		<font>
			<name>font35_title</name>
			<filename>Arial.ttf</filename>
			<size>35</size>
		</font>
		<font>
			<name>font_MainMenu</name>
			<filename>Arial.ttf</filename>
			<size>40</size>
		</font>
	</fontset>
</fonts>
