<?xml version="1.0" encoding="utf-8"?>
<window>
	<defaultcontrol>5</defaultcontrol>
	<include>transition_Dialog</include>
	<coordinates>
		<system>1</system>
		<left>315</left>
		<top>127</top>
	</coordinates>
	<controls>
		<control type="group">
			<width>650</width>
			<height>465</height>
			<control type="image">
				<width>650</width>
				<height>465</height>
				<include>dialog_Window</include>
			</control>
			<control type="label" id="2">
				<label>$LOCALIZE[20066]</label>
				<width>642</width>
				<include>dialog_Windowtitle</include>
			</control>
			<control type="group">
				<left>4</left>
				<top>60</top>
				<control type="image">
					<width>642</width>
					<include>dialog_Separator</include>
				</control>
				<control type="spincontrol" id="60">
					<visible>false</visible>
				</control>
				<!--control area-->
				<control type="grouplist" id="5">
					<width>642</width>
					<height>320</height>
					<itemgap>0</itemgap>
					<pagecontrol>60</pagecontrol>
					<onleft>29</onleft>
					<onright>28</onright>
					<onup>5</onup>
					<ondown>9001</ondown>
				</control>
			</control>
			<!--defaults-->
			<control type="button" id="7">
				<include>dialog_ControlCommons</include>
			</control>
			<control type="radiobutton" id="8">
				<include>dialog_ControlCommons</include>
				<include>dialog_Radio</include>
			</control>
			<control type="spincontrolex" id="9">
				<include>dialog_Spin</include>
				<include>dialog_ControlCommons</include>
			</control>
			<!--dialog buttons-->
			<control type="grouplist" id="9001">
				<right>20</right>
				<bottom>20</bottom>
				<width>254</width>
				<height>40</height>
				<onup>5</onup>
				<itemgap>10</itemgap>
				<orientation>horizontal</orientation>
				<!--ok-->
				<control type="button" id="28">
					<label>$LOCALIZE[186]</label>
					<include>dialog_WindowButton</include>
				</control>
				<!--clear-->
				<control type="button" id="29">
					<label>$LOCALIZE[222]</label>
					<include>dialog_WindowButton</include>
				</control>
			</control>
		</control>
	</controls>
</window>
