<?xml version="1.0" encoding="utf-8"?>
<window>
	<defaultcontrol always="true">50</defaultcontrol>
	<allowoverlay>yes</allowoverlay>
	<views>50,572</views>
	<controls>
		<!--global includes-->
		<include>global_Background</include>
		<include>global_Includes</include>
		<include>global_MenuGuide</include>
		<include>windowTitle_Music</include>
		<include>PageControls</include>
		<!--view includes-->
		<include>view_List</include>
		<include>view_IconSquare</include>
		<!--detail includes-->
		<include>detail_ListMusic</include>
		<!--menu-->
		<include>menu_Files</include>
	</controls>
</window>
