<?xml version="1.0" encoding="utf-8"?>
<window>
	<defaultcontrol always="true">50</defaultcontrol>
	<allowoverlay>yes</allowoverlay>
	<views>50,522,572,574,58</views>
	<controls>
		<!--global includes-->
		<include>global_Background</include>
		<include>global_Includes</include>
		<include>global_MenuGuide</include>
		<include>windowTitle_Programs</include>
		<include>PageControls</include>
		<!--view includes-->
		<include>view_List</include>
		<!--50-->
		<include>view_SlideSquare</include>
		<!--522-->
		<include>view_IconSquare</include>
		<!--572-->
		<include>view_IconSquareSmall</include>
		<!--574-->
		<include>view_Tiles</include>
		<!--58-->
		<!--detail includes-->
		<include>detail_ListFiles</include>
		<include>detail_Slide</include>
		<!--menu-->
		<include>menu_Files</include>
	</controls>
</window>
