<?xml version="1.0" encoding="utf-8"?>
<window>
	<defaultcontrol>50</defaultcontrol>
	<allowoverlay>yes</allowoverlay>
	<views>50</views>
	<controls>
		<!--GLOBAL-->
		<include>global_Background</include>
		<include>global_Clock</include>
		<include>global_Itemcount</include>
		<include>windowTitle_PVR</include>
		<include>PageControls</include>
		<!--view includes-->
		<include>view_List</include>
		<!--50-->
		<!--fullscreen trigger-->
		<control type="button" id="99">
			<onleft>50</onleft>
			<onright condition="Control.IsVisible(70)">70</onright>
			<width>100</width>
			<onclick>ActivateWindow(fullscreenvideo)</onclick>
			<visible allowhiddenfocus="Player.HasVideo">false</visible>
		</control>
		<!--menu-->
		<include>menu_TV</include>
		<!--player mini window-->
		<include>player_Preview</include>
	</controls>
</window>
