<?xml version="1.0" encoding="utf-8"?>
<window>
	<defaultcontrol always="true">10</defaultcontrol>
	<allowoverlay>no</allowoverlay>
	<views>10,11,12,13</views>
	<controls>
		<!--global includes-->
		<include>global_Background</include>
		<include>global_Clock</include>
		<include>global_Itemcount</include>
		<include>windowTitle_PVR</include>
		<include>PageControls</include>
		<!--view includes-->
		<control type="group" id="50">
			<include>transition_Content</include>
			<include>view_Guide-timeline</include>
			<include>view_Guide-now</include>
			<include>view_Guide-next</include>
			<include>view_Guide-channels</include>
		</control>
		<!--info includes-->
		<include>detail_PVR</include>
		<!--menu-->
		<!-- <include>menu_TV</include> -->
	</controls>
</window>
