<?xml version="1.0" encoding="utf-8"?>
<window>
	<defaultcontrol always="true">50</defaultcontrol>
	<allowoverlay>no</allowoverlay>
	<controls>
		<!--global includes-->
		<include>global_Background</include>
		<include>global_Includes</include>
		<include>windowTitle_Playlists</include>
		<include>global_MenuGuide</include>
		<include>PageControls</include>
		<!--view includes-->
		<include>view_List</include>
		<!--fullscreen trigger-->
		<control type="button" id="99">
			<onleft>50</onleft>
			<onright condition="Control.IsVisible(70)">70</onright>
			<width>100</width>
			<onclick>ActivateWindow(fullscreenvideo)</onclick>
			<visible allowhiddenfocus="Player.HasVideo">false</visible>
		</control>
		<!--player mini window-->
		<include>player_Preview</include>
		<!--menu-->
		<include>menu_Playlist</include>
	</controls>
</window>
