<?xml version="1.0" encoding="utf-8"?>
<window>
	<defaultcontrol always="true">11</defaultcontrol>
	<include>transition_Dialog</include>
	<coordinates>
		<system>1</system>
		<left>290</left>
		<top>140</top>
	</coordinates>
	<include>clock</include>
	<controls>
		<control type="group">
			<control type="image">
				<width>700</width>
				<height>440</height>
				<include>dialog_Window</include>
			</control>
			<control type="label" id="1">
				<width>692</width>
				<scroll>true</scroll>
				<label>$INFO[VideoPlayer.ChannelName]</label>
				<include>dialog_Windowtitle</include>
				<visible>pvr.IsPlayingTV</visible>
			</control>
			<control type="label" id="1">
				<left>4</left>
				<top>55</top>
				<width>692</width>
				<label>$INFO[Container(11).ListItem.StartDate]</label>
				<include>dialog_Header</include>
				<include>dialog_ControlCommons</include>
			</control>
			<control type="image">
				<left>4</left>
				<top>55</top>
				<width>692</width>
				<include>dialog_Separator</include>
			</control>
			<control type="image">
				<left>4</left>
				<top>95</top>
				<width>692</width>
				<include>dialog_SectionSeparator</include>
			</control>
			<control type="image">
				<left>118</left>
				<top>96</top>
				<height>318</height>
				<include>dialog_Separator-y</include>
			</control>
			<control type="list" id="11">
				<left>4</left>
				<top>95</top>
				<width>692</width>
				<height>320</height>
				<onleft>5</onleft>
				<onright>5</onright>
				<onup>3</onup>
				<ondown>3</ondown>
				<include>global_ListScroll</include>
				<itemlayout width="692" height="40">
					<control type="image">
						<width>692</width>
						<include>dialog_CommonList</include>
					</control>
					<control type="label">
						<width>128</width>
						<label>$INFO[ListItem.StartTime]</label>
						<include>dialog_CommonListItem</include>
					</control>
					<control type="label">
						<left>130</left>
						<width>500</width>
						<label>$INFO[ListItem.Title]</label>
						<include>dialog_CommonListItem</include>
					</control>
					<control type="group">
						<right>10</right>
						<top>7</top>
						<width>26</width>
						<height>26</height>
						<control type="image">
							<width>26</width>
							<height>26</height>
							<colordiffuse>Color4</colordiffuse>
							<texture>pvr/status/none-nf.png</texture>
							<visible>!ListItem.HasTimer + !ListItem.IsRecording</visible>
						</control>
						<control type="image">
							<width>26</width>
							<height>26</height>
							<texture>pvr/status/enabled.png</texture>
							<colordiffuse>rec2</colordiffuse>
							<visible>ListItem.HasTimer + !ListItem.IsRecording</visible>
						</control>
						<control type="image">
							<width>26</width>
							<height>26</height>
							<texture>pvr/status/enabled.png</texture>
							<colordiffuse>Color4</colordiffuse>
							<visible>ListItem.HasTimer</visible>
						</control>
					</control>
				</itemlayout>
				<focusedlayout width="692" height="40">
					<control type="image">
						<width>692</width>
						<height>40</height>
						<include>dialog_CommonListFocus</include>
					</control>
					<control type="label">
						<width>128</width>
						<label>$INFO[ListItem.StartTime]</label>
						<include>dialog_CommonListItemFocus</include>
					</control>
					<control type="label">
						<left>130</left>
						<width>500</width>
						<label>$INFO[ListItem.Title]</label>
						<include>dialog_CommonListItemFocus</include>
					</control>
					<control type="group">
						<right>10</right>
						<top>7</top>
						<width>26</width>
						<height>26</height>
						<control type="image">
							<width>26</width>
							<height>26</height>
							<colordiffuse>Color1</colordiffuse>
							<texture>pvr/status/none-nf.png</texture>
							<visible>!ListItem.HasTimer + !ListItem.IsRecording</visible>
						</control>
						<control type="image">
							<width>26</width>
							<height>26</height>
							<texture>pvr/status/enabled.png</texture>
							<colordiffuse>rec1</colordiffuse>
							<visible>ListItem.HasTimer + !ListItem.IsRecording</visible>
						</control>
						<control type="image">
							<width>26</width>
							<height>26</height>
							<texture>pvr/status/enabled.png</texture>
							<colordiffuse>Color1</colordiffuse>
							<visible>ListItem.HasTimer</visible>
						</control>
					</control>
				</focusedlayout>
			</control>
			<control type="scrollbar" id="60">
				<visible>false</visible>
			</control>
			<control type="label">
				<visible>false</visible>
			</control>
		</control>
	</controls>
</window>
