<?xml version="1.0" encoding="utf-8"?>
<window>
	<defaultcontrol>1000</defaultcontrol>
	<include>transition_Dialog</include>
	<coordinates>
		<system>1</system>
		<left>0</left>
		<top>0</top>
		<origin x="485" y="200" />
	</coordinates>
	<controls>
		<control type="image" id="999">
			<width>310</width>
			<height>536</height>
			<include>dialog_Menu</include>
		</control>
		<control type="image">
			<left>4</left>
			<top>18</top>
			<width>302</width>
			<include>dialog_Separator</include>
		</control>
		<control type="grouplist" id="996">
			<left>4</left>
			<top>18</top>
			<width>302</width>
			<height min="40" max="500">auto</height>
			<itemgap>0</itemgap>
			<!-- <control type="button" id="997">
				<width>302</width>
				<label>$LOCALIZE[20410]</label>
				<onclick>PlayMedia($ESCINFO[ListItem.Trailer])</onclick>
				<include>dialog_ControlCommons</include>
				<visible>Container.Content(movies) + !IsEmpty(ListItem.Trailer)</visible>
			</control> -->
			<!--videoextras-->
			<!-- 	<control type="button" id="100">
				<width>302</width>
				<label>Bonus Features</label>
				<onclick>XBMC.RunScript(script.videoextras,display,"$INFO[ListItem.FilenameAndPath]")</onclick>
				<visible>System.HasAddon(script.videoextras)</visible>
				<include>dialog_ControlCommons</include>		
				</control> -->
			<!--Kodi inserts buttons-->
			<control type="button" id="1000">
				<left>9</left>
				<width>335</width>
				<include>dialog_ControlCommons</include>
			</control>
		</control>
	</controls>
</window>
