<?xml version="1.0" encoding="UTF-8"?>
<window id="2600">
	<defaultcontrol always="true">50</defaultcontrol>
	<allowoverlay>no</allowoverlay>
	<onload condition="SubString(Window(Weather).Property(Current.ConditionIcon),na) | [IsEmpty(Window(Weather).Property(Current.Condition)) | IsEmpty(Window(Weather).Property(Location))] + IsEmpty(Control.GetLabel(3))">ActivateWindow(1110)</onload>
	<onload condition="IsEmpty(Skin.String(WeatherExtended))">Skin.SetString(WeatherExtended,1)</onload>
	<controls>
		<!--trigger button-->
		<control type="button" id="50">
			<label>-</label>
			<onleft>SetFocus(6000)</onleft>
			<visible allowhiddenfocus="true">false</visible>
		</control>
		<!--backgrounds-->
		<control type="multiimage">
			<imagepath background="true">$INFO[Skin.String(fanart.weather.path)]/$INFO[Weather.FanartCode]</imagepath>
			<include>transition_Content</include>
			<include>toggle_Menu</include>
			<visible>Skin.HasSetting(fanart.weather) + !IsEmpty(Skin.String(fanart.weather.path))</visible>
		</control>
		<include>global_Background</include>
		<!--global includes-->
		<include>global_MenuGuide</include>
		<control type="group">
			<include>toggle_Menu</include>
			<include>transition_Content</include>
			<include>WeatherTopInfo</include>
			<include>WeatherDefault</include>
		</control>
		<control type="button" id="3">
			<description>Location</description>
			<visible>false</visible>
		</control>
		<control type="grouplist">
			<include>toggle_Menu</include>
			<include>transition_Content</include>
			<left>45</left>
			<top>25</top>
			<height>70</height>
			<width>1000</width>
			<align>left</align>
			<itemgap>20</itemgap>
			<orientation>horizontal</orientation>
			<visible>![IsEmpty(Window(Weather).Property(Current.Condition)) | IsEmpty(Window(Weather).Property(Location))] + !IsEmpty(Control.GetLabel(3)) + !SubString(Window(Weather).Property(Current.ConditionIcon),na)</visible>
			<control type="label">
				<include>TopBigLabel</include>
				<label fallback="8">$INFO[Window.Property(Location)]</label>
			</control>
			<control type="label">
				<include>TopZoomedSmallLabel</include>
				<label>$LOCALIZE[31277]</label>
			</control>
		</control>
	</controls>
</window>
