<?xml version="1.0" encoding="utf-8"?>
<window>
	<defaultcontrol>9000</defaultcontrol>
	<controls>
		<!--fanart-->
		<control type="group">
			<include>transition_Background</include>
			<visible>!Skin.HasSetting(fanart.global)</visible>
			<control type="image">
				<include>screen_Dimensions</include>
				<texture background="true">$INFO[Container(200).ListItem.Property(Art(fanart))]</texture>
				<fadetime>fadetime_Fanart</fadetime>
				<include>fadeinout</include>
				<visible>StringCompare(Window(Home).Property(tvguide),yesterday)</visible>
			</control>
			<control type="image">
				<include>screen_Dimensions</include>
				<texture background="true">$INFO[Container(201).ListItem.Property(Art(fanart))]</texture>
				<fadetime>fadetime_Fanart</fadetime>
				<include>fadeinout</include>
				<visible>StringCompare(Window(Home).Property(tvguide),today)</visible>
			</control>
			<control type="image">
				<include>screen_Dimensions</include>
				<texture background="true">$INFO[Container(202).ListItem.Property(Art(fanart))]</texture>
				<fadetime>fadetime_Fanart</fadetime>
				<include>fadeinout</include>
				<visible>StringCompare(Window(Home).Property(tvguide),tomorrow)</visible>
			</control>
			<control type="image">
				<include>screen_Dimensions</include>
				<texture background="true">$INFO[Container(203).ListItem.Property(Art(fanart))]</texture>
				<fadetime>fadetime_Fanart</fadetime>
				<include>fadeinout</include>
				<visible>StringCompare(Window(Home).Property(tvguide),nplus2)</visible>
			</control>
			<control type="image">
				<include>screen_Dimensions</include>
				<texture background="true">$INFO[Container(204).ListItem.Property(Art(fanart))]</texture>
				<fadetime>fadetime_Fanart</fadetime>
				<include>fadeinout</include>
				<visible>StringCompare(Window(Home).Property(tvguide),nplus3)</visible>
			</control>
			<control type="image">
				<include>screen_Dimensions</include>
				<texture background="true">$INFO[Container(205).ListItem.Property(Art(fanart))]</texture>
				<fadetime>fadetime_Fanart</fadetime>
				<include>fadeinout</include>
				<visible>StringCompare(Window(Home).Property(tvguide),nplus4)</visible>
			</control>
			<control type="image">
				<include>screen_Dimensions</include>
				<texture background="true">$INFO[Container(206).ListItem.Property(Art(fanart))]</texture>
				<fadetime>fadetime_Fanart</fadetime>
				<include>fadeinout</include>
				<visible>StringCompare(Window(Home).Property(tvguide),nplus5)</visible>
			</control>
			<control type="image">
				<include>screen_Dimensions</include>
				<texture background="true">$INFO[Container(207).ListItem.Property(Art(fanart))]</texture>
				<fadetime>fadetime_Fanart</fadetime>
				<include>fadeinout</include>
				<visible>StringCompare(Window(Home).Property(tvguide),nplus6)</visible>
			</control>
			<control type="image">
				<include>screen_Dimensions</include>
				<texture background="true">$INFO[Container(208).ListItem.Property(Art(fanart))]</texture>
				<fadetime>fadetime_Fanart</fadetime>
				<include>fadeinout</include>
				<visible>StringCompare(Window(Home).Property(tvguide),nplus7)</visible>
			</control>
			<control type="image">
				<include>screen_Dimensions</include>
				<texture background="true">$INFO[Container(209).ListItem.Property(Art(fanart))]</texture>
				<fadetime>fadetime_Fanart</fadetime>
				<include>fadeinout</include>
				<visible>StringCompare(Window(Home).Property(tvguide),nplus8)</visible>
			</control>
			<control type="image">
				<include>screen_Dimensions</include>
				<texture background="true">$INFO[Container(210).ListItem.Property(Art(fanart))]</texture>
				<fadetime>fadetime_Fanart</fadetime>
				<include>fadeinout</include>
				<visible>StringCompare(Window(Home).Property(tvguide),nplus9)</visible>
			</control>
			<control type="image">
				<include>screen_Dimensions</include>
				<texture background="true">$INFO[Container(211).ListItem.Property(Art(fanart))]</texture>
				<fadetime>fadetime_Fanart</fadetime>
				<include>fadeinout</include>
				<visible>StringCompare(Window(Home).Property(tvguide),nplus10)</visible>
			</control>
			<control type="image">
				<include>screen_Dimensions</include>
				<texture background="true">$INFO[Container(212).ListItem.Property(Art(fanart))]</texture>
				<fadetime>fadetime_Fanart</fadetime>
				<include>fadeinout</include>
				<visible>StringCompare(Window(Home).Property(tvguide),nplus11)</visible>
			</control>
			<control type="image">
				<include>screen_Dimensions</include>
				<texture background="true">$INFO[Container(213).ListItem.Property(Art(fanart))]</texture>
				<fadetime>fadetime_Fanart</fadetime>
				<include>fadeinout</include>
				<visible>StringCompare(Window(Home).Property(tvguide),nplus12)</visible>
			</control>
			<control type="image">
				<include>screen_Dimensions</include>
				<texture background="true">$INFO[Container(214).ListItem.Property(Art(fanart))]</texture>
				<fadetime>fadetime_Fanart</fadetime>
				<include>fadeinout</include>
				<visible>StringCompare(Window(Home).Property(tvguide),nplus13)</visible>
			</control>
			<control type="image">
				<include>screen_Dimensions</include>
				<texture background="true">$INFO[Container(215).ListItem.Property(Art(fanart))]</texture>
				<fadetime>fadetime_Fanart</fadetime>
				<include>fadeinout</include>
				<visible>StringCompare(Window(Home).Property(tvguide),nplus14)</visible>
			</control>
		</control>
		<!--global includes-->
		<include>global_Background</include>
		<include>global_Includes</include>
		<!--window title-->
		<control type="label">
			<left>34</left>
			<label>$LOCALIZE[31606]</label>
			<include>windowTitle</include>
		</control>
		<!--content-->
		<control type="group">
			<include>transition_Content</include>
			<!--day label-->
			<control type="label">
				<left>362</left>
				<top>65</top>
				<width>550</width>
				<label>$VAR[nextaired_Header]</label>
				<include>column_Header</include>
			</control>
			<!--day list-->
			<control type="grouplist" id="9000">
				<left>40</left>
				<top>98</top>
				<width>300</width>
				<height>600</height>
				<itemgap>2</itemgap>
				<control type="group">
					<height>44</height>
					<control type="button" id="9001">
						<label>$INFO[Window(home).Property(NextAired.YesterdayText)]</label>
						<label2>$INFO[Container(200).NumItems]</label2>
						<onfocus>SetProperty(tvguide,yesterday,Home)</onfocus>
						<onright>SetFocus(200)</onright>
						<onup>9016</onup>
						<ondown>9002</ondown>
						<include>settings_Menu</include>
						<enable>IntegerGreaterThan(Container(200).NumItems,0)</enable>
					</control>
					<visible>!StringCompare(Window(Home).Property(NextAired.200.Wday),)</visible>
				</control>
				<control type="group">
					<height>44</height>
					<control type="button" id="9002">
						<label>$INFO[Window(home).Property(NextAired.TodayText)]</label>
						<label2>$INFO[Container(201).NumItems]</label2>
						<onfocus>SetProperty(tvguide,today,Home)</onfocus>
						<onright>SetFocus(201)</onright>
						<onup>9001</onup>
						<ondown>9003</ondown>
						<include>settings_Menu</include>
						<enable>IntegerGreaterThan(Container(201).NumItems,0)</enable>
					</control>
				</control>
				<control type="group">
					<height>44</height>
					<control type="button" id="9003">
						<label>$INFO[Window(home).Property(NextAired.TomorrowText)]</label>
						<label2>$INFO[Container(202).NumItems]</label2>
						<onfocus>SetProperty(tvguide,tomorrow,Home)</onfocus>
						<onright>SetFocus(202)</onright>
						<onup>9002</onup>
						<ondown>9004</ondown>
						<include>settings_Menu</include>
						<enable>IntegerGreaterThan(Container(202).NumItems,0)</enable>
					</control>
				</control>
				<control type="group">
					<height>44</height>
					<control type="button" id="9004">
						<label>$INFO[Window(home).Property(NextAired.203.Weekday)]</label>
						<label2>$INFO[Container(203).NumItems]</label2>
						<onfocus>SetProperty(tvguide,nplus2,Home)</onfocus>
						<onright>SetFocus(203)</onright>
						<onup>9003</onup>
						<ondown>9005</ondown>
						<include>settings_Menu</include>
						<enable>IntegerGreaterThan(Container(203).NumItems,0)</enable>
					</control>
				</control>
				<control type="group">
					<height>44</height>
					<control type="button" id="9005">
						<label>$INFO[Window(home).Property(NextAired.204.Weekday)]</label>
						<label2>$INFO[Container(204).NumItems]</label2>
						<onfocus>SetProperty(tvguide,nplus3,Home)</onfocus>
						<onright>SetFocus(204)</onright>
						<onup>9004</onup>
						<ondown>9006</ondown>
						<include>settings_Menu</include>
						<enable>IntegerGreaterThan(Container(204).NumItems,0)</enable>
					</control>
				</control>
				<control type="group">
					<height>44</height>
					<control type="button" id="9006">
						<label>$INFO[Window(home).Property(NextAired.205.Weekday)]</label>
						<label2>$INFO[Container(205).NumItems]</label2>
						<onfocus>SetProperty(tvguide,nplus4,Home)</onfocus>
						<onright>SetFocus(205)</onright>
						<onup>9005</onup>
						<ondown>9007</ondown>
						<include>settings_Menu</include>
						<enable>IntegerGreaterThan(Container(205).NumItems,0)</enable>
					</control>
				</control>
				<control type="group">
					<height>44</height>
					<control type="button" id="9007">
						<label>$INFO[Window(home).Property(NextAired.206.Weekday)]</label>
						<label2>$INFO[Container(206).NumItems]</label2>
						<onfocus>SetProperty(tvguide,nplus5,Home)</onfocus>
						<onright>SetFocus(206)</onright>
						<onup>9006</onup>
						<ondown>9008</ondown>
						<include>settings_Menu</include>
						<enable>IntegerGreaterThan(Container(206).NumItems,0)</enable>
					</control>
				</control>
				<control type="group">
					<height>44</height>
					<control type="button" id="9008">
						<label>$INFO[Window(home).Property(NextAired.207.Weekday)]</label>
						<label2>$INFO[Container(207).NumItems]</label2>
						<onfocus>SetProperty(tvguide,nplus6,Home)</onfocus>
						<onright>SetFocus(207)</onright>
						<onup>9007</onup>
						<ondown>9009</ondown>
						<include>settings_Menu</include>
						<enable>IntegerGreaterThan(Container(207).NumItems,0)</enable>
					</control>
				</control>
				<control type="group">
					<height>44</height>
					<control type="button" id="9009">
						<label>$INFO[Window(home).Property(NextAired.208.Weekday)]</label>
						<label2>$INFO[Container(208).NumItems]</label2>
						<onfocus>SetProperty(tvguide,nplus7,Home)</onfocus>
						<onright>SetFocus(208)</onright>
						<onup>9008</onup>
						<ondown>9010</ondown>
						<include>settings_Menu</include>
						<enable>IntegerGreaterThan(Container(208).NumItems,0)</enable>
					</control>
					<visible>!StringCompare(Window(Home).Property(NextAired.208.Wday),)</visible>
				</control>
				<control type="group">
					<height>44</height>
					<control type="button" id="9010">
						<label>$INFO[Window(home).Property(NextAired.209.Weekday)]</label>
						<label2>$INFO[Container(209).NumItems]</label2>
						<onfocus>SetProperty(tvguide,nplus8,Home)</onfocus>
						<onright>SetFocus(209)</onright>
						<onup>9009</onup>
						<ondown>9011</ondown>
						<include>settings_Menu</include>
						<enable>IntegerGreaterThan(Container(209).NumItems,0)</enable>
					</control>
					<visible>!StringCompare(Window(Home).Property(NextAired.209.Wday),)</visible>
				</control>
				<control type="group">
					<height>44</height>
					<control type="button" id="9011">
						<label>$INFO[Window(home).Property(NextAired.210.Weekday)] $INFO[Window(home).Property(NextAired.210.Date)]</label>
						<label2>$INFO[Container(210).NumItems]</label2>
						<onfocus>SetProperty(tvguide,nplus9,Home)</onfocus>
						<onright>SetFocus(210)</onright>
						<onup>9010</onup>
						<ondown>9012</ondown>
						<include>settings_Menu</include>
						<enable>IntegerGreaterThan(Container(210).NumItems,0)</enable>
					</control>
					<visible>!StringCompare(Window(Home).Property(NextAired.210.Wday),)</visible>
				</control>
				<control type="group">
					<height>44</height>
					<control type="button" id="9012">
						<label>$INFO[Window(home).Property(NextAired.211.Weekday)] $INFO[Window(home).Property(NextAired.211.Date)]</label>
						<label2>$INFO[Container(211).NumItems]</label2>
						<onfocus>SetProperty(tvguide,nplus10,Home)</onfocus>
						<onright>SetFocus(211)</onright>
						<onup>9011</onup>
						<ondown>9013</ondown>
						<include>settings_Menu</include>
						<enable>IntegerGreaterThan(Container(211).NumItems,0)</enable>
					</control>
					<visible>!StringCompare(Window(Home).Property(NextAired.211.Wday),)</visible>
				</control>
				<control type="group">
					<height>44</height>
					<control type="button" id="9013">
						<label>$INFO[Window(home).Property(NextAired.212.Weekday)] $INFO[Window(home).Property(NextAired.212.Date)]</label>
						<label2>$INFO[Container(212).NumItems]</label2>
						<onfocus>SetProperty(tvguide,nplus11,Home)</onfocus>
						<onright>SetFocus(212)</onright>
						<onup>9012</onup>
						<ondown>9014</ondown>
						<include>settings_Menu</include>
						<enable>IntegerGreaterThan(Container(212).NumItems,0)</enable>
					</control>
					<visible>!StringCompare(Window(Home).Property(NextAired.212.Wday),)</visible>
				</control>
				<control type="group">
					<height>44</height>
					<control type="button" id="9014">
						<label>$INFO[Window(home).Property(NextAired.213.Weekday)] $INFO[Window(home).Property(NextAired.213.Date)]</label>
						<label2>$INFO[Container(213).NumItems]</label2>
						<onfocus>SetProperty(tvguide,nplus12,Home)</onfocus>
						<onright>SetFocus(213)</onright>
						<onup>9013</onup>
						<ondown>9015</ondown>
						<include>settings_Menu</include>
						<enable>IntegerGreaterThan(Container(213).NumItems,0)</enable>
					</control>
					<visible>!StringCompare(Window(Home).Property(NextAired.213.Wday),)</visible>
				</control>
				<control type="group">
					<height>44</height>
					<control type="button" id="9015">
						<label>$INFO[Window(home).Property(NextAired.214.Weekday)] $INFO[Window(home).Property(NextAired.214.Date)]</label>
						<label2>$INFO[Container(214).NumItems]</label2>
						<onfocus>SetProperty(tvguide,nplus13,Home)</onfocus>
						<onright>SetFocus(214)</onright>
						<onup>9014</onup>
						<ondown>9016</ondown>
						<include>settings_Menu</include>
						<enable>IntegerGreaterThan(Container(214).NumItems,0)</enable>
					</control>
					<visible>!StringCompare(Window(Home).Property(NextAired.214.Wday),)</visible>
				</control>
				<control type="group">
					<height>44</height>
					<control type="button" id="9016">
						<label>$INFO[Window(home).Property(NextAired.215.Weekday)] $INFO[Window(home).Property(NextAired.215.Date)]</label>
						<label2>$INFO[Container(215).NumItems]</label2>
						<onfocus>SetProperty(tvguide,nplus14,Home)</onfocus>
						<onright>SetFocus(215)</onright>
						<onup>9015</onup>
						<ondown>9001</ondown>
						<include>settings_Menu</include>
						<enable>IntegerGreaterThan(Container(215).NumItems,0)</enable>
					</control>
					<visible>!StringCompare(Window(Home).Property(NextAired.215.Wday),)</visible>
				</control>
			</control>
			<!--results list-->
			<control type="group" id="199">
				<left>360</left>
				<top>98</top>
				<control type="list" id="200">
					<width>880</width>
					<height>600</height>
					<onup>200</onup>
					<ondown>200</ondown>
					<onleft>9000</onleft>
					<onright>70</onright>
					<pagecontrol>70</pagecontrol>
					<orientation>vertical</orientation>
					<include>fadeinout</include>
					<include>TVGuideLayout</include>
					<visible>StringCompare(Window(Home).Property(tvguide),yesterday) + IntegerGreaterThan(Container(200).NumItems,0)</visible>
				</control>
				<control type="list" id="201">
					<width>880</width>
					<height>600</height>
					<onup>201</onup>
					<ondown>201</ondown>
					<onleft>9000</onleft>
					<onright>70</onright>
					<include>fadeinout</include>
					<include>TVGuideLayout</include>
					<visible>StringCompare(Window(Home).Property(tvguide),today) + IntegerGreaterThan(Container(201).NumItems,0)</visible>
				</control>
				<control type="list" id="202">
					<width>880</width>
					<height>600</height>
					<onup>202</onup>
					<ondown>202</ondown>
					<onleft>9000</onleft>
					<onright>70</onright>
					<include>fadeinout</include>
					<include>TVGuideLayout</include>
					<visible>StringCompare(Window(Home).Property(tvguide),tomorrow) + IntegerGreaterThan(Container(202).NumItems,0)</visible>
				</control>
				<control type="list" id="203">
					<width>880</width>
					<height>600</height>
					<onup>203</onup>
					<ondown>203</ondown>
					<onleft>9000</onleft>
					<onright>70</onright>
					<include>fadeinout</include>
					<include>TVGuideLayout</include>
					<visible>StringCompare(Window(Home).Property(tvguide),nplus2) + IntegerGreaterThan(Container(203).NumItems,0)</visible>
				</control>
				<control type="list" id="204">
					<width>880</width>
					<height>600</height>
					<onup>204</onup>
					<ondown>204</ondown>
					<onleft>9000</onleft>
					<onright>70</onright>
					<include>fadeinout</include>
					<include>TVGuideLayout</include>
					<visible>StringCompare(Window(Home).Property(tvguide),nplus3) + IntegerGreaterThan(Container(204).NumItems,0)</visible>
				</control>
				<control type="list" id="205">
					<width>880</width>
					<height>600</height>
					<onup>205</onup>
					<ondown>205</ondown>
					<onleft>9000</onleft>
					<onright>70</onright>
					<include>fadeinout</include>
					<include>TVGuideLayout</include>
					<visible>StringCompare(Window(Home).Property(tvguide),nplus4) + IntegerGreaterThan(Container(205).NumItems,0)</visible>
				</control>
				<control type="list" id="206">
					<width>880</width>
					<height>600</height>
					<onup>206</onup>
					<ondown>206</ondown>
					<onleft>9000</onleft>
					<onright>70</onright>
					<include>fadeinout</include>
					<include>TVGuideLayout</include>
					<visible>StringCompare(Window(Home).Property(tvguide),nplus5) + IntegerGreaterThan(Container(206).NumItems,0)</visible>
				</control>
				<control type="list" id="207">
					<width>880</width>
					<height>600</height>
					<onup>207</onup>
					<ondown>207</ondown>
					<onleft>9000</onleft>
					<onright>70</onright>
					<include>fadeinout</include>
					<include>TVGuideLayout</include>
					<visible>StringCompare(Window(Home).Property(tvguide),nplus6) + IntegerGreaterThan(Container(207).NumItems,0)</visible>
				</control>
				<control type="list" id="208">
					<width>880</width>
					<height>600</height>
					<onup>208</onup>
					<ondown>208</ondown>
					<onleft>9000</onleft>
					<onright>70</onright>
					<include>fadeinout</include>
					<include>TVGuideLayout</include>
					<visible>StringCompare(Window(Home).Property(tvguide),nplus7) + IntegerGreaterThan(Container(208).NumItems,0)</visible>
				</control>
				<control type="list" id="209">
					<width>880</width>
					<height>600</height>
					<onup>209</onup>
					<ondown>209</ondown>
					<onleft>9000</onleft>
					<onright>70</onright>
					<include>fadeinout</include>
					<include>TVGuideLayout</include>
					<visible>StringCompare(Window(Home).Property(tvguide),nplus8) + IntegerGreaterThan(Container(209).NumItems,0)</visible>
				</control>
				<control type="list" id="210">
					<width>880</width>
					<height>600</height>
					<onup>210</onup>
					<ondown>210</ondown>
					<onleft>9000</onleft>
					<onright>70</onright>
					<include>fadeinout</include>
					<include>TVGuideLayout</include>
					<visible>StringCompare(Window(Home).Property(tvguide),nplus9) + IntegerGreaterThan(Container(210).NumItems,0)</visible>
				</control>
				<control type="list" id="211">
					<width>880</width>
					<height>600</height>
					<onup>211</onup>
					<ondown>211</ondown>
					<onleft>9000</onleft>
					<onright>70</onright>
					<include>fadeinout</include>
					<include>TVGuideLayout</include>
					<visible>StringCompare(Window(Home).Property(tvguide),nplus10) + IntegerGreaterThan(Container(211).NumItems,0)</visible>
				</control>
				<control type="list" id="212">
					<width>880</width>
					<height>600</height>
					<onup>212</onup>
					<ondown>212</ondown>
					<onleft>9000</onleft>
					<onright>70</onright>
					<include>fadeinout</include>
					<include>TVGuideLayout</include>
					<visible>StringCompare(Window(Home).Property(tvguide),nplus11) + IntegerGreaterThan(Container(212).NumItems,0)</visible>
				</control>
				<control type="list" id="213">
					<width>880</width>
					<height>600</height>
					<onup>213</onup>
					<ondown>213</ondown>
					<onleft>9000</onleft>
					<onright>70</onright>
					<include>fadeinout</include>
					<include>TVGuideLayout</include>
					<visible>StringCompare(Window(Home).Property(tvguide),nplus12) + IntegerGreaterThan(Container(213).NumItems,0)</visible>
				</control>
				<control type="list" id="214">
					<width>880</width>
					<height>600</height>
					<onup>214</onup>
					<ondown>214</ondown>
					<onleft>9000</onleft>
					<onright>70</onright>
					<include>fadeinout</include>
					<include>TVGuideLayout</include>
					<visible>StringCompare(Window(Home).Property(tvguide),nplus13) + IntegerGreaterThan(Container(214).NumItems,0)</visible>
				</control>
				<control type="list" id="215">
					<width>880</width>
					<height>600</height>
					<onup>215</onup>
					<ondown>215</ondown>
					<onleft>9000</onleft>
					<onright>70</onright>
					<include>fadeinout</include>
					<include>TVGuideLayout</include>
					<visible>StringCompare(Window(Home).Property(tvguide),nplus14) + IntegerGreaterThan(Container(215).NumItems,0)</visible>
				</control>
			</control>
		</control>
		<control type="scrollbar" id="70">
			<left>1272</left>
			<height>screen_Height</height>
			<onleft>199</onleft>
		</control>
	</controls>
</window>
