<?xml version="1.0" encoding="utf-8"?>
<window>
	<defaultcontrol always="true">9000</defaultcontrol>
	<allowoverlay>yes</allowoverlay>
	<coordinates>
		<system>1</system>
		<left>0</left>
		<top>0</top>
	</coordinates>
	<controls>
		<!--background-->
		<!--movies-->
		<control type="image">
			<include>screen_Dimensions</include>
			<texture background="true" fallback="special://skin/backgrounds/defaults/video.jpg">$INFO[Container(111).ListItem.Property(Fanart)]</texture>
			<visible>!Skin.HasSetting(fanart.global) + ![Player.HasVideo + Skin.HasSetting(backgroundvideo.global)]</visible>
			<include>transition_Background</include>
			<fadetime>fadetime_Fanart</fadetime>
			<visible>Control.HasFocus(111) | Container(9000).HasFocus(1)</visible>
		</control>
		<!--tv shows-->
		<control type="image">
			<include>screen_Dimensions</include>
			<texture background="true" fallback="special://skin/backgrounds/defaults/video.jpg">$INFO[Container(121).ListItem.Property(Fanart)]</texture>
			<visible>!Skin.HasSetting(fanart.global) + ![Player.HasVideo + Skin.HasSetting(backgroundvideo.global)]</visible>
			<include>transition_Background</include>
			<fadetime>fadetime_Fanart</fadetime>
			<visible>Control.HasFocus(121) | Container(9000).HasFocus(2)</visible>
		</control>
		<!--seasons-->
		<control type="image">
			<include>screen_Dimensions</include>
			<texture background="true" fallback="special://skin/backgrounds/defaults/video.jpg">$INFO[Container(131).ListItem.Property(Fanart)]</texture>
			<visible>!Skin.HasSetting(fanart.global) + ![Player.HasVideo + Skin.HasSetting(backgroundvideo.global)]</visible>
			<include>transition_Background</include>
			<fadetime>fadetime_Fanart</fadetime>
			<visible>Control.HasFocus(131) | Container(9000).HasFocus(3)</visible>
		</control>
		<!--episodes-->
		<control type="image">
			<include>screen_Dimensions</include>
			<texture background="true" fallback="special://skin/backgrounds/defaults/video.jpg">$INFO[Container(141).ListItem.Property(Fanart)]</texture>
			<visible>!Skin.HasSetting(fanart.global) + ![Player.HasVideo + Skin.HasSetting(backgroundvideo.global)]</visible>
			<include>transition_Background</include>
			<fadetime>fadetime_Fanart</fadetime>=
			<visible>Control.HasFocus(141) | Container(9000).HasFocus(4)</visible></control>
		<!--actors-->
		<control type="image">
			<left>500</left>
			<include>screen_Dimensions</include>
			<texture background="true" fallback="special://skin/backgrounds/defaults/video.jpg">$INFO[Container(211).ListItem.Property(Fanart)]</texture>
			<visible>!Skin.HasSetting(fanart.global) + ![Player.HasVideo + Skin.HasSetting(backgroundvideo.global)]</visible>
			<include>transition_Background</include>
			<fadetime>fadetime_Fanart</fadetime>
			<visible>Control.HasFocus(211) | Container(9000).HasFocus(5)</visible>
		</control>
		<!--music videos-->
		<control type="image">
			<include>screen_Dimensions</include>
			<texture background="true" fallback="special://skin/backgrounds/defaults/music.jpg">$INFO[Container(151).ListItem.Property(Fanart)]</texture>
			<visible>!Skin.HasSetting(fanart.global) + ![Player.HasVideo + Skin.HasSetting(backgroundvideo.global)]</visible>
			<include>transition_Background</include>
			<fadetime>fadetime_Fanart</fadetime>
			<visible>Control.HasFocus(151) | Container(9000).HasFocus(6)</visible>
		</control>
		<!--artists-->
		<control type="image">
			<include>screen_Dimensions</include>
			<texture background="true" fallback="special://skin/backgrounds/defaults/music.jpg">$INFO[Container(161).ListItem.Property(Fanart)]</texture>
			<visible>!Skin.HasSetting(fanart.global) + ![Player.HasVideo + Skin.HasSetting(backgroundvideo.global)]</visible>
			<include>transition_Background</include>
			<fadetime>fadetime_Fanart</fadetime>
			<visible>Control.HasFocus(161) | Container(9000).HasFocus(7)</visible>
		</control>
		<!--albums-->
		<control type="image">
			<include>screen_Dimensions</include>
			<texture background="true" fallback="special://skin/backgrounds/defaults/music.jpg">$INFO[Container(171).ListItem.Property(Fanart)]</texture>
			<visible>!Skin.HasSetting(fanart.global) + ![Player.HasVideo + Skin.HasSetting(backgroundvideo.global)]</visible>
			<include>transition_Background</include>
			<fadetime>fadetime_Fanart</fadetime>
			<visible>Control.HasFocus(171) | Container(9000).HasFocus(8)</visible>
		</control>
		<!--songs-->
		<control type="image">
			<include>screen_Dimensions</include>
			<texture background="true" fallback="special://skin/backgrounds/defaults/music.jpg">$INFO[Container(181).ListItem.Property(Fanart)]</texture>
			<visible>!Skin.HasSetting(fanart.global) + ![Player.HasVideo + Skin.HasSetting(backgroundvideo.global)]</visible>
			<include>transition_Background</include>
			<fadetime>fadetime_Fanart</fadetime>
			<visible>Control.HasFocus(181) | Container(9000).HasFocus(9)</visible>
		</control>
		<include>global_Background</include>
		<!--window titles-->
		<!--searching-->
		<control type="group">
			<left>34</left>
			<top>15</top>
			<visible>!Control.IsVisible(198) + !Control.IsVisible(199)</visible>
			<include>transition_WindowTitle</include>
			<include>toggle_Menu</include>
			<control type="list">
				<width>600</width>
				<height>60</height>
				<scrolltime>0</scrolltime>
				<autoscroll time="1000">true</autoscroll>
				<orientation>vertical</orientation>
				<itemlayout height="60">
					<control type="label">
						<width>950</width>
						<aligny>center</aligny>
						<font>light_Window</font>
						<textcolor>Color1</textcolor>
						<label>$INFO[ListItem.Label]</label>
					</control>
				</itemlayout>
				<focusedlayout height="60">
					<control type="label">
						<width>950</width>
						<aligny>center</aligny>
						<font>light_Window</font>
						<textcolor>Color1</textcolor>
						<label>$INFO[ListItem.Label]</label>
					</control>
				</focusedlayout>
				<content>
					<item>
						<label>$LOCALIZE[31711]</label>
						<onclick>noop</onclick>
					</item>
					<item>
						<label>$LOCALIZE[31711].</label>
						<onclick>noop</onclick>
					</item>
					<item>
						<label>$LOCALIZE[31711]..</label>
						<onclick>noop</onclick>
					</item>
					<item>
						<label>$LOCALIZE[31711]...</label>
						<onclick>noop</onclick>
					</item>
				</content>
			</control>
		</control>
		<!--search results-->
		<control type="label">
			<left>34</left>
			<label>$LOCALIZE[283]</label>
			<include>windowTitle</include>
			<visible>Control.IsVisible(198) + !Control.IsVisible(199)</visible>
		</control>
		<!--no results-->
		<control type="label">
			<left>34</left>
			<label>$LOCALIZE[284]</label>
			<include>windowTitle</include>
			<visible>Control.IsVisible(199)</visible>
		</control>
		<include>global_Includes</include>
		<control type="group">
			<include>transition_Content</include>
			<!--category list-->
			<control type="list" id="9000">
				<left>40</left>
				<top>80</top>
				<width>300</width>
				<height>600</height>
				<onright>101</onright>
				<onup>9000</onup>
				<ondown>9000</ondown>
				<include>global_Scrolltime</include>
				<itemlayout width="300" height="46">
					<control type="image">
						<width>300</width>
						<height>44</height>
						<texture>views/focus.png</texture>
						<aspectratio>stretch</aspectratio>
						<colordiffuse>column2</colordiffuse>
					</control>
					<control type="label">
						<label>$INFO[ListItem.Label]</label>
						<width>300</width>
						<height>42</height>
						<font>light_Menu</font>
						<textoffsetx>15</textoffsetx>
						<textcolor>Color1</textcolor>
					</control>
					<control type="label">
						<left>285</left>
						<label>$INFO[ListItem.Label2]</label>
						<width>100</width>
						<height>42</height>
						<font>light_Menu</font>
						<align>right</align>
						<textcolor>Color2</textcolor>
					</control>
				</itemlayout>
				<focusedlayout width="300" height="46">
					<control type="group">
						<visible>!Control.HasFocus(9000)</visible>
						<control type="image">
							<width>300</width>
							<height>44</height>
							<texture>views/focus.png</texture>
							<aspectratio>stretch</aspectratio>
							<colordiffuse>column2</colordiffuse>
						</control>
						<control type="label">
							<label>$INFO[ListItem.Label]</label>
							<width>300</width>
							<height>42</height>
							<font>light_Menu</font>
							<textoffsetx>15</textoffsetx>
							<textcolor>Color1</textcolor>
						</control>
						<control type="label">
							<left>285</left>
							<label>$INFO[ListItem.Label2]</label>
							<width>100</width>
							<height>42</height>
							<font>light_Menu</font>
							<align>right</align>
							<textcolor>Color1</textcolor>
						</control>
					</control>
					<control type="group">
						<visible>Control.HasFocus(9000)</visible>
						<control type="image">
							<width>300</width>
							<height>44</height>
							<texture>views/focus.png</texture>
							<aspectratio>stretch</aspectratio>
							<colordiffuse>column1</colordiffuse>
							<visible>Control.HasFocus(9000)</visible>
						</control>
						<control type="label">
							<label>$INFO[ListItem.Label]</label>
							<width>300</width>
							<height>42</height>
							<font>light_Menu</font>
							<textoffsetx>15</textoffsetx>
							<textcolor>Color4</textcolor>
						</control>
						<control type="label">
							<left>285</left>
							<label>$INFO[ListItem.Label2]</label>
							<width>100</width>
							<height>42</height>
							<font>light_Menu</font>
							<align>right</align>
							<textcolor>Color5</textcolor>
						</control>
					</control>
				</focusedlayout>
				<content>
					<!--movies-->
					<item id="1">
						<label>$LOCALIZE[20342]</label>
						<label2>$INFO[Control.GetLabel(110)]</label2>
						<onclick>noop</onclick>
						<visible>Control.IsVisible(119)</visible>
					</item>
					<!--tv shows-->
					<item id="2">
						<label>$LOCALIZE[20343]</label>
						<label2>$INFO[Control.GetLabel(120)]</label2>
						<onclick>noop</onclick>
						<visible>Control.IsVisible(129)</visible>
					</item>
					<!--seasons-->
					<item id="3">
						<label>$LOCALIZE[33054]</label>
						<label2>$INFO[Control.GetLabel(130)]</label2>
						<onclick>noop</onclick>
						<visible>Control.IsVisible(139)</visible>
					</item>
					<!--episodes-->
					<item id="4">
						<label>$LOCALIZE[20360]</label>
						<label2>$INFO[Control.GetLabel(140)]</label2>
						<onclick>noop</onclick>
						<visible>Control.IsVisible(149)</visible>
					</item>
					<!--actors-->
					<item id="5">
						<label>$LOCALIZE[344]</label>
						<label2>$INFO[Control.GetLabel(210)]</label2>
						<onclick>noop</onclick>
						<visible>Control.IsVisible(219)</visible>
					</item>
					<!--music videos-->
					<item id="6">
						<label>$LOCALIZE[20389]</label>
						<label2>$INFO[Control.GetLabel(150)]</label2>
						<onclick>noop</onclick>
						<visible>Control.IsVisible(159)</visible>
					</item>
					<!--artists-->
					<item id="7">
						<label>$LOCALIZE[133]</label>
						<label2>$INFO[Control.GetLabel(160)]</label2>
						<onclick>noop</onclick>
						<visible>Control.IsVisible(169)</visible>
					</item>
					<!--albums-->
					<item id="8">
						<label>$LOCALIZE[132]</label>
						<label2>$INFO[Control.GetLabel(170)]</label2>
						<onclick>noop</onclick>
						<visible>Control.IsVisible(179)</visible>
					</item>
					<!--songs-->
					<item id="9">
						<label>$LOCALIZE[134]</label>
						<label2>$INFO[Control.GetLabel(180)]</label2>
						<onclick>noop</onclick>
						<visible>Control.IsVisible(189)</visible>
					</item>
					<!--new search-->
					<item id="10">
						<label>[B]$LOCALIZE[31604][/B]</label>
						<onclick>Control.SetFocus(9000,0)</onclick>
						<onclick>SendClick(198)</onclick>
						<visible>Control.IsVisible(198)</visible>
					</item>
				</content>
			</control>
			<!--new search button trigger-->
			<control type="button" id="198">
				<left>2000</left>
				<top>2000</top>
				<onup>101</onup>
				<ondown>101</ondown>
				<onleft>101</onleft>
				<onright>101</onright>
			</control>
			<!--search status-->
			<control type="label" id="190">
				<left>2000</left>
				<top>2000</top>
				<width>100</width>
				<height>0</height>
				<label>-</label>
				<font>-</font>
				<textcolor>-</textcolor>
			</control>
			<!--search category-->
			<control type="label" id="191">
				<left>2000</left>
				<top>2000</top>
				<width>100</width>
				<height>0</height>
				<label>-</label>
				<font>-</font>
			</control>
			<!--search no results-->
			<control type="label" id="199">
				<left>2000</left>
				<top>2000</top>
				<width>100</width>
				<height>0</height>
				<label>-</label>
				<font>-</font>
			</control>
			<!--search results-->
			<control type="group" id="101">
				<left>360</left>
				<!--movie results-->
				<control type="group" id="119">
					<control type="label" id="110">
						<!--hide control, use list to trigger to-->
						<label>-</label>
						<font>-</font>
						<visible allowhiddenfocus="true">false</visible>
					</control>
					<control type="list" id="111">
						<top>80</top>
						<width>920</width>
						<height>600</height>
						<onup>111</onup>
						<ondown>111</ondown>
						<onleft>9000</onleft>
						<onright>71</onright>
						<pagecontrol>71</pagecontrol>
						<orientation>vertical</orientation>
						<include>global_Scrolltime</include>
						<include>fadeinout</include>
						<visible>Container(9000).HasFocus(1)</visible>
						<itemlayout width="880" height="150">
							<control type="image">
								<width>104</width>
								<height>144</height>
								<include>art_Frame-nf</include>
							</control>
							<control type="group">
								<left>7</left>
								<top>7</top>
								<control type="image">
									<width>90</width>
									<height>130</height>
									<texture>thumbs/default_Portrait.png</texture>
									<aspectratio>scale</aspectratio>
								</control>
								<control type="image">
									<width>90</width>
									<height>130</height>
									<texture>$INFO[ListItem.Art(thumb)]</texture>
									<aspectratio>scale</aspectratio>
								</control>
								<control type="image">
									<centerleft>45</centerleft>
									<centertop>65</centertop>
									<width>64</width>
									<height>64</height>
									<texture>DefaultMovies.png</texture>
									<visible>IsEmpty(ListItem.Art(thumb))</visible>
								</control>
							</control>
							<control type="group">
								<left>126</left>
								<top>4</top>
								<control type="label">
									<width>657</width>
									<label>$VAR[media:Title]</label>
									<include>container_Title</include>
								</control>
								<control type="label">
									<top>28</top>
									<width>735</width>
									<label>$VAR[media:Tagline]</label>
									<include>container_Sub</include>
								</control>
								<control type="label">
									<top>62</top>
									<width>735</width>
									<label>$INFO[ListItem.Property(Genre)]</label>
									<include>container_Text</include>
								</control>
								<control type="textbox" id="4">
									<top>90</top>
									<width>735</width>
									<height>60</height>
									<label>$INFO[ListItem.Property(Year)]$INFO[ListItem.Property(Duration), • , $LOCALIZE[12391]]$INFO[ListItem.Property(Rating), • ]</label>
									<autoscroll delay="300000" time="1000">!Control.HasFocus(13)</autoscroll>
									<include>container_Text</include>
								</control>
							</control>
							<control type="image">
								<left>737</left>
								<top>15</top>
								<width>128</width>
								<height>22</height>
								<texture>$INFO[ListItem.Property(StarRating),rating/nf-,]</texture>
								<aspectratio align="right">keep</aspectratio>
							</control>
						</itemlayout>
						<focusedlayout width="880" height="150">
							<control type="group">
								<visible>Control.HasFocus(111) | Window.IsActive(script-globalsearch-contextmenu.xml)</visible>
								<control type="image">
									<width>880</width>
									<height>144</height>
									<include>art_Frame-fo</include>
								</control>
								<control type="group">
									<left>7</left>
									<top>7</top>
									<control type="image">
										<width>90</width>
										<height>130</height>
										<texture>thumbs/default_Portrait.png</texture>
										<aspectratio>scale</aspectratio>
									</control>
									<control type="image">
										<width>90</width>
										<height>130</height>
										<texture>$INFO[ListItem.Art(thumb)]</texture>
										<aspectratio>scale</aspectratio>
									</control>
									<control type="image">
										<centerleft>45</centerleft>
										<centertop>65</centertop>
										<width>64</width>
										<height>64</height>
										<texture>DefaultMovies.png</texture>
										<visible>IsEmpty(ListItem.Art(thumb))</visible>
									</control>
								</control>
								<control type="group">
									<left>126</left>
									<top>4</top>
									<control type="label">
										<width>657</width>
										<label>$VAR[media:Title]</label>
										<include>container_Title-focus</include>
									</control>
									<control type="label">
										<top>28</top>
										<width>735</width>
										<label>$VAR[media:Tagline]</label>
										<include>container_Sub-focus</include>
									</control>
									<control type="label">
										<top>62</top>
										<width>735</width>
										<label>$INFO[ListItem.Property(Genre)]</label>
										<include>container_Text-focus</include>
									</control>
									<control type="textbox" id="4">
										<top>90</top>
										<width>735</width>
										<height>60</height>
										<label>$INFO[ListItem.Property(Year)]$INFO[ListItem.Property(Duration), • , $LOCALIZE[12391]]$INFO[ListItem.Property(Rating), • ]</label>
										<autoscroll delay="300000" time="1000">!Control.HasFocus(13)</autoscroll>
										<include>container_Text-focus</include>
									</control>
								</control>
								<control type="image">
									<left>737</left>
									<top>15</top>
									<width>128</width>
									<height>22</height>
									<texture>$INFO[ListItem.Property(StarRating),rating/fo-,]</texture>
									<colordiffuse>Color4</colordiffuse>
									<aspectratio align="right">keep</aspectratio>
								</control>
							</control>
							<control type="group">
								<visible>!Control.HasFocus(111) + !Window.IsActive(script-globalsearch-contextmenu.xml)</visible>
								<control type="image">
									<width>104</width>
									<height>144</height>
									<include>art_Frame-nf</include>
								</control>
								<control type="group">
									<left>126</left>
									<top>4</top>
									<control type="label">
										<width>657</width>
										<label>$VAR[media:Title]</label>
										<include>container_Title</include>
									</control>
									<control type="label">
										<top>28</top>
										<width>735</width>
										<label>$VAR[media:Tagline]</label>
										<include>container_Sub</include>
									</control>
									<control type="label">
										<top>62</top>
										<width>735</width>
										<label>$INFO[ListItem.Property(Genre)]</label>
										<include>container_Text</include>
									</control>
									<control type="textbox" id="4">
										<top>90</top>
										<width>735</width>
										<height>60</height>
										<label>$INFO[ListItem.Property(Year)]$INFO[ListItem.Property(Duration), • , $LOCALIZE[12391]]$INFO[ListItem.Property(Rating), • ]</label>
										<autoscroll delay="300000" time="1000">!Control.HasFocus(13)</autoscroll>
										<include>container_Text</include>
									</control>
								</control>
								<control type="image">
									<left>737</left>
									<top>15</top>
									<width>128</width>
									<height>22</height>
									<texture>$INFO[ListItem.Property(StarRating),rating/nf-,]</texture>
									<aspectratio align="right">keep</aspectratio>
								</control>
							</control>
							<control type="group">
								<left>7</left>
								<top>7</top>
								<control type="image">
									<width>90</width>
									<height>130</height>
									<texture>thumbs/default_Portrait.png</texture>
									<aspectratio>scale</aspectratio>
								</control>
								<control type="image">
									<width>90</width>
									<height>130</height>
									<texture>$INFO[ListItem.Art(thumb)]</texture>
									<aspectratio>scale</aspectratio>
								</control>
								<control type="image">
									<centerleft>45</centerleft>
									<centertop>65</centertop>
									<width>64</width>
									<height>64</height>
									<texture>DefaultMovies.png</texture>
									<visible>IsEmpty(ListItem.Art(thumb))</visible>
								</control>
							</control>
						</focusedlayout>
					</control>
					<control type="scrollbar" id="71">
						<left>912</left>
						<height>screen_Height</height>
						<onleft>111</onleft>
						<visible>Container(9000).HasFocus(1)</visible>
					</control>
				</control>
				<!--tv show results-->
				<control type="group" id="129">
					<control type="label" id="120">
						<!--hide control, use list to trigger to-->
						<label>-</label>
						<font>-</font>
						<visible allowhiddenfocus="true">false</visible>
					</control>
					<control type="list" id="121">
						<top>80</top>
						<width>920</width>
						<height>600</height>
						<onup>121</onup>
						<ondown>121</ondown>
						<onleft>9000</onleft>
						<onright>72</onright>
						<pagecontrol>72</pagecontrol>
						<orientation>vertical</orientation>
						<include>global_Scrolltime</include>
						<include>fadeinout</include>
						<visible>Container(9000).HasFocus(2)</visible>
						<itemlayout width="880" height="150">
							<control type="image">
								<width>104</width>
								<height>144</height>
								<include>art_Frame-nf</include>
							</control>
							<control type="group">
								<left>7</left>
								<top>7</top>
								<control type="image">
									<width>90</width>
									<height>130</height>
									<texture>thumbs/default_Portrait.png</texture>
									<aspectratio>scale</aspectratio>
								</control>
								<control type="image">
									<width>90</width>
									<height>130</height>
									<texture>$INFO[ListItem.Art(thumb)]</texture>
									<aspectratio>scale</aspectratio>
								</control>
								<control type="image">
									<centerleft>45</centerleft>
									<centertop>65</centertop>
									<width>64</width>
									<height>64</height>
									<texture>DefaultTVShows.png</texture>
									<visible>IsEmpty(ListItem.Art(thumb))</visible>
								</control>
							</control>
							<control type="group">
								<left>126</left>
								<top>4</top>
								<control type="label">
									<width>657</width>
									<label>$VAR[media:Title]</label>
									<include>container_Title</include>
								</control>
								<control type="label">
									<top>28</top>
									<width>735</width>
									<label>$INFO[ListItem.Property(Genre)]</label>
									<include>container_Sub</include>
								</control>
								<control type="label">
									<top>62</top>
									<width>735</width>
									<label>$INFO[ListItem.Property(Studio)]</label>
									<include>container_Text</include>
								</control>
								<control type="label">
									<top>90</top>
									<width>735</width>
									<label>$INFO[ListItem.Property(Premiered)]</label>
									<include>container_Text</include>
								</control>
							</control>
							<control type="image">
								<left>737</left>
								<top>15</top>
								<width>128</width>
								<height>22</height>
								<texture>$INFO[ListItem.Property(StarRating),rating/nf-,]</texture>
								<aspectratio align="right">keep</aspectratio>
							</control>
						</itemlayout>
						<focusedlayout width="880" height="150">
							<control type="group">
								<visible>Control.HasFocus(121) | Window.IsActive(script-globalsearch-contextmenu.xml)</visible>
								<control type="image">
									<width>880</width>
									<height>144</height>
									<include>art_Frame-fo</include>
								</control>
								<control type="group">
									<left>126</left>
									<top>4</top>
									<control type="label">
										<width>657</width>
										<label>$VAR[media:Title]</label>
										<include>container_Title-focus</include>
									</control>
									<control type="label">
										<top>28</top>
										<width>735</width>
										<label>$INFO[ListItem.Property(Genre)]</label>
										<include>container_Sub-focus</include>
									</control>
									<control type="label">
										<top>62</top>
										<width>735</width>
										<label>$INFO[ListItem.Property(Studio)]</label>
										<include>container_Text-focus</include>
									</control>
									<control type="label">
										<top>90</top>
										<width>735</width>
										<label>$INFO[ListItem.Property(Premiered)]</label>
										<include>container_Text-focus</include>
									</control>
								</control>
								<control type="image">
									<left>737</left>
									<top>15</top>
									<width>128</width>
									<height>22</height>
									<texture>$INFO[ListItem.Property(StarRating),rating/fo-,]</texture>
									<colordiffuse>Color4</colordiffuse>
									<aspectratio align="right">keep</aspectratio>
								</control>
							</control>
							<control type="group">
								<visible>!Control.HasFocus(121) + !Window.IsActive(script-globalsearch-contextmenu.xml)</visible>
								<control type="image">
									<width>104</width>
									<height>144</height>
									<include>art_Frame-nf</include>
								</control>
								<control type="group">
									<left>126</left>
									<top>4</top>
									<control type="label">
										<width>657</width>
										<label>$VAR[media:Title]</label>
										<include>container_Title</include>
									</control>
									<control type="label">
										<top>28</top>
										<width>735</width>
										<label>$INFO[ListItem.Property(Genre)]</label>
										<include>container_Sub</include>
									</control>
									<control type="label">
										<top>62</top>
										<width>735</width>
										<label>$INFO[ListItem.Property(Studio)]</label>
										<include>container_Text</include>
									</control>
									<control type="label">
										<top>90</top>
										<width>735</width>
										<label>$INFO[ListItem.Property(Premiered)]</label>
										<include>container_Text</include>
									</control>
								</control>
								<control type="image">
									<left>737</left>
									<top>15</top>
									<width>128</width>
									<height>22</height>
									<texture>$INFO[ListItem.Property(StarRating),rating/nf-,]</texture>
									<aspectratio align="right">keep</aspectratio>
								</control>
							</control>
							<control type="group">
								<left>7</left>
								<top>7</top>
								<control type="image">
									<width>90</width>
									<height>130</height>
									<texture>thumbs/default_Portrait.png</texture>
									<aspectratio>keep</aspectratio>
								</control>
								<control type="image">
									<width>90</width>
									<height>130</height>
									<texture>$INFO[ListItem.Art(thumb)]</texture>
									<aspectratio>scale</aspectratio>
								</control>
								<control type="image">
									<centerleft>45</centerleft>
									<centertop>65</centertop>
									<width>64</width>
									<height>64</height>
									<texture>DefaultMovies.png</texture>
									<visible>IsEmpty(ListItem.Art(thumb))</visible>
								</control>
							</control>
						</focusedlayout>
					</control>
					<control type="scrollbar" id="72">
						<left>912</left>
						<height>screen_Height</height>
						<onleft>121</onleft>
						<visible>Container(9000).HasFocus(2)</visible>
					</control>
				</control>
				<!--season results-->
				<control type="group" id="139">
					<control type="label" id="130">
						<!--hide control, use list to trigger to-->
						<label>-</label>
						<font>-</font>
						<visible allowhiddenfocus="true">false</visible>
					</control>
					<control type="list" id="131">
						<top>80</top>
						<width>920</width>
						<height>600</height>
						<onup>131</onup>
						<ondown>131</ondown>
						<onleft>9000</onleft>
						<onright>73</onright>
						<pagecontrol>73</pagecontrol>
						<orientation>vertical</orientation>
						<include>global_Scrolltime</include>
						<include>fadeinout</include>
						<visible>Container(9000).HasFocus(3)</visible>
						<itemlayout width="880" height="150">
							<control type="image">
								<width>104</width>
								<height>144</height>
								<include>art_Frame-nf</include>
							</control>
							<control type="group">
								<left>7</left>
								<top>7</top>
								<control type="image">
									<width>90</width>
									<height>130</height>
									<texture>thumbs/default_Portrait.png</texture>
									<aspectratio>scale</aspectratio>
								</control>
								<control type="image">
									<width>90</width>
									<height>130</height>
									<texture>$INFO[ListItem.Art(thumb)]</texture>
									<aspectratio>scale</aspectratio>
								</control>
								<control type="image">
									<centerleft>45</centerleft>
									<centertop>65</centertop>
									<width>64</width>
									<height>64</height>
									<texture>DefaultTVShows.png</texture>
									<visible>IsEmpty(ListItem.Art(thumb))</visible>
								</control>
							</control>
							<control type="group">
								<left>126</left>
								<top>4</top>
								<control type="label">
									<width>735</width>
									<label>$VAR[media:Title]</label>
									<include>container_Title</include>
								</control>
								<control type="label">
									<top>28</top>
									<width>735</width>
									<label>$INFO[ListItem.Property(TVShowTitle)]</label>
									<include>container_Sub</include>
								</control>
								<control type="label">
									<top>62</top>
									<width>735</width>
									<label>$INFO[ListItem.Property(Episode),, [LOWERCASE]$LOCALIZE[20360][/LOWERCASE]]</label>
									<include>container_Text</include>
								</control>
							</control>
						</itemlayout>
						<focusedlayout width="880" height="150">
							<control type="group">
								<visible>Control.HasFocus(131) | Window.IsActive(script-globalsearch-contextmenu.xml)</visible>
								<control type="image">
									<width>880</width>
									<height>144</height>
									<include>art_Frame-fo</include>
								</control>
								<control type="group">
									<left>126</left>
									<top>4</top>
									<control type="label">
										<width>735</width>
										<label>$VAR[media:Title]</label>
										<include>container_Title-focus</include>
									</control>
									<control type="label">
										<top>28</top>
										<width>735</width>
										<label>$INFO[ListItem.Property(TVShowTitle)]</label>
										<include>container_Sub-focus</include>
									</control>
									<control type="label">
										<top>62</top>
										<width>735</width>
										<label>$INFO[ListItem.Property(Episode),, [LOWERCASE]$LOCALIZE[20360][/LOWERCASE]]</label>
										<include>container_Text-focus</include>
									</control>
								</control>
							</control>
							<control type="group">
								<visible>!Control.HasFocus(131) + !Window.IsActive(script-globalsearch-contextmenu.xml)</visible>
								<control type="image">
									<width>104</width>
									<height>144</height>
									<include>art_Frame-nf</include>
								</control>
								<control type="group">
									<left>126</left>
									<top>4</top>
									<control type="label">
										<width>735</width>
										<label>$VAR[media:Title]</label>
										<include>container_Title</include>
									</control>
									<control type="label">
										<top>28</top>
										<width>735</width>
										<label>$INFO[ListItem.Property(TVShowTitle)]</label>
										<include>container_Sub</include>
									</control>
									<control type="label">
										<top>62</top>
										<width>735</width>
										<label>$INFO[ListItem.Property(Episode),, [LOWERCASE]$LOCALIZE[20360][/LOWERCASE]]</label>
										<include>container_Text</include>
									</control>
								</control>
							</control>
							<control type="group">
								<left>7</left>
								<top>7</top>
								<control type="image">
									<width>90</width>
									<height>130</height>
									<texture>thumbs/default_Portrait.png</texture>
									<aspectratio>scale</aspectratio>
								</control>
								<control type="image">
									<width>90</width>
									<height>130</height>
									<texture>$INFO[ListItem.Art(thumb)]</texture>
									<aspectratio>scale</aspectratio>
								</control>
								<control type="image">
									<centerleft>45</centerleft>
									<centertop>65</centertop>
									<width>64</width>
									<height>64</height>
									<texture>DefaultTVShows.png</texture>
									<visible>IsEmpty(ListItem.Art(thumb))</visible>
								</control>
							</control>
						</focusedlayout>
					</control>
					<control type="scrollbar" id="73">
						<left>912</left>
						<height>screen_Height</height>
						<onleft>131</onleft>
						<visible>Container(9000).HasFocus(3)</visible>
					</control>
				</control>
				<!--episode results-->
				<control type="group" id="149">
					<control type="label" id="140">
						<!--hide control, use list to trigger to-->
						<label>-</label>
						<font>-</font>
						<visible allowhiddenfocus="true">false</visible>
					</control>
					<control type="list" id="141">
						<top>80</top>
						<width>920</width>
						<height>600</height>
						<onup>141</onup>
						<ondown>141</ondown>
						<onleft>9000</onleft>
						<onright>74</onright>
						<pagecontrol>74</pagecontrol>
						<orientation>vertical</orientation>
						<include>global_Scrolltime</include>
						<include>fadeinout</include>
						<visible>Container(9000).HasFocus(4)</visible>
						<itemlayout width="880" height="150">
							<control type="image">
								<width>226</width>
								<height>144</height>
								<include>art_Frame-nf</include>
							</control>
							<control type="group">
								<left>7</left>
								<top>7</top>
								<control type="image">
									<width>212</width>
									<height>130</height>
									<texture>thumbs/default_Landscape.png</texture>
									<aspectratio>keep</aspectratio>
								</control>
								<control type="image">
									<width>212</width>
									<height>130</height>
									<texture>$INFO[ListItem.Art(thumb)]</texture>
									<aspectratio>scale</aspectratio>
								</control>
								<control type="image">
									<centerleft>106</centerleft>
									<centertop>65</centertop>
									<width>64</width>
									<height>64</height>
									<texture>DefaultTVShows.png</texture>
									<visible>IsEmpty(ListItem.Art(thumb))</visible>
								</control>
							</control>
							<control type="group">
								<left>248</left>
								<top>4</top>
								<control type="label">
									<width>500</width>
									<label>$VAR[media:Title]</label>
									<include>container_Title</include>
								</control>
								<control type="label">
									<top>28</top>
									<width>628</width>
									<label>$INFO[ListItem.Property(TVShowTitle),, • ]$INFO[ListItem.Property(Premiered)]$INFO[ListItem.Property(Duration), • , $LOCALIZE[12391]]</label>
									<include>container_Sub</include>
								</control>
								<control type="textbox">
									<top>64</top>
									<width>628</width>
									<height>60</height>
									<label>$INFO[ListItem.Property(Plot]</label>
									<include>container_Text</include>
								</control>
							</control>
							<control type="image">
								<left>737</left>
								<top>15</top>
								<width>128</width>
								<height>22</height>
								<texture>$INFO[ListItem.Property(StarRating),rating/nf-,]</texture>
								<aspectratio align="right">keep</aspectratio>
							</control>
						</itemlayout>
						<focusedlayout width="880" height="150">
							<control type="group">
								<visible>Control.HasFocus(141) | Window.IsActive(script-globalsearch-contextmenu.xml)</visible>
								<control type="image">
									<width>880</width>
									<height>144</height>
									<include>art_Frame-fo</include>
								</control>
								<control type="group">
									<left>248</left>
									<top>4</top>
									<control type="label">
										<width>500</width>
										<label>$VAR[media:Title]</label>
										<include>container_Title-focus</include>
									</control>
									<control type="label">
										<top>28</top>
										<width>628</width>
										<label>$INFO[ListItem.Property(TVShowTitle),, • ]$INFO[ListItem.Property(Premiered)]$INFO[ListItem.Property(Duration), • , $LOCALIZE[12391]]</label>
										<include>container_Sub-focus</include>
									</control>
									<control type="textbox">
										<top>64</top>
										<width>628</width>
										<height>60</height>
										<label>$INFO[ListItem.Property(Plot]</label>
										<include>container_Text-focus</include>
									</control>
								</control>
								<control type="image">
									<left>737</left>
									<top>15</top>
									<width>128</width>
									<height>22</height>
									<texture>$INFO[ListItem.Property(StarRating),rating/fo-,]</texture>
									<colordiffuse>Color4</colordiffuse>
									<aspectratio align="right">keep</aspectratio>
								</control>
							</control>
							<control type="group">
								<visible>!Control.HasFocus(141) + !Window.IsActive(script-globalsearch-contextmenu.xml)</visible>
								<control type="image">
									<width>226</width>
									<height>144</height>
									<include>art_Frame-nf</include>
								</control>
								<control type="group">
									<left>248</left>
									<top>4</top>
									<control type="label">
										<width>500</width>
										<label>$VAR[media:Title]</label>
										<include>container_Title</include>
									</control>
									<control type="label">
										<top>28</top>
										<width>628</width>
										<label>$INFO[ListItem.Property(TVShowTitle),, • ]$INFO[ListItem.Property(Premiered)]$INFO[ListItem.Property(Duration), • , $LOCALIZE[12391]]</label>
										<include>container_Sub</include>
									</control>
									<control type="textbox">
										<top>64</top>
										<width>628</width>
										<height>60</height>
										<label>$INFO[ListItem.Property(Plot]</label>
										<include>container_Text</include>
									</control>
								</control>
								<control type="image">
									<left>737</left>
									<top>15</top>
									<width>128</width>
									<height>22</height>
									<texture>$INFO[ListItem.Property(StarRating),rating/nf-,]</texture>
									<aspectratio align="right">keep</aspectratio>
								</control>
							</control>
							<control type="group">
								<left>7</left>
								<top>7</top>
								<control type="image">
									<width>212</width>
									<height>130</height>
									<texture>thumbs/default_Landscape.png</texture>
									<aspectratio>keep</aspectratio>
								</control>
								<control type="image">
									<width>212</width>
									<height>130</height>
									<texture>$INFO[ListItem.Art(thumb)]</texture>
									<aspectratio>scale</aspectratio>
								</control>
								<control type="image">
									<centerleft>106</centerleft>
									<centertop>65</centertop>
									<width>64</width>
									<height>64</height>
									<texture>DefaultTVShows.png</texture>
									<visible>IsEmpty(ListItem.Art(thumb))</visible>
								</control>
							</control>
						</focusedlayout>
					</control>
					<control type="scrollbar" id="74">
						<left>912</left>
						<height>screen_Height</height>
						<onleft>141</onleft>
						<visible>Container(9000).HasFocus(4)</visible>
					</control>
				</control>
				<!--actor results-->
				<control type="group" id="219">
					<control type="label" id="210">
						<!--hide control, use list to trigger to-->
						<label>-</label>
						<font>-</font>
						<visible allowhiddenfocus="true">false</visible>
					</control>
					<control type="list" id="211">
						<top>80</top>
						<width>920</width>
						<height>600</height>
						<onup>131</onup>
						<ondown>131</ondown>
						<onleft>9000</onleft>
						<onright>73</onright>
						<pagecontrol>73</pagecontrol>
						<orientation>vertical</orientation>
						<include>global_Scrolltime</include>
						<include>fadeinout</include>
						<visible>Container(9000).HasFocus(5)</visible>
						<itemlayout width="880" height="150">
							<control type="image">
								<width>104</width>
								<height>144</height>
								<include>art_Frame-nf</include>
							</control>
							<control type="group">
								<left>7</left>
								<top>7</top>
								<control type="image">
									<width>90</width>
									<height>130</height>
									<texture>thumbs/default_Portrait.png</texture>
									<aspectratio>scale</aspectratio>
								</control>
								<control type="image">
									<width>90</width>
									<height>130</height>
									<texture>$INFO[ListItem.Art(thumb)]</texture>
									<aspectratio>scale</aspectratio>
								</control>
								<control type="image">
									<centerleft>45</centerleft>
									<centertop>65</centertop>
									<width>64</width>
									<height>64</height>
									<texture>DefaultActor.png</texture>
									<visible>IsEmpty(ListItem.Art(thumb))</visible>
								</control>
							</control>
							<control type="group">
								<left>126</left>
								<top>4</top>
								<control type="label">
									<width>735</width>
									<label>$VAR[media:Title]</label>
									<include>container_Title</include>
								</control>
								<control type="label">
									<top>28</top>
									<width>735</width>
									<label>$VAR[media:Tagline]</label>
									<include>container_Sub</include>
								</control>
								<control type="label">
									<top>62</top>
									<width>735</width>
									<label>$INFO[ListItem.Property(Year)]$INFO[ListItem.Property(Duration), • , $LOCALIZE[12391]]$INFO[ListItem.Property(Rating), • ]</label>
									<include>container_Text</include>
								</control>
							</control>
						</itemlayout>
						<focusedlayout width="880" height="150">
							<control type="group">
								<visible>Control.HasFocus(211) | Window.IsActive(script-globalsearch-contextmenu.xml)</visible>
								<control type="image">
									<width>880</width>
									<height>144</height>
									<include>art_Frame-fo</include>
								</control>
								<control type="group">
									<left>126</left>
									<top>4</top>
									<control type="label">
										<width>735</width>
										<label>$VAR[media:Title]</label>
										<include>container_Title-focus</include>
									</control>
									<control type="label">
										<top>28</top>
										<width>735</width>
										<label>$VAR[media:Tagline]</label>
										<include>container_Sub-focus</include>
									</control>
									<control type="label">
										<top>62</top>
										<width>735</width>
										<label>$INFO[ListItem.Property(Year)]$INFO[ListItem.Property(Duration), • , $LOCALIZE[12391]]$INFO[ListItem.Property(Rating), • ]</label>
										<include>container_Text-focus</include>
									</control>
								</control>
							</control>
							<control type="group">
								<visible>!Control.HasFocus(211) + !Window.IsActive(script-globalsearch-contextmenu.xml)</visible>
								<control type="image">
									<width>104</width>
									<height>144</height>
									<include>art_Frame-nf</include>
								</control>
								<control type="group">
									<left>126</left>
									<top>4</top>
									<control type="label">
										<width>735</width>
										<label>$VAR[media:Title]</label>
										<include>container_Title</include>
									</control>
									<control type="label">
										<top>28</top>
										<width>735</width>
										<label>$VAR[media:Tagline]</label>
										<include>container_Sub</include>
									</control>
									<control type="label">
										<top>62</top>
										<width>735</width>
										<label>$INFO[ListItem.Property(Year)]$INFO[ListItem.Property(Duration), • , $LOCALIZE[12391]]$INFO[ListItem.Property(Rating), • ]</label>
										<include>container_Text</include>
									</control>
								</control>
							</control>
							<control type="group">
								<left>7</left>
								<top>7</top>
								<control type="image">
									<width>90</width>
									<height>130</height>
									<texture>thumbs/default_Portrait.png</texture>
									<aspectratio>scale</aspectratio>
								</control>
								<control type="image">
									<width>90</width>
									<height>130</height>
									<texture>$INFO[ListItem.Art(thumb)]</texture>
									<aspectratio>scale</aspectratio>
								</control>
								<control type="image">
									<centerleft>45</centerleft>
									<centertop>65</centertop>
									<width>64</width>
									<height>64</height>
									<texture>DefaultActor.png</texture>
									<visible>IsEmpty(ListItem.Art(thumb))</visible>
								</control>
							</control>
						</focusedlayout>
					</control>
					<control type="scrollbar" id="73">
						<left>912</left>
						<height>screen_Height</height>
						<onleft>131</onleft>
						<visible>Container(9000).HasFocus(5)</visible>
					</control>
				</control>
				<!--music video results-->
				<control type="group" id="159">
					<control type="label" id="150">
						<!--hide control, use list to trigger to-->
						<label>-</label>
						<font>-</font>
						<visible allowhiddenfocus="true">false</visible>
					</control>
					<control type="list" id="151">
						<top>80</top>
						<width>920</width>
						<height>600</height>
						<onup>151</onup>
						<ondown>151</ondown>
						<onleft>9000</onleft>
						<onright>75</onright>
						<pagecontrol>75</pagecontrol>
						<orientation>vertical</orientation>
						<include>global_Scrolltime</include>
						<include>fadeinout</include>
						<visible>Container(9000).HasFocus(6)</visible>
						<itemlayout width="880" height="150">
							<control type="image">
								<width>226</width>
								<height>144</height>
								<include>art_Frame-nf</include>
							</control>
							<control type="group">
								<left>7</left>
								<top>7</top>
								<control type="image">
									<width>212</width>
									<height>130</height>
									<texture>thumbs/default_Landscape.png</texture>
									<aspectratio>keep</aspectratio>
								</control>
								<control type="image">
									<width>212</width>
									<height>130</height>
									<texture>$INFO[ListItem.Art(thumb)]</texture>
									<aspectratio>scale</aspectratio>
								</control>
								<control type="image">
									<centerleft>106</centerleft>
									<centertop>65</centertop>
									<width>64</width>
									<height>64</height>
									<texture>DefaultMusicVideos.png</texture>
									<visible>IsEmpty(ListItem.Art(thumb))</visible>
								</control>
							</control>
							<control type="group">
								<left>248</left>
								<top>4</top>
								<control type="label">
									<width>500</width>
									<label>$VAR[media:Title]</label>
									<include>container_Title</include>
								</control>
								<control type="label">
									<top>28</top>
									<width>628</width>
									<label>$INFO[ListItem.Property(Artist)]</label>
									<include>container_Sub</include>
								</control>
								<control type="label">
									<top>62</top>
									<width>800</width>
									<label>$INFO[ListItem.Property(Genre)]</label>
									<include>container_Text</include>
								</control>
								<control type="label">
									<top>90</top>
									<width>800</width>
									<label>$INFO[ListItem.Property(Duration)]</label>
									<include>container_Text</include>
								</control>
							</control>
						</itemlayout>
						<focusedlayout width="880" height="150">
							<control type="group">
								<visible>Control.HasFocus(151) | Window.IsActive(script-globalsearch-contextmenu.xml)</visible>
								<control type="image">
									<width>880</width>
									<height>144</height>
									<include>art_Frame-fo</include>
								</control>
								<control type="group">
									<left>248</left>
									<top>4</top>
									<control type="label">
										<width>500</width>
										<label>$VAR[media:Title]</label>
										<include>container_Title-focus</include>
									</control>
									<control type="label">
										<top>28</top>
										<width>628</width>
										<label>$INFO[ListItem.Property(Artist)]</label>
										<include>container_Sub-focus</include>
									</control>
									<control type="label">
										<top>62</top>
										<width>800</width>
										<label>$INFO[ListItem.Property(Genre)]</label>
										<include>container_Text-focus</include>
									</control>
									<control type="label">
										<top>90</top>
										<width>800</width>
										<label>$INFO[ListItem.Property(Duration)]</label>
										<include>container_Text-focus</include>
									</control>
								</control>
							</control>
							<control type="group">
								<visible>!Control.HasFocus(151) + !Window.IsActive(script-globalsearch-contextmenu.xml)</visible>
								<control type="image">
									<width>226</width>
									<height>144</height>
									<include>art_Frame-nf</include>
								</control>
								<control type="group">
									<left>248</left>
									<top>4</top>
									<control type="label">
										<width>500</width>
										<label>$VAR[media:Title]</label>
										<include>container_Title</include>
									</control>
									<control type="label">
										<top>28</top>
										<width>628</width>
										<label>$INFO[ListItem.Property(Artist)]</label>
										<include>container_Sub</include>
									</control>
									<control type="label">
										<top>62</top>
										<width>800</width>
										<label>$INFO[ListItem.Property(Genre)]</label>
										<include>container_Text</include>
									</control>
									<control type="label">
										<top>90</top>
										<width>800</width>
										<label>$INFO[ListItem.Property(Duration)]</label>
										<include>container_Text</include>
									</control>
								</control>
							</control>
							<control type="group">
								<left>7</left>
								<top>7</top>
								<control type="image">
									<width>212</width>
									<height>130</height>
									<texture>thumbs/default_Landscape.png</texture>
									<aspectratio>keep</aspectratio>
								</control>
								<control type="image">
									<width>212</width>
									<height>130</height>
									<texture>$INFO[ListItem.Art(thumb)]</texture>
									<aspectratio>scale</aspectratio>
								</control>
								<control type="image">
									<centerleft>106</centerleft>
									<centertop>65</centertop>
									<width>64</width>
									<height>64</height>
									<texture>DefaultMusicVideos.png</texture>
									<visible>IsEmpty(ListItem.Art(thumb))</visible>
								</control>
							</control>
						</focusedlayout>
					</control>
					<control type="scrollbar" id="75">
						<left>912</left>
						<height>screen_Height</height>
						<onleft>151</onleft>
						<visible>Container(9000).HasFocus(5)</visible>
					</control>
				</control>
				<!--artist results-->
				<control type="group" id="169">
					<control type="label" id="160">
						<!--hide control, use list to trigger to-->
						<label>-</label>
						<font>-</font>
						<visible allowhiddenfocus="true">false</visible>
					</control>
					<control type="list" id="161">
						<top>80</top>
						<width>920</width>
						<height>600</height>
						<onup>161</onup>
						<ondown>161</ondown>
						<onleft>9000</onleft>
						<onright>76</onright>
						<pagecontrol>76</pagecontrol>
						<orientation>vertical</orientation>
						<include>global_Scrolltime</include>
						<include>fadeinout</include>
						<visible>Container(9000).HasFocus(7)</visible>
						<itemlayout width="880" height="120">
							<control type="image">
								<width>114</width>
								<height>114</height>
								<include>art_Frame-nf</include>
							</control>
							<control type="group">
								<left>7</left>
								<top>7</top>
								<control type="image">
									<width>100</width>
									<height>100</height>
									<texture>thumbs/default_Square.png</texture>
									<aspectratio>keep</aspectratio>
								</control>
								<control type="image">
									<width>100</width>
									<height>100</height>
									<texture>$INFO[ListItem.Art(thumb)]</texture>
									<aspectratio>scale</aspectratio>
								</control>
								<control type="image">
									<centerleft>50</centerleft>
									<centertop>50</centertop>
									<width>64</width>
									<height>64</height>
									<texture>DefaultArtist.png</texture>
									<visible>IsEmpty(ListItem.Art(thumb))</visible>
								</control>
							</control>
							<control type="group">
								<left>136</left>
								<top>4</top>
								<control type="label">
									<width>657</width>
									<label>$VAR[media:Title]</label>
									<include>container_Title</include>
								</control>
								<control type="label">
									<top>28</top>
									<width>800</width>
									<label>$INFO[ListItem.Property(Artist_Genre)]</label>
									<include>container_Sub</include>
								</control>
								<control type="label">
									<top>28</top>
									<width>800</width>
									<label>$LOCALIZE[31145]</label>
									<include>container_Sub</include>
									<visible>IsEmpty(ListItem.Property(Artist_Genre))</visible>
								</control>
								<control type="label">
									<top>62</top>
									<width>800</width>
									<label>$VAR[artist_OriginPrefix,,: ]$VAR[artist_Origin]</label>
									<include>container_Text</include>
								</control>
							</control>
						</itemlayout>
						<focusedlayout width="880" height="120">
							<control type="group">
								<visible>Control.HasFocus(161) | Window.IsActive(script-globalsearch-contextmenu.xml)</visible>
								<control type="image">
									<width>880</width>
									<height>114</height>
									<include>art_Frame-fo</include>
								</control>
								<control type="group">
									<left>136</left>
									<top>4</top>
									<control type="label">
										<width>657</width>
										<label>$VAR[media:Title]</label>
										<include>container_Title-focus</include>
									</control>
									<control type="label">
										<top>28</top>
										<width>800</width>
										<label>$INFO[ListItem.Property(Artist_Genre)]</label>
										<include>container_Sub-focus</include>
									</control>
									<control type="label">
										<top>28</top>
										<width>800</width>
										<label>$LOCALIZE[31145]</label>
										<include>container_Sub-focus</include>
										<visible>IsEmpty(ListItem.Property(Artist_Genre))</visible>
									</control>
									<control type="label">
										<top>62</top>
										<width>800</width>
										<label>$VAR[artist_OriginPrefix,,: ]$VAR[artist_Origin]</label>
										<include>container_Text-focus</include>
									</control>
								</control>
							</control>
							<control type="group">
								<visible>!Control.HasFocus(161) + !Window.IsActive(script-globalsearch-contextmenu.xml)</visible>
								<control type="image">
									<width>114</width>
									<height>114</height>
									<include>art_Frame-nf</include>
								</control>
								<control type="group">
									<left>136</left>
									<top>4</top>
									<control type="label">
										<width>657</width>
										<label>$VAR[media:Title]</label>
										<include>container_Title</include>
									</control>
									<control type="label">
										<top>28</top>
										<width>800</width>
										<label>$INFO[ListItem.Property(Artist_Genre)]</label>
										<include>container_Sub</include>
									</control>
									<control type="label">
										<top>62</top>
										<width>800</width>
										<label>$VAR[artist_OriginPrefix,,: ]$VAR[artist_Origin]</label>
										<include>container_Text</include>
									</control>
								</control>
							</control>
							<control type="group">
								<left>7</left>
								<top>7</top>
								<control type="image">
									<width>100</width>
									<height>100</height>
									<texture>thumbs/default_Square.png</texture>
									<aspectratio>keep</aspectratio>
								</control>
								<control type="image">
									<width>100</width>
									<height>100</height>
									<texture>$INFO[ListItem.Art(thumb)]</texture>
									<aspectratio>scale</aspectratio>
								</control>
								<control type="image">
									<centerleft>50</centerleft>
									<centertop>50</centertop>
									<width>64</width>
									<height>64</height>
									<texture>DefaultArtist.png</texture>
									<visible>IsEmpty(ListItem.Art(thumb))</visible>
								</control>
							</control>
						</focusedlayout>
					</control>
					<control type="scrollbar" id="76">
						<left>912</left>
						<height>screen_Height</height>
						<onleft>161</onleft>
						<visible>Container(9000).HasFocus(6)</visible>
					</control>
				</control>
				<!--album results-->
				<control type="group" id="179">
					<control type="label" id="170">
						<!--hide control, use list to trigger to-->
						<label>-</label>
						<font>-</font>
						<visible allowhiddenfocus="true">false</visible>
					</control>
					<control type="panel" id="171">
						<top>80</top>
						<width>920</width>
						<height>600</height>
						<onup>171</onup>
						<ondown>171</ondown>
						<onleft>9000</onleft>
						<onright>77</onright>
						<pagecontrol>77</pagecontrol>
						<orientation>vertical</orientation>
						<include>global_Scrolltime</include>
						<include>fadeinout</include>
						<visible>Container(9000).HasFocus(8)</visible>
						<itemlayout width="880" height="120">
							<control type="image">
								<width>114</width>
								<height>114</height>
								<include>art_Frame-nf</include>
							</control>
							<control type="group">
								<left>7</left>
								<top>7</top>
								<control type="image">
									<width>100</width>
									<height>100</height>
									<texture>thumbs/default_Square.png</texture>
									<aspectratio>keep</aspectratio>
								</control>
								<control type="image">
									<width>100</width>
									<height>100</height>
									<texture>$INFO[ListItem.Art(thumb)]</texture>
									<aspectratio>scale</aspectratio>
								</control>
								<control type="image">
									<centerleft>50</centerleft>
									<centertop>50</centertop>
									<width>64</width>
									<height>64</height>
									<texture>DefaultAlbumCover.png</texture>
									<aspectratio>keep</aspectratio>
									<visible>IsEmpty(ListItem.Art(thumb))</visible>
								</control>
							</control>
							<control type="group">
								<left>136</left>
								<top>4</top>
								<control type="label">
									<width>657</width>
									<label>$VAR[media:Title]</label>
									<include>container_Title</include>
								</control>
								<control type="label">
									<top>28</top>
									<width>800</width>
									<label>$INFO[ListItem.Property(Artist)]</label>
									<include>container_Sub</include>
								</control>
								<control type="label">
									<top>62</top>
									<width>800</width>
									<label>$INFO[ListItem.Property(Genre)]$INFO[ListItem.Property(Year), • ]</label>
									<include>container_Text</include>
								</control>
							</control>
						</itemlayout>
						<focusedlayout width="880" height="120">
							<control type="group">
								<visible>Control.HasFocus(171) | Window.IsActive(script-globalsearch-contextmenu.xml)</visible>
								<control type="image">
									<width>880</width>
									<height>114</height>
									<include>art_Frame-fo</include>
								</control>
								<control type="group">
									<left>136</left>
									<top>4</top>
									<control type="label">
										<width>657</width>
										<label>$VAR[media:Title]</label>
										<include>container_Title-focus</include>
									</control>
									<control type="label">
										<top>28</top>
										<width>800</width>
										<label>$INFO[ListItem.Property(Artist)]</label>
										<include>container_Sub-focus</include>
									</control>
									<control type="label">
										<top>62</top>
										<width>800</width>
										<label>$INFO[ListItem.Property(Genre)]$INFO[ListItem.Property(Year), • ]</label>
										<include>container_Text-focus</include>
									</control>
								</control>
							</control>
							<control type="group">
								<visible>!Control.HasFocus(171) + !Window.IsActive(script-globalsearch-contextmenu.xml)</visible>
								<control type="image">
									<width>114</width>
									<height>114</height>
									<include>art_Frame-nf</include>
								</control>
								<control type="group">
									<left>136</left>
									<top>4</top>
									<control type="label">
										<width>657</width>
										<label>$VAR[media:Title]</label>
										<include>container_Title</include>
									</control>
									<control type="label">
										<top>28</top>
										<width>800</width>
										<label>$INFO[ListItem.Property(Artist)]</label>
										<include>container_Sub</include>
									</control>
									<control type="label">
										<top>62</top>
										<width>800</width>
										<label>$INFO[ListItem.Property(Genre)]$INFO[ListItem.Property(Year), • ]</label>
										<include>container_Text</include>
									</control>
								</control>
							</control>
							<control type="group">
								<left>7</left>
								<top>7</top>
								<control type="image">
									<width>100</width>
									<height>100</height>
									<texture>thumbs/default_Square.png</texture>
									<aspectratio>keep</aspectratio>
								</control>
								<control type="image">
									<width>100</width>
									<height>100</height>
									<texture>$INFO[ListItem.Art(thumb)]</texture>
									<aspectratio>scale</aspectratio>
								</control>
								<control type="image">
									<centerleft>50</centerleft>
									<centertop>50</centertop>
									<width>64</width>
									<height>64</height>
									<texture>DefaultAlbumCover.png</texture>
									<aspectratio>keep</aspectratio>
									<visible>IsEmpty(ListItem.Art(thumb))</visible>
								</control>
							</control>
						</focusedlayout>
					</control>
					<control type="scrollbar" id="77">
						<left>912</left>
						<height>screen_Height</height>
						<onleft>171</onleft>
						<visible>Container(9000).HasFocus(7)</visible>
					</control>
				</control>
				<!--song results-->
				<control type="group" id="189">
					<control type="label" id="180">
						<!--hide control, use list to trigger to-->
						<label>-</label>
						<font>-</font>
						<visible allowhiddenfocus="true">false</visible>
					</control>
					<control type="list" id="181">
						<top>80</top>
						<width>920</width>
						<height>600</height>
						<onup>181</onup>
						<ondown>181</ondown>
						<onleft>9000</onleft>
						<onright>78</onright>
						<pagecontrol>78</pagecontrol>
						<orientation>vertical</orientation>
						<include>global_Scrolltime</include>
						<include>fadeinout</include>
						<visible>Container(9000).HasFocus(9)</visible>
						<itemlayout width="880" height="120">
							<control type="image">
								<width>114</width>
								<height>114</height>
								<include>art_Frame-nf</include>
							</control>
							<control type="group">
								<left>7</left>
								<top>7</top>
								<control type="image">
									<width>100</width>
									<height>100</height>
									<texture>thumbs/default_Square.png</texture>
									<aspectratio>keep</aspectratio>
								</control>
								<control type="image">
									<width>100</width>
									<height>100</height>
									<texture>$INFO[ListItem.Art(thumb)]</texture>
									<aspectratio>scale</aspectratio>
								</control>
								<control type="image">
									<centerleft>50</centerleft>
									<centertop>50</centertop>
									<width>64</width>
									<height>64</height>
									<texture>DefaultMusicSongs.png</texture>
									<aspectratio>keep</aspectratio>
									<visible>IsEmpty(ListItem.Art(thumb))</visible>
								</control>
							</control>
							<control type="group">
								<left>136</left>
								<top>4</top>
								<control type="label">
									<width>657</width>
									<label>$VAR[media:Title]</label>
									<include>container_Title</include>
								</control>
								<control type="label">
									<top>28</top>
									<width>800</width>
									<label>$INFO[ListItem.Property(Artist)]</label>
									<include>container_Sub</include>
								</control>
								<control type="label">
									<top>62</top>
									<width>800</width>
									<label>$INFO[ListItem.Property(Genre)]$INFO[ListItem.Property(Year), • ]</label>
									<include>container_Text</include>
								</control>
							</control>
							<control type="image">
								<left>737</left>
								<top>15</top>
								<width>128</width>
								<height>22</height>
								<texture>$INFO[ListItem.Property(StarRating),rating/nf-,]</texture>
								<aspectratio align="right">keep</aspectratio>
							</control>
						</itemlayout>
						<focusedlayout width="880" height="120">
							<control type="group">
								<visible>Control.HasFocus(181) | Window.IsActive(script-globalsearch-contextmenu.xml)</visible>
								<control type="image">
									<width>880</width>
									<height>114</height>
									<include>art_Frame-fo</include>
								</control>
								<control type="group">
									<left>136</left>
									<top>4</top>
									<control type="label">
										<width>657</width>
										<label>$VAR[media:Title]</label>
										<include>container_Title-focus</include>
									</control>
									<control type="label">
										<top>28</top>
										<width>800</width>
										<label>$INFO[ListItem.Property(Artist)]</label>
										<include>container_Sub-focus</include>
									</control>
									<control type="label">
										<top>62</top>
										<width>800</width>
										<label>$INFO[ListItem.Property(Genre)]$INFO[ListItem.Property(Year), • ]</label>
										<include>container_Text-focus</include>
									</control>
								</control>
							</control>
							<control type="group">
								<visible>!Control.HasFocus(181) + !Window.IsActive(script-globalsearch-contextmenu.xml)</visible>
								<control type="image">
									<width>114</width>
									<height>114</height>
									<include>art_Frame-nf</include>
								</control>
								<control type="group">
									<left>136</left>
									<top>4</top>
									<control type="label">
										<width>657</width>
										<label>$VAR[media:Title]</label>
										<include>container_Title</include>
									</control>
									<control type="label">
										<top>28</top>
										<width>800</width>
										<label>$INFO[ListItem.Property(Artist)]</label>
										<include>container_Sub</include>
									</control>
									<control type="label">
										<top>62</top>
										<width>800</width>
										<label>$INFO[ListItem.Property(Genre)]$INFO[ListItem.Property(Year), • ]</label>
										<include>container_Text</include>
									</control>
								</control>
							</control>
							<control type="group">
								<left>7</left>
								<top>7</top>
								<control type="image">
									<width>100</width>
									<height>100</height>
									<texture>thumbs/default_Square.png</texture>
									<aspectratio>keep</aspectratio>
								</control>
								<control type="image">
									<width>100</width>
									<height>100</height>
									<texture>$INFO[ListItem.Art(thumb)]</texture>
									<aspectratio>scale</aspectratio>
								</control>
								<control type="image">
									<centerleft>50</centerleft>
									<centertop>50</centertop>
									<width>64</width>
									<height>64</height>
									<texture>DefaultMusicSongs.png</texture>
									<aspectratio>keep</aspectratio>
									<visible>IsEmpty(ListItem.Art(thumb))</visible>
								</control>
							</control>
						</focusedlayout>
					</control>
					<control type="image">
						<left>737</left>
						<top>15</top>
						<width>128</width>
						<height>22</height>
						<texture>$INFO[ListItem.Property(StarRating),rating/fo-,]</texture>
						<colordiffuse>Color4</colordiffuse>
						<aspectratio align="right">keep</aspectratio>
					</control>
					<control type="scrollbar" id="78">
						<left>912</left>
						<height>screen_Height</height>
						<onleft>181</onleft>
						<visible>Container(9000).HasFocus(8)</visible>
					</control>
				</control>
			</control>
		</control>
	</controls>
</window>
