<?xml version="1.0" encoding="utf-8"?>
<window type="buttonMenu">
	<defaultcontrol>9001</defaultcontrol>
	<include>transition_Dialog</include>
	<!-- <animation effect="fade" time="250">WindowOpen</animation>
	<animation effect="fade" time="250">WindowClose</animation> -->
	<allowoverlay>yes</allowoverlay>
	<coordinates>
		<system>1</system>
		<left>0</left>
		<top>0</top>
		<origin x="485" y="250" />
	</coordinates>
	<controls>
		<control type="button" id="9001">
			<description>Make sure we hit the first button in the group list and not the close window button</description>
			<posx>-16</posx>
			<posy>-16</posy>
			<width>4</width>
			<height>4</height>
			<label>-</label>
			<font>-</font>
			<onfocus>down</onfocus>
			<texturefocus>-</texturefocus>
			<texturenofocus>-</texturenofocus>
			<onleft>9000</onleft>
			<onright>9000</onright>
			<onup>9000</onup>
			<ondown>2</ondown>
		</control>
		<!-- <control type="image">
			<description>background image</description>
			<posx>470</posx>
			<posy>240</posy>
			<width>340</width>
			<height>120</height>
			<align>center</align>
			<texture border="20,19,20,0">contentpanel.png</texture>
		</control> -->
		<control type="image" id="999">
			<width>310</width>
			<height>118</height>
			<include>dialog_Menu</include>
		</control>
		<control type="image">
			<left>4</left>
			<top>18</top>
			<width>302</width>
			<include>dialog_Separator</include>
		</control>
		<!-- Overlay the buttons on top of the background image with a 20 boarder -->
		<control type="grouplist" id="9000">
			<left>4</left>
			<top>18</top>
			<width>302</width>
			<orientation>vertical</orientation>
			<height min="40" max="500">auto</height>
			<itemgap>0</itemgap>
			<onleft>9000</onleft>
			<onright>9000</onright>
			<onup>9000</onup>
			<ondown>9000</ondown>
			<!-- <align>center</align> -->
			<control type="button" id="2">
				<description>Resume button</description>
				<width>302</width>
				<!-- <height>40</height> -->
				<!-- <textcolor>FF999999</textcolor>
				<focusedcolor>FFFFFFFF</focusedcolor>
				<align>center</align>
				<textwidth>290</textwidth>
				<pulseonselect>no</pulseonselect>
				<font>font13</font> -->
				<label>$ADDON[script.videoextras 32104]</label>
				<include>dialog_ControlCommons</include>
			</control>
			<control type="button" id="40">
				<description>Start from beginning button</description>
				<width>302</width>
				<!-- <height>40</height>
				<textcolor>FF999999</textcolor>
				<focusedcolor>FFFFFFFF</focusedcolor>
				<align>center</align>
				<textwidth>290</textwidth>
				<pulseonselect>no</pulseonselect>
				<font>font13</font> -->
				<label>$ADDON[script.videoextras 32105]</label>
				<include>dialog_ControlCommons</include>
			</control>
		</control>
	</controls>
</window>
