<?xml version="1.0" encoding="utf-8"?>
<includes>
	<!--PVR INFO-->
	<include name="detail_PVR">
		<control type="group">
			<left>80</left>
			<top>540</top>
			<include>toggle_Menu</include>
			<include>transition_Content</include>
			<control type="image">
				<width>142</width>
				<height>142</height>
				<include>art_Frame-nf</include>
			</control>
			<control type="group">
				<left>7</left>
				<top>7</top>
				<control type="image">
					<width>128</width>
					<height>128</height>
					<texture>thumbs/default_Square.png</texture>
				</control>
				<control type="image">
					<centerleft>64</centerleft>
					<centertop>64</centertop>
					<width>72</width>
					<height>72</height>
					<texture>DefaultIconTV.png</texture>
					<visible>IsEmpty(ListItem.Icon)</visible>
				</control>
				<control type="image">
					<width>128</width>
					<height>128</height>
					<texture>$INFO[ListItem.Icon]</texture>
					<aspectratio align="center" aligny="center">keep</aspectratio>
				</control>
			</control>
			<control type="grouplist">
				<left>168</left>
				<itemgap>0</itemgap>
				<control type="label" id="1">
					<width>950</width>
					<label>$INFO[ListItem.Title]</label>
					<include>detail_Title</include>
				</control>
				<control type="label" id="1">
					<width>950</width>
					<label>$INFO[ListItem.StartTime]$INFO[ListItem.EndTime, - ]</label>
					<include>detail_Sub</include>
				</control>
				<control type="label" id="1">
					<label>-</label>
					<height>5</height>
				</control>
				<control type="textbox">
					<width>950</width>
					<height>89</height>
					<label>$INFO[ListItem.Plot]</label>
					<include>detail_Text</include>
				</control>
			</control>
		</control>
	</include>
	<!--GUIDE TIMELINE-->
	<include name="view_Guide-timeline-Commons">
		<!-- episode names grid -->
		<control type="label" id="1">
			<left>8</left>
			<width>84</width>
			<height>48</height>
			<align>left</align>
			<label>$INFO[ListItem.Label]</label>
			<include>column_CommonListItem</include>
			<visible>!ListItem.HasTimer + !ListItem.IsRecording</visible>
		</control>
		<control type="label" id="1">
			<left>40</left>
			<width>52</width>
			<height>48</height>
			<align>left</align>
			<label>$INFO[ListItem.Label]</label>
			<include>column_CommonListItem</include>
			<visible>ListItem.HasTimer | ListItem.IsRecording</visible>
		</control>
		<control type="group">
			<left>6</left>
			<top>9</top>
			<control type="image">
				<width>28</width>
				<height>28</height>
				<texture>$VAR[pvr:Status]</texture>
				<colordiffuse>Color1</colordiffuse>
				<visible>ListItem.HasTimer + !ListItem.IsRecording</visible>
			</control>
			<control type="image">
				<width>28</width>
				<height>28</height>
				<texture>$VAR[pvr:Status]</texture>
				<colordiffuse>rec1</colordiffuse>
				<visible>ListItem.HasTimer + ListItem.IsRecording</visible>
			</control>
		</control>
	</include>
	<include name="view_Guide-timeline">
		<!--epg grid-->
		<control type="epggrid" id="10">
			<viewtype label="19032">timeline</viewtype>
			<left>35</left>
			<top>71</top>
			<width>1247</width>
			<height>437</height>
			<scrolltime tween="Cubic" easing="Out">200</scrolltime>
			<timeblocks>34</timeblocks>
			<rulerunit>6</rulerunit>
			<progresstexture border="2,58,20,20">pvr/epg_progress.png</progresstexture>
			<onback>6000</onback>
			<onup>10</onup>
			<ondown>10</ondown>
			<onleft>6000</onleft>
			<onright>6000</onright>
			<pagecontrol>10</pagecontrol>
			<include>transition_Content</include>
			<include>toggle_Menu</include>
			<!--top ruler times date -->
			<rulerlayout height="44" width="40">
				<control type="label" id="2">
					<left>5</left>
					<width>34</width>
					<height>42</height>
					<label>$INFO[ListItem.Label]</label>
					<font>regular</font>
					<textcolor>Color2</textcolor>
				</control>
			</rulerlayout>
			<channellayout width="202" height="49">
				<control type="image">
					<width>200</width>
					<height>49</height>
					<bordersize>1</bordersize>
					<texture>colorize/100.png</texture>
					<colordiffuse>column3</colordiffuse>
				</control>
				<!-- channel column names -->
				<control type="label" id="1">
					<left>15</left>
					<width>205</width>
					<height>44</height>
					<label>[B]$INFO[ListItem.ChannelNumber,,  ][/B]$INFO[ListItem.ChannelName]</label>
					<include>column_CommonListItem</include>
				</control>
			</channellayout>
			<!-- channel column select focus -->
			<focusedchannellayout width="202" height="49">
				<control type="image">
					<width>200</width>
					<height>49</height>
					<bordersize>1</bordersize>
					<texture>colorize/100.png</texture>
					<colordiffuse>column3</colordiffuse>
				</control>
				<!-- channel column names focus -->
				<control type="label" id="1">
					<left>15</left>
					<width>205</width>
					<height>44</height>
					<label>[B]$INFO[ListItem.ChannelNumber,,  ][/B]$INFO[ListItem.ChannelName]</label>
					<include>column_CommonListItem</include>
				</control>
			</focusedchannellayout>
			<!-- ? -->
			<itemlayout width="100" height="49">
				<control type="image" id="2">
					<width>100</width>
					<height>49</height>
					<bordersize>1</bordersize>
					<texture>pvr/genres/none.png</texture>
					<aspectratio>stretch</aspectratio>
					<visible>StringCompare(ListItem.Property(GenreType),0) | StringCompare(ListItem.Property(GenreType),10) | StringCompare(ListItem.Property(GenreType),20) | StringCompare(ListItem.Property(GenreType),30)</visible>
				</control>
				<!-- channel grid border all -->
				<control type="image" id="2">
					<width>100</width>
					<height>49</height>
					<bordersize>1</bordersize>
					<aspectratio>stretch</aspectratio>
					<texture>pvr/genres/$INFO[ListItem.Property(GenreType)].png</texture>
				</control>
				<include>view_Guide-timeline-Commons</include>
			</itemlayout>
			<focusedlayout width="100" height="49">
				<control type="image" id="14">
					<width>101</width>
					<height>49</height>
					<colordiffuse>Color1</colordiffuse>
					<include>column_CommonListFocus</include>
				</control>
				<!-- channel grid border select focus -->
				<control type="image" id="2">
					<width>100</width>
					<height>49</height>
					<bordersize>2</bordersize>
					<texture>pvr/genres/none.png</texture>
					<aspectratio>stretch</aspectratio>
					<visible>StringCompare(ListItem.Property(GenreType),0) | StringCompare(ListItem.Property(GenreType),10) | StringCompare(ListItem.Property(GenreType),20) | StringCompare(ListItem.Property(GenreType),30)</visible>
				</control>
				<!-- channel grid channel focus -->
				<control type="image" id="2">
					<width>100</width>
					<height>49</height>
					<bordersize>2</bordersize>
					<aspectratio>stretch</aspectratio>
					<texture>pvr/genres/$INFO[ListItem.Property(GenreType)].png</texture>
				</control>
				<include>view_Guide-timeline-Commons</include>
			</focusedlayout>
		</control>
	</include>
	<!--GUIDE NOW-->
	<include name="view_Guide-now">
		<control type="group">
			<left>39</left>
			<include>transition_Content</include>
			<include>toggle_Menu</include>
			<control type="group">
				<top>100</top>
				<visible>Control.IsVisible(11)</visible>
				<!--channel-->
				<control type="label">
					<left>15</left>
					<width>200</width>
					<label>$LOCALIZE[19148]</label>
					<include>column_Header</include>
				</control>
				<!--title-->
				<control type="label">
					<left>235</left>
					<width>250</width>
					<label>$LOCALIZE[369]</label>
					<include>column_Header</include>
				</control>
				<!--time-->
				<control type="label">
					<left>931</left>
					<width>550</width>
					<label>$LOCALIZE[555]</label>
					<include>column_Header</include>
				</control>
				<!--duration-->
				<control type="label">
					<left>1065</left>
					<width>140</width>
					<label>$LOCALIZE[180]</label>
					<include>column_Header</include>
				</control>
			</control>
			<control type="list" id="11">
				<viewtype label="19030">now</viewtype>
				<top>135</top>
				<width>1200</width>
				<height>352</height>
				<onup>11</onup>
				<ondown>11</ondown>
				<onleft>6000</onleft>
				<onright>70</onright>
				<pagecontrol>70</pagecontrol>
				<scrolltime tween="Cubic" easing="Out">400</scrolltime>
				<include>transition_Content</include>
				<itemlayout width="1200" height="44">
					<control type="group">
						<control type="image">
							<width>220</width>
							<height>42</height>
							<texture>views/column-fo.png</texture>
							<colordiffuse>column2</colordiffuse>
						</control>
						<control type="image">
							<left>222</left>
							<width>704</width>
							<height>42</height>
							<texture>views/column-fo.png</texture>
							<colordiffuse>column2</colordiffuse>
						</control>
						<control type="image">
							<left>928</left>
							<width>135</width>
							<height>42</height>
							<texture>views/column-fo.png</texture>
							<colordiffuse>column2</colordiffuse>
						</control>
						<control type="image">
							<left>1065</left>
							<width>135</width>
							<height>42</height>
							<texture>views/column-fo.png</texture>
							<colordiffuse>column2</colordiffuse>
						</control>
					</control>
					<control type="group">
						<posx>15</posx>
						<control type="label" id="1">
							<width>205</width>
							<label>[B]$INFO[ListItem.ChannelNumber,,  ][/B]$INFO[ListItem.ChannelName]</label>
							<include>column_CommonListItem</include>
						</control>
						<control type="label">
							<left>222</left>
							<width>637</width>
							<label>$INFO[ListItem.Label]</label>
							<include>column_CommonListItem</include>
						</control>
						<control type="label">
							<left>928</left>
							<width>553</width>
							<label>$INFO[ListItem.StartTime]</label>
							<include>column_CommonListItem</include>
						</control>
						<control type="label">
							<left>1065</left>
							<width>400</width>
							<label>$INFO[ListItem.Duration]</label>
							<include>column_CommonListItem</include>
						</control>
					</control>
					<control type="group">
						<left>890</left>
						<top>7</top>
						<width>28</width>
						<height>28</height>
						<include>progress_PVR</include>
					</control>
				</itemlayout>
				<focusedlayout width="1200" height="44">
					<control type="image">
						<width>1200</width>
						<height>42</height>
						<include>column_CommonListFocus</include>
					</control>
					<control type="group">
						<posx>15</posx>
						<control type="label" id="1">
							<width>205</width>
							<label>[B]$INFO[ListItem.ChannelNumber,,  ][/B]$INFO[ListItem.ChannelName]</label>
							<include>column_CommonListItem-focus</include>
						</control>
						<control type="label">
							<left>222</left>
							<width>637</width>
							<label>$INFO[ListItem.Label]</label>
							<include>column_CommonListItem-focus</include>
						</control>
						<control type="label">
							<left>928</left>
							<width>553</width>
							<label>$INFO[ListItem.StartTime]</label>
							<include>column_CommonListItem-focus</include>
						</control>
						<control type="label">
							<left>1065</left>
							<width>400</width>
							<label>$INFO[ListItem.Duration]</label>
							<include>column_CommonListItem-focus</include>
						</control>
					</control>
					<control type="group">
						<left>890</left>
						<top>7</top>
						<width>28</width>
						<height>28</height>
						<include>progress_PVR-fo</include>
					</control>
				</focusedlayout>
			</control>
		</control>
	</include>
	<!--GUIDE NEXT-->
	<include name="view_Guide-next">
		<control type="group">
			<left>39</left>
			<include>transition_Content</include>
			<include>toggle_Menu</include>
			<control type="group">
				<top>100</top>
				<visible>Control.IsVisible(12)</visible>
				<!--channel-->
				<control type="label">
					<left>15</left>
					<width>200</width>
					<label>$LOCALIZE[19148]</label>
					<include>column_Header</include>
				</control>
				<!--title-->
				<control type="label">
					<left>235</left>
					<width>250</width>
					<label>$LOCALIZE[369]</label>
					<include>column_Header</include>
				</control>
				<!--time-->
				<control type="label">
					<left>931</left>
					<width>550</width>
					<label>$LOCALIZE[555]</label>
					<include>column_Header</include>
				</control>
				<!--duration-->
				<control type="label">
					<left>1065</left>
					<width>140</width>
					<label>$LOCALIZE[180]</label>
					<include>column_Header</include>
				</control>
			</control>
			<control type="list" id="12">
				<viewtype label="19031">next</viewtype>
				<top>135</top>
				<width>1200</width>
				<height>352</height>
				<onup>12</onup>
				<ondown>12</ondown>
				<onleft>6000</onleft>
				<onright>70</onright>
				<pagecontrol>70</pagecontrol>
				<scrolltime tween="Cubic" easing="Out">400</scrolltime>
				<include>transition_Content</include>
				<itemlayout width="1200" height="44">
					<control type="group">
						<control type="image">
							<width>220</width>
							<height>42</height>
							<texture>views/column-fo.png</texture>
							<colordiffuse>column2</colordiffuse>
						</control>
						<control type="image">
							<left>222</left>
							<width>704</width>
							<height>42</height>
							<texture>views/column-fo.png</texture>
							<colordiffuse>column2</colordiffuse>
						</control>
						<control type="image">
							<left>928</left>
							<width>135</width>
							<height>42</height>
							<texture>views/column-fo.png</texture>
							<colordiffuse>column2</colordiffuse>
						</control>
						<control type="image">
							<left>1065</left>
							<width>135</width>
							<height>42</height>
							<texture>views/column-fo.png</texture>
							<colordiffuse>column2</colordiffuse>
						</control>
					</control>
					<control type="group">
						<posx>15</posx>
						<control type="label" id="1">
							<width>205</width>
							<label>[B]$INFO[ListItem.ChannelNumber,,  ][/B]$INFO[ListItem.ChannelName]</label>
							<include>column_CommonListItem</include>
						</control>
						<control type="label">
							<left>222</left>
							<width>637</width>
							<label>$INFO[ListItem.Label]</label>
							<include>column_CommonListItem</include>
						</control>
						<control type="label">
							<left>928</left>
							<width>553</width>
							<label>$INFO[ListItem.StartTime]</label>
							<include>column_CommonListItem</include>
						</control>
						<control type="label">
							<left>1065</left>
							<width>400</width>
							<label>$INFO[ListItem.Duration]</label>
							<include>column_CommonListItem</include>
						</control>
						<control type="group">
							<left>878</left>
							<include>status_PVR</include>
						</control>
					</control>
				</itemlayout>
				<focusedlayout width="1200" height="44">
					<control type="image">
						<width>1200</width>
						<height>42</height>
						<include>column_CommonListFocus</include>
					</control>
					<control type="group">
						<posx>15</posx>
						<control type="label" id="1">
							<width>205</width>
							<label>[B]$INFO[ListItem.ChannelNumber,,  ][/B]$INFO[ListItem.ChannelName]</label>
							<include>column_CommonListItem-focus</include>
						</control>
						<control type="label">
							<left>222</left>
							<width>637</width>
							<label>$INFO[ListItem.Label]</label>
							<include>column_CommonListItem-focus</include>
						</control>
						<control type="label">
							<left>928</left>
							<width>553</width>
							<label>$INFO[ListItem.StartTime]</label>
							<include>column_CommonListItem-focus</include>
						</control>
						<control type="label">
							<left>1065</left>
							<width>400</width>
							<label>$INFO[ListItem.Duration]</label>
							<include>column_CommonListItem-focus</include>
						</control>
						<control type="group">
							<left>878</left>
							<include>status_PVR-fo</include>
						</control>
					</control>
				</focusedlayout>
			</control>
		</control>
	</include>
	<!--GUIDE CHANNELS-->
	<include name="view_Guide-channels">
		<control type="group">
			<left>39</left>
			<include>transition_Content</include>
			<include>toggle_Menu</include>
			<!--info-->
			<control type="group">
				<left>15</left>
				<top>100</top>
				<visible>Control.IsVisible(13)</visible>
				<!--time-->
				<control type="label">
					<left>0</left>
					<width>200</width>
					<label>$LOCALIZE[555]</label>
					<include>column_Header</include>
				</control>
				<!--title-->
				<control type="label">
					<left>137</left>
					<width>250</width>
					<label>$LOCALIZE[369]</label>
					<include>column_Header</include>
				</control>
				<!--date-->
				<control type="label">
					<left>954</left>
					<width>690</width>
					<label>$LOCALIZE[552]</label>
					<include>column_Header</include>
				</control>
			</control>
			<!--container-->
			<control type="list" id="13">
				<viewtype label="19029">channels</viewtype>
				<top>135</top>
				<width>1220</width>
				<height>352</height>
				<onup>13</onup>
				<ondown>13</ondown>
				<onleft>6000</onleft>
				<onright>70</onright>
				<pagecontrol>70</pagecontrol>
				<scrolltime tween="Cubic" easing="Out">400</scrolltime>
				<itemlayout height="44">
					<control type="group">
						<control type="image">
							<width>135</width>
							<height>42</height>
							<texture>views/column-fo.png</texture>
							<colordiffuse>column2</colordiffuse>
						</control>
						<control type="image">
							<left>137</left>
							<width>815</width>
							<height>42</height>
							<texture>views/column-fo.png</texture>
							<colordiffuse>column2</colordiffuse>
						</control>
						<control type="image">
							<left>954</left>
							<width>246</width>
							<height>42</height>
							<texture>views/column-fo.png</texture>
							<colordiffuse>column2</colordiffuse>
						</control>
					</control>
					<control type="group">
						<posx>15</posx>
						<control type="label" id="1">
							<width>135</width>
							<label>$INFO[ListItem.StartTime]</label>
							<include>column_CommonListItem</include>
						</control>
						<control type="label">
							<left>137</left>
							<width>637</width>
							<label>$INFO[ListItem.Title]</label>
							<include>column_CommonListItem</include>
						</control>
						<control type="label">
							<left>954</left>
							<width>553</width>
							<label>$INFO[ListItem.StartDate]</label>
							<include>column_CommonListItem</include>
						</control>
					</control>
					<control type="group">
						<left>915</left>
						<include>status_PVR</include>
					</control>
				</itemlayout>
				<focusedlayout height="44">
					<control type="image">
						<width>1200</width>
						<height>42</height>
						<texture>views/column-fo.png</texture>
						<colordiffuse>column2</colordiffuse>
					</control>
					<control type="image">
						<width>1200</width>
						<height>42</height>
						<include>column_CommonListFocus</include>
					</control>
					<control type="group">
						<posx>15</posx>
						<control type="label" id="1">
							<width>135</width>
							<label>$INFO[ListItem.StartTime]</label>
							<include>column_CommonListItem-focus</include>
						</control>
						<control type="label">
							<left>137</left>
							<width>637</width>
							<label>$INFO[ListItem.Title]</label>
							<include>column_CommonListItem-focus</include>
						</control>
						<control type="label">
							<left>954</left>
							<width>553</width>
							<label>$INFO[ListItem.StartDate]</label>
							<include>column_CommonListItem-focus</include>
						</control>
					</control>
					<control type="group">
						<left>915</left>
						<include>status_PVR-fo</include>
					</control>
				</focusedlayout>
			</control>
		</control>
	</include>
	<!--SEARCH-->
	<include name="view_PVR-search-Commons">
		<control type="group">
			<control type="image">
				<width>220</width>
				<height>42</height>
				<texture>views/column-fo.png</texture>
				<colordiffuse>column2</colordiffuse>
			</control>
			<control type="image">
				<left>222</left>
				<width>593</width>
				<height>42</height>
				<texture>views/column-fo.png</texture>
				<colordiffuse>column2</colordiffuse>
			</control>
			<control type="image">
				<left>817</left>
				<width>246</width>
				<height>42</height>
				<texture>views/column-fo.png</texture>
				<colordiffuse>column2</colordiffuse>
			</control>
			<control type="image">
				<left>1065</left>
				<width>135</width>
				<height>42</height>
				<texture>views/column-fo.png</texture>
				<colordiffuse>column2</colordiffuse>
			</control>
		</control>
		<control type="group">
			<left>15</left>
			<control type="label" id="1">
				<width>190</width>
				<label>[B]$INFO[ListItem.ChannelNumber,,  ][/B]$INFO[ListItem.ChannelName]</label>
				<include>column_CommonListItem</include>
			</control>
			<control type="label" id="1">
				<left>222</left>
				<width>563</width>
				<label>$INFO[ListItem.Label]</label>
				<include>column_CommonListItem</include>
			</control>
			<control type="label" id="1">
				<left>817</left>
				<width>216</width>
				<label>$INFO[ListItem.StartDate]</label>
				<include>column_CommonListItem</include>
			</control>
			<control type="label" id="1">
				<left>1065</left>
				<width>105</width>
				<label>$INFO[ListItem.StartTime]</label>
				<include>column_CommonListItem</include>
			</control>
		</control>
		<control type="group">
			<left>778</left>
			<include>status_PVR</include>
			<visible>!IsEmpty(ListItem.ChannelName)</visible>
		</control>
	</include>
	<include name="view_PVR-search">
		<control type="group">
			<left>40</left>
			<include>transition_Content</include>
			<include>toggle_Menu</include>
			<control type="group">
				<top>125</top>
				<visible>Control.IsVisible(50)</visible>
				<!--time-->
				<control type="label">
					<left>15</left>
					<width>200</width>
					<label>19148</label>
					<include>column_Header</include>
				</control>
				<!--title-->
				<control type="label">
					<left>237</left>
					<width>250</width>
					<label>369</label>
					<include>column_Header</include>
				</control>
				<!--date-->
				<control type="label">
					<left>829</left>
					<width>550</width>
					<label>552</label>
					<include>column_Header</include>
				</control>
				<!--time-->
				<control type="label">
					<left>1080</left>
					<width>140</width>
					<label>555</label>
					<include>column_Header</include>
				</control>
			</control>
			<control type="list" id="50">
				<top>155</top>
				<width>1200</width>
				<height>352</height>
				<onup>50</onup>
				<ondown>50</ondown>
				<onleft>6000</onleft>
				<onright>70</onright>
				<pagecontrol>70</pagecontrol>
				<scrolltime tween="Cubic" easing="Out">200</scrolltime>
				<itemlayout height="44" width="1200">
					<include>view_PVR-search-Commons</include>
				</itemlayout>
				<focusedlayout height="44" width="1200">
					<control type="group">
						<include>container_Focus</include>
						<control type="image">
							<width>1200</width>
							<height>42</height>
							<texture>views/column-fo.png</texture>
							<colordiffuse>column1</colordiffuse>
						</control>
						<control type="group">
							<left>15</left>
							<control type="label" id="1">
								<width>190</width>
								<label>[B]$INFO[ListItem.ChannelNumber,,  ][/B]$INFO[ListItem.ChannelName]</label>
								<include>column_CommonListItem-focus</include>
							</control>
							<control type="label" id="1">
								<left>222</left>
								<width>563</width>
								<label>$INFO[ListItem.Label]</label>
								<include>column_CommonListItem-focus</include>
							</control>
							<control type="label" id="1">
								<left>817</left>
								<width>216</width>
								<label>$INFO[ListItem.StartDate]</label>
								<include>column_CommonListItem-focus</include>
							</control>
							<control type="label" id="1">
								<left>1065</left>
								<width>105</width>
								<label>$INFO[ListItem.StartTime]</label>
								<include>column_CommonListItem-focus</include>
							</control>
						</control>
						<control type="group">
							<left>778</left>
							<include>status_PVR-fo</include>
							<visible>!IsEmpty(ListItem.ChannelName)</visible>
						</control>
					</control>
					<control type="group">
						<include>container_Unfocus</include>
						<include>view_PVR-search-Commons</include>
					</control>
				</focusedlayout>
			</control>
		</control>
	</include>
	<!--TIMERS-->
	<include name="view_PVR-timers-Commons">
		<control type="group">
			<control type="image">
				<width>200</width>
				<height>42</height>
				<texture>views/column-nf.png</texture>
				<colordiffuse>column2</colordiffuse>
			</control>
			<control type="image">
				<left>202</left>
				<width>776</width>
				<height>42</height>
				<texture>views/column-fo.png</texture>
				<colordiffuse>column2</colordiffuse>
			</control>
			<control type="image">
				<left>980</left>
				<width>220</width>
				<height>42</height>
				<texture>views/column-fo.png</texture>
				<colordiffuse>column2</colordiffuse>
			</control>
		</control>
		<control type="group">
			<posx>15</posx>
			<control type="label">
				<width>180</width>
				<label>$INFO[ListItem.StartDate]</label>
				<include>column_CommonListItem</include>
			</control>
			<control type="label">
				<left>202</left>
				<width>746</width>
				<label>$INFO[ListItem.Label]</label>
				<include>column_CommonListItem</include>
			</control>
			<control type="label">
				<left>980</left>
				<width>210</width>
				<label>$INFO[ListItem.StartTime]$INFO[ListItem.EndTime, - ]</label>
				<include>column_CommonListItem</include>
			</control>
		</control>
		<control type="group">
			<left>943</left>
			<top>7</top>
			<visible>!IsEmpty(ListItem.StartTime)</visible>
			<control type="image">
				<width>28</width>
				<height>28</height>
				<texture>pvr/status/none-nf.png</texture>
				<!--!enabled +!recording active-->
				<visible>!StringCompare(ListItem.Comment,$LOCALIZE[305]) + !StringCompare(ListItem.Comment,$LOCALIZE[19162])</visible>
			</control>
			<control type="image">
				<width>28</width>
				<height>28</height>
				<texture>pvr/status/enabled.png</texture>
				<colordiffuse>rec1</colordiffuse>
				<!--recording active-->
				<visible>StringCompare(ListItem.Comment,$LOCALIZE[19162])</visible>
			</control>
			<control type="image">
				<width>28</width>
				<height>28</height>
				<texture>pvr/status/enabled.png</texture>
				<!--enabled-->
				<visible>StringCompare(ListItem.Comment,$LOCALIZE[305])</visible>
			</control>
		</control>
	</include>
	<include name="view_PVR-timers">
		<control type="group">
			<left>40</left>
			<include>toggle_Menu</include>
			<include>transition_Content</include>
			<control type="group">
				<left>15</left>
				<top>125</top>
				<visible>Control.IsVisible(50)</visible>
				<!--time-->
				<control type="label">
					<width>180</width>
					<label>$LOCALIZE[552]</label>
					<include>column_Header</include>
				</control>
				<!--title-->
				<control type="label">
					<left>202</left>
					<width>746</width>
					<label>$LOCALIZE[369]</label>
					<include>column_Header</include>
				</control>
				<!--date-->
				<control type="label">
					<left>980</left>
					<width>210</width>
					<label>$LOCALIZE[555]</label>
					<include>column_Header</include>
				</control>
			</control>
			<control type="list" id="50">
				<top>155</top>
				<width>1200</width>
				<height>528</height>
				<onup>50</onup>
				<ondown>50</ondown>
				<onleft>6000</onleft>
				<onright>70</onright>
				<pagecontrol>70</pagecontrol>
				<scrolltime tween="Cubic" easing="Out">400</scrolltime>
				<itemlayout height="44">
					<include>view_PVR-timers-Commons</include>
				</itemlayout>
				<focusedlayout height="44">
					<control type="group">
						<include>container_Focus</include>
						<control type="image">
							<width>1200</width>
							<height>42</height>
							<include>column_CommonListFocus</include>
						</control>
						<control type="group">
							<posx>15</posx>
							<control type="label">
								<width>180</width>
								<label>$INFO[ListItem.StartDate]</label>
								<include>column_CommonListItem-focus</include>
							</control>
							<control type="label">
								<left>202</left>
								<width>746</width>
								<label>$INFO[ListItem.Label]</label>
								<include>column_CommonListItem-focus</include>
							</control>
							<control type="label">
								<left>980</left>
								<width>210</width>
								<label>$INFO[ListItem.StartTime]$INFO[ListItem.EndTime, - ]</label>
								<include>column_CommonListItem-focus</include>
							</control>
						</control>
						<control type="group">
							<left>943</left>
							<top>7</top>
							<visible>!IsEmpty(ListItem.StartTime)</visible>
							<control type="image">
								<width>28</width>
								<height>28</height>
								<texture>pvr/status/none-nf.png</texture>
								<colordiffuse>Color4</colordiffuse>
								<!--!enabled +!recording active-->
								<visible>!StringCompare(ListItem.Comment,$LOCALIZE[305]) + !StringCompare(ListItem.Comment,$LOCALIZE[19162])</visible>
							</control>
							<control type="image">
								<width>28</width>
								<height>28</height>
								<texture>pvr/status/enabled.png</texture>
								<colordiffuse>rec2</colordiffuse>
								<!--recording active-->
								<visible>StringCompare(ListItem.Comment,$LOCALIZE[19162])</visible>
							</control>
							<control type="image">
								<width>28</width>
								<height>28</height>
								<texture>pvr/status/enabled.png</texture>
								<colordiffuse>Color4</colordiffuse>
								<!--enabled-->
								<visible>StringCompare(ListItem.Comment,$LOCALIZE[305])</visible>
							</control>
						</control>
					</control>
					<control type="group">
						<include>container_Unfocus</include>
						<include>view_PVR-timers-Commons</include>
					</control>
				</focusedlayout>
			</control>
		</control>
	</include>
</includes>
