<?xml version="1.0" encoding="utf-8"?>
<window>
	<defaultcontrol>10</defaultcontrol>
	<include>transition_Dialog</include>
	<coordinates>
		<system>1</system>
		<left>315</left>
		<top>79</top>
	</coordinates>
	<controls>
		<control type="image" id="0">
			<width>650</width>
			<height>562</height>
			<include>dialog_Window</include>
		</control>
		<control type="label" id="1">
			<width>642</width>
			<label>$LOCALIZE[262]</label>
			<include>dialog_Windowtitle</include>
		</control>
		<control type="group">
			<left>4</left>
			<top>60</top>
			<control type="image">
				<width>642</width>
				<include>dialog_Separator</include>
			</control>
			<control type="image">
				<top>417</top>
				<width>642</width>
				<include>dialog_Separator</include>
			</control>
			<control type="textbox" id="5">
				<left>15</left>
				<width>630</width>
				<height>417</height>
				<textcolor>Color4</textcolor>
				<pagecontrol>111</pagecontrol>
				<autoscroll delay="6000" time="3000" repeat="100">!Control.HasFocus(111)</autoscroll>
				<include>dialog_Text</include>
			</control>
		</control>
		<!--dialog controls-->
		<control type="group" id="9000">
			<left>20</left>
			<top>498</top>
			<!--ok-->
			<control type="button" id="10">
				<label>$LOCALIZE[186]</label>
				<onleft>111</onleft>
				<onright>111</onright>
				<onclick>Dialog.Close(textviewer)</onclick>
				<include>dialog_WindowButton</include>
			</control>
			<control type="spincontrol" id="111">
				<left>542</left>
				<top>5</top>
				<width>32</width>
				<height>32</height>
				<align>right</align>
				<onleft>10</onleft>
				<onright>10</onright>
				<subtype>page</subtype>
				<showonepage>false</showonepage>
				<focusedcolor>Color4</focusedcolor>
				<include>dialog_ControlCommons</include>
				<include>dialog_Spin</include>
			</control>
		</control>
	</controls>
</window>
