<?xml version="1.0" encoding="utf-8"?>
<includes>
	<include name="home_Background">
		<control type="group">
			<visible>![Control.HasFocus(9000) + Skin.HasSetting(widgets.push) + !IsEmpty(Container(9000).ListItem.Property(Widget))] | Skin.HasSetting(widgets.disable)</visible>
			<include>fadeinout</include>
			<control type="image">
				<texture background="true" fallback="special://skin/backgrounds/defaults/kodi.jpg">$VAR[home:Background]</texture>
				<include>home_Slideshow</include>
				<visible>[Skin.String(homebackground,single) | Skin.String(homebackground,fanart) | IsEmpty(Skin.String(homebackground))] + ![Player.HasAudio + Skin.HasSetting(home.nowplaying) + !Skin.HasSetting(artistslideshow.disable)]</visible>
			</control>
			<control type="multiimage">
				<timeperimage>slideshow_Timer</timeperimage>
				<imagepath fallback="special://skin/backgrounds/">$VAR[home:Background]</imagepath>
				<visible>Skin.String(homebackground,multi) | [Player.HasAudio + Skin.HasSetting(home.nowplaying) + !Skin.HasSetting(artistslideshow.disable)]</visible>
			</control>
			<control type="image">
				<include>screen_Dimensions</include>
				<texture>overlays/vignette_top.png</texture>
				<aspectratio>scale</aspectratio>
				<visible>!Skin.HasSetting(widgets.disable) | [Skin.HasSetting(widgets.disable) + Player.HasAudio + Skin.HasSetting(home.nowplaying)] | [!Skin.HasSetting(widgets.disable) + !IsEmpty(Container(9000).ListItem.Property(Widget)) + !Skin.HasSetting(widgetheader.disable)]</visible>
				<include>fadeinout</include>
			</control>
		</control>
		<!--fanart slideshow info-->
		<control type="group">
			<animation effect="slide" start="0,0" end="0,-20" time="0" condition="System.GetBool(lookandfeel.enablerssfeeds)">Conditional</animation>
			<visible>Skin.String(homebackground,fanart) + ![Player.HasMedia + Skin.HasSetting(home.nowplaying)]</visible>
			<control type="label">
				<right>25</right>
				<bottom>25</bottom>
				<width>850</width>
				<label>$VAR[home:Slideshow.Info]</label>
				<font>condensed-U</font>
				<textcolor>Color1</textcolor>
				<shadowcolor>Color5</shadowcolor>
				<align>right</align>
				<visible>Skin.String(fanartinfo.text,true)</visible>
			</control>
			<control type="image">
				<right>25</right>
				<bottom>25</bottom>
				<width>256</width>
				<height>99</height>
				<texture>$VAR[home:Slideshow.Info]</texture>
				<aspectratio>keep</aspectratio>
				<visible>Skin.String(fanartinfo.logo,true)</visible>
			</control>
		</control>
		<!--now playing video-->
		<control type="group">
			<visible>Player.HasVideo + Skin.HasSetting(home.nowplaying)</visible>
			<control type="image">
				<include>screen_Dimensions</include>
				<include>fadeinout</include>
				<texture>black.png</texture>
				<aspectratio>stretch</aspectratio>
			</control>
			<control type="videowindow">
				<include>screen_Dimensions</include>
				<include>fadeinout</include>
			</control>
		</control>
	</include>
	<include name="home_Slideshow">
		<include>screen_Dimensions</include>
		<aspectratio align="center">scale</aspectratio>
		<randomize>true</randomize>
		<loop>yes</loop>
		<timeperimage>slideshow_Timer</timeperimage>
		<fadetime>fadetime_Slideshow</fadetime>
	</include>
	<include name="widget_Header">
		<control type="group">
			<left>25</left>
			<top>15</top>
			<animation effect="slide" start="0" end="320" time="0" condition="StringCompare(Skin.String(homemenu.type),vertical)">Conditional</animation>
			<include>fadeinout</include>
			<visible>!IsEmpty(Container(9000).ListItem.Property(Widget)) + ![Skin.HasSetting(widgetheader.disable) + [Control.HasFocus(9000) | Control.HasFocus(9100)]]</visible>
			<visible>![!Player.HasAudio + StringCompare(Container(9000).ListItem.Property(widget),NowPlaying)]</visible>
			<visible>!Window.IsActive(busydialog)</visible>
			<control type="image">
				<width>48</width>
				<height>48</height>
				<texture>$VAR[widget:Icon]</texture>
				<aspectratio align="center" aligny="center">keep</aspectratio>
			</control>
			<control type="group">
				<left>55</left>
				<control type="label">
					<width>1060</width>
					<label>$INFO[Container(9000).ListItem.Property(widgetName)]</label>
					<font>semibold-U</font>
					<textcolor>Color1</textcolor>
				</control>
				<control type="group">
					<top>21</top>
					<control type="label">
						<width>1060</width>
						<label>$VAR[widget:Header.Count]</label>
						<font>regular_Small-U</font>
						<textcolor>Color1</textcolor>
						<include>fadeinout</include>
						<visible>![Control.HasFocus(9000) | Control.HasFocus(9100)] | Skin.HasSetting(widgets.push) + [Control.HasFocus(9000) | Control.HasFocus(9100)]</visible>
					</control>
					<control type="label">
						<width>1060</width>
						<label>$VAR[widget:Header.Info]</label>
						<font>regular_Small-U</font>
						<textcolor>Color1</textcolor>
						<include>fadeinout</include>
						<visible>!Skin.HasSetting(widgets.push) + [Control.HasFocus(9000) | Control.HasFocus(9100)]</visible>
					</control>
				</control>
			</control>
		</control>
	</include>
	<include name="widget_Containers">
		<control type="group">
			<animation type="Conditional" condition="ControlGroup(9200).HasFocus | Skin.HasSetting(widgets.push)" reversible="false">
				<effect type="fade" start="0" end="100" tween="Quadratic" easing="Out" time="250" />
			</animation>
			<animation type="Conditional" condition="!ControlGroup(9200).HasFocus + !Skin.HasSetting(widgets.push) + StringCompare(Skin.String(homemenu.type),vertical)" reversible="false">
				<effect type="fade" start="100" end="0" tween="Quadratic" easing="Out" time="350" />
			</animation>
			<animation type="Conditional" condition="!ControlGroup(9200).HasFocus + !Skin.HasSetting(widgets.push) + StringCompare(Skin.String(homemenu.type),horizontal)" reversible="false">
				<effect type="fade" start="100" end="0" tween="Quadratic" easing="Out" time="250" />
			</animation>
			<control type="group" id="9200">
				<top>0</top>
				<left>320</left>
				<include>screen_Dimensions</include>
				<itemgap>0</itemgap>
				<onleft>9000</onleft>
				<onright>noop</onright>
				<onback>9000</onback>
				<animation effect="slide" start="0" end="-320" time="0" condition="StringCompare(Skin.String(homemenu.type),horizontal)">Conditional</animation>
				<control type="list" id="9210">
					<include>widget_ContainerCommons</include>
					<content target="video">plugin://service.library.data.provider?type=recommendedmovies&amp;reload=$INFO[Window(10000).Property(recommendedmovies)]</content>
					<visible>StringCompare(Container(9000).ListItem.Property(Widget),WatchlistMovies)</visible>
				</control>
				<control type="list" id="9211">
					<content target="video">plugin://service.library.data.provider?type=recommendedepisodes&amp;reload=$INFO[Window(10000).Property(recommendedepisodes)]</content>
					<include>widget_ContainerCommons</include>
					<visible>StringCompare(Container(9000).ListItem.Property(Widget),WatchlistEpisodes)</visible>
				</control>
				<control type="list" id="9220">
					<content target="video">plugin://service.library.data.provider?type=recentvideos&amp;reload=$INFO[Window(10000).Property(recentvideos)]</content>
					<include>widget_ContainerCommons</include>
					<visible>StringCompare(Container(9000).ListItem.Property(Widget),RecentVideos)</visible>
				</control>
				<control type="list" id="9221">
					<content target="video">plugin://service.library.data.provider?type=recentmovies&amp;reload=$INFO[Window(10000).Property(recentmovies)]</content>
					<include>widget_ContainerCommons</include>
					<visible>StringCompare(Container(9000).ListItem.Property(Widget),RecentMovies)</visible>
				</control>
				<control type="list" id="9222">
					<content target="video">plugin://service.library.data.provider?type=recentepisodes&amp;reload=$INFO[Window(10000).Property(recentepisodes)]</content>
					<include>widget_ContainerCommons</include>
					<visible>StringCompare(Container(9000).ListItem.Property(Widget),RecentEpisodes)</visible>
				</control>
				<control type="list" id="9223">
					<content target="video">special://skin/playlists/video/movies-unwatched.xsp</content>
					<include>widget_ContainerCommons</include>
					<visible>StringCompare(Container(9000).ListItem.Property(Widget),UnwatchedMovies)</visible>
				</control>
				<control type="list" id="9230">
					<content target="music">plugin://service.library.data.provider?type=recommendedalbums&amp;reload=$INFO[Window(10000).Property(recommendedalbums)]</content>
					<include>widget_ContainerCommons</include>
					<visible>StringCompare(Container(9000).ListItem.Property(Widget),RecommendedAlbums)</visible>
				</control>
				<control type="list" id="9231">
					<content target="music">plugin://service.library.data.provider?type=recentalbums&amp;reload=$INFO[Window(10000).Property(recentalbums)]</content>
					<include>widget_ContainerCommons</include>
					<visible>StringCompare(Container(9000).ListItem.Property(Widget),RecentAlbums)</visible>
				</control>
				<control type="list" id="9240">
					<content>$INFO[Container(9000).ListItem.Property(widgetPlaylist)]</content>
					<include>widget_ContainerCommons</include>
					<visible>StringCompare(Container(9000).ListItem.Property(widgetType),playlist)</visible>
				</control>
				<control type="group" id="9250">
					<control type="multiimage">
						<timeperimage>8000</timeperimage>
						<imagepath background="true">$INFO[Window(Visualisation).Property(ArtistSlideshow)]</imagepath>
						<visible>Control.IsVisible(9251) + !Skin.HasSetting(artistslideshow.disable) + !IsEmpty(Window.Property(ArtistSlideshow.ArtworkReady))</visible>
					</control>
					<control type="group">
						<visible>Control.HasFocus(9251) + Pvr.IsPlayingRadio</visible>
						<control type="image">
							<include>screen_Dimensions</include>
							<texture>black.png</texture>
							<aspectratio>stretch</aspectratio>
						</control>
						<control type="visualisation">
							<include>screen_Dimensions</include>
						</control>
					</control>
					<control type="list" id="9251">
						<include>widget_ContainerCommons</include>
						<content>
							<item>
								<label>$INFO[MusicPlayer.Title]</label>
								<label2>$INFO[MusicPlayer.Artist]$INFO[MusicPlayer.Album, • ]</label2>
								<property name="Description">$VAR[player:Description]</property>
								<thumb>$VAR[widget:NowPlaying.Art]</thumb>
								<onclick>ActivateWindow(musicplaylist)</onclick>
							</item>
						</content>
						<visible>Player.HasAudio + StringCompare(Container(9000).ListItem.Property(Widget),NowPlaying)</visible>
					</control>
				</control>
				<control type="group" id="9260">
					<control type="multiimage">
						<timeperimage>8000</timeperimage>
						<imagepath background="true">$VAR[weather:Fanart]</imagepath>
						<visible>Control.IsVisible(9261)</visible>
					</control>
					<control type="list" id="9261">
						<include>widget_ContainerCommons</include>
						<content>
							<item>
								<label>$INFO[Window(Weather).Property(Current.Condition)], $INFO[Window(Weather).Property(Current.FeelsLike)] $INFO[System.TemperatureUnits]</label>
								<label2>$INFO[Window(Weather).Property(Location)]</label2>
								<property name="ExtendedInfo1">$INFO[Window(Weather).Property(updated)]</property>
								<property name="Description">$VAR[weather:widgetInfo]</property>
								<thumb>$INFO[Skin.String(fanart.weather.path)]/$INFO[Weather.FanartCode]</thumb>
								<onclick>ActivateWindow(weather)</onclick>
							</item>
						</content>
						<visible>StringCompare(Container(9000).ListItem.Property(Widget),Weather)</visible>
					</control>
				</control>
				<control type="list" id="9270">
					<content>plugin://script.extendedinfo?info=trendingmovies</content>
					<onclick>PlayMedia($ESCINFO[ListItem.Trailer])</onclick>
					<include>widget_ContainerCommons</include>
					<visible>StringCompare(Container(9000).ListItem.Property(Widget),TraktTrendingMovies)</visible>
				</control>
			</control>
		</control>
	</include>
	<include name="widget_ContainerCommons">
		<width>1620</width>
		<height>screen_Height</height>
		<onback>9000</onback>
		<include condition="StringCompare(Skin.String(homemenu.type),vertical)">widget_Vertical</include>
		<include condition="StringCompare(Skin.String(homemenu.type),horizontal)">widget_Horizontal</include>
		<onleft condition="StringCompare(Skin.String(homemenu.type),vertical)">9000</onleft>
		<onright condition="StringCompare(Skin.String(homemenu.type),vertical)">noop</onright>
		<ondown condition="StringCompare(Skin.String(homemenu.type),horizontal)">9000</ondown>
		<onup condition="StringCompare(Skin.String(homemenu.type),horizontal)">noop</onup>
		<preloaditems>2</preloaditems>
		<pagecontrol>70</pagecontrol>
		<include>global_Scrolltime</include>
		<include condition="Skin.HasSetting(widgets.push)">fadeinout</include>
		<itemlayout width="screen_Width" height="screen_Height">
			<include>widget_ArtCommons</include>
			<include>widget_InfoCommons</include>
		</itemlayout>
		<focusedlayout width="screen_Width" height="screen_Height">
			<include>widget_ArtCommons</include>
			<include>widget_InfoCommons</include>
		</focusedlayout>
	</include>
	<include name="widget_ArtCommons">
		<control type="image">
			<texture background="true">$VAR[art:Fanart]</texture>
			<include>screen_Dimensions</include>
			<aspectratio align="center" aligny="top">scale</aspectratio>
		</control>
		<control type="image">
			<include>screen_Dimensions</include>
			<texture>overlays/vignette_full.png</texture>
			<aspectratio>scale</aspectratio>
		</control>
	</include>
	<include name="widget_InfoCommons">
		<control type="group">
			<left>50</left>
			<top>550</top>
			<visible>[StringCompare(Skin.String(homemenu.type),vertical) + !ControlGroup(9200).HasFocus]</visible>
			<control type="label">
				<width>860</width>
				<label>$VAR[widget:Item.Title]</label>
				<selectedcolor>Color1</selectedcolor>
				<include>osd_Title</include>
			</control>
			<control type="label">
				<top>25</top>
				<width>860</width>
				<label>$VAR[widget:Item.Info]</label>
				<include>osd_Sub</include>
			</control>
			<control type="textbox">
				<top>55</top>
				<width>860</width>
				<height>80</height>
				<label>$VAR[widget:Item.Description]</label>
				<font>condensed-U</font>
				<autoscroll delay="autoscroll_Delay" time="autoscroll_Time" repeat="10000">Skin.HasSetting(autoscroll.enable)</autoscroll>
			</control>
		</control>
		<control type="group">
			<left>50</left>
			<top>550</top>
			<visible>[StringCompare(Skin.String(homemenu.type),vertical) + ControlGroup(9200).HasFocus] | StringCompare(Skin.String(homemenu.type),horizontal)</visible>
			<control type="label">
				<width>1180</width>
				<label>$VAR[widget:Item.Title]</label>
				<selectedcolor>Color1</selectedcolor>
				<include>osd_Title</include>
			</control>
			<control type="label">
				<top>25</top>
				<width>1180</width>
				<label>$VAR[widget:Item.Info]</label>
				<include>osd_Sub</include>
			</control>
			<control type="textbox">
				<top>55</top>
				<width>1180</width>
				<height>80</height>
				<label>$VAR[widget:Item.Description]</label>
				<font>condensed-U</font>
				<autoscroll delay="autoscroll_Delay" time="autoscroll_Time" repeat="10000">Skin.HasSetting(autoscroll.enable)</autoscroll>
			</control>
		</control>
	</include>
	<include name="widget_Vertical">
		<orientation>vertical</orientation>
		<pagecontrol>70</pagecontrol>
	</include>
	<include name="widget_Horizontal">
		<orientation>horizontal</orientation>
		<pagecontrol>71</pagecontrol>
	</include>
</includes>
