<?xml version="1.0" encoding="UTF-8"?>
<overrides>	
	<groupings>

		<!--COMMON-->
		<node label="::SCRIPT::32029">
			<content>common</content>
		</node>

		<!--VIDEO-->
		<node label="::SCRIPT::157">
			<!--files-->
			<shortcut label="::LOCAL::1214" type="::SCRIPT::31706" icon="DefaultVideo.png">ActivateWindow(Videos,Files,return)</shortcut>

			<!--movies-->
			<node label="::SCRIPT::32015">
				<shortcut label="::LOCAL::31013" type="::LOCAL::31706" icon="DefaultIconWatchlist.png">ActivateWindow(Videos,plugin://script.watchlist?type=movies,return)</shortcut>
				<shortcut label="::LOCAL::31705" type="::LOCAL::31706" icon="DefaultRecentlyAddedMovies.png">ActivateWindow(Videos,videodb://recentlyaddedmovies/,return)</shortcut>
				<shortcut label="::LOCAL::16101" type="::LOCAL::31706" icon="DefaultMovies.png">ActivateWindow(Videos,special://skin/playlists/video/movies-unwatched.xsp,return)</shortcut>
				<shortcut label="::LOCAL::575" type="::LOCAL::31706" icon="DefaultMovies.png">ActivateWindow(Videos,special://skin/playlists/video/movies-in progress.xsp,return)</shortcut>
				<shortcut label="::LOCAL::135" type="::LOCAL::31706" icon="DefaultMovies.png">ActivateWindow(Videos,videodb://movies/genre/,return)</shortcut>
				<shortcut label="::LOCAL::562" type="::LOCAL::31706" icon="DefaultYear.png">ActivateWindow(Videos,videodb://movies/years/,return)</shortcut>
				<shortcut label="::LOCAL::344" type="::LOCAL::31706" icon="DefaultActor.png">ActivateWindow(Videos,videodb://movies/actors/,return)</shortcut>
				<shortcut label="::LOCAL::20348" type="::LOCAL::31706" icon="DefaultDirector.png">ActivateWindow(Videos,videodb://movies/directors/,return)</shortcut>
				<shortcut label="::LOCAL::20388" type="::LOCAL::31706" icon="DefaultStudios.png">ActivateWindow(Videos,videodb://movies/studios/,return)</shortcut>
				<shortcut label="::LOCAL::20434" type="::LOCAL::31706" icon="DefaultSets.png">ActivateWindow(Videos,videodb://movies/sets/,return)</shortcut>
				<shortcut label="::LOCAL::20451" type="::LOCAL::31706" icon="DefaultCountry.png">ActivateWindow(Videos,videodb://movies/countries/,return)</shortcut>
				<shortcut label="::LOCAL::20459" type="::LOCAL::31706" icon="DefaultTags.png">ActivateWindow(Videos,videodb://movies/tags/,return)</shortcut>
			</node>
			
			<!--tv shows-->
			<node label="::SCRIPT::32016">
				<shortcut label="::LOCAL::31013" type="::LOCAL::31706" icon="DefaultIconWatchlist.png">ActivateWindow(Videos,plugin://script.watchlist?type=episodes,return)</shortcut>
				<shortcut label="::LOCAL::31705" type="::LOCAL::31706" icon="DefaultRecentlyAddedEpisodes.png">ActivateWindow(Videos,videodb://recentlyaddedepisodes/,return)</shortcut>
				<shortcut label="::LOCAL::16101" type="::LOCAL::31706" icon="DefaultTVShows.png">ActivateWindow(Videos,special://skin/playlists/video/episodes-unwatched.xsp,return)</shortcut>
				<shortcut label="::LOCAL::575" type="::LOCAL::31706" icon="DefaultInProgressShows.png">ActivateWindow(Videos,library://video/inprogressshows.xml,return)"</shortcut>
				<shortcut label="::LOCAL::31606" type="::LOCAL::31706" icon="DefaultTVShows.png" condition="!Skin.HasSetting(nextaired.disable)">RunAddon(script.tv.show.next.aired)</shortcut>
				<shortcut label="::LOCAL::135" type="::LOCAL::31706" icon="DefaultTVShows.png">ActivateWindow(Videos,videodb://tvshows/genre/,return)</shortcut>
				<shortcut label="::LOCAL::562" type="::LOCAL::31706" icon="DefaultYear.png">ActivateWindow(Videos,videodb://tvshows/years/,return)</shortcut>
				<shortcut label="::LOCAL::344" type="::LOCAL::31706" icon="DefaultActor.png">ActivateWindow(Videos,videodb://tvshows/actors/,return)</shortcut>
				<shortcut label="::LOCAL::20348" type="::LOCAL::31706" icon="DefaultDirector.png">ActivateWindow(Videos,videodb://tvshows/directors/,return)</shortcut>
				<shortcut label="::LOCAL::20388" type="::LOCAL::31706" icon="DefaultStudios.png">ActivateWindow(Videos,videodb://tvshows/studios/,return)</shortcut>
				<shortcut label="::LOCAL::20459" type="::LOCAL::31706" icon="DefaultTags.png">ActivateWindow(Videos,videodb://tvshows/tags/,return)</shortcut>
			</node>

			<!--playlists-->
			<node label="::LOCAL::136">
				<shortcut label="::LOCAL::136" type="::SCRIPT::32014" icon="DefaultVideoPlaylists.png">ActivateWindow(Videos,Playlists,return)</shortcut>
				<content>playlist-video</content>
			</node>

			<!--add-ons-->
			<node label="::LOCAL::24001">
				<shortcut label="::LOCAL::1037" type="::SCRIPT::32014" icon="DefaultAddonVideo.png">ActivateWindow(Videos,Addons,return)</shortcut>
				<content>addon-video</content>
			</node>

			<!--sources-->
			<node label="::SCRIPT::32075">
				<content>videosources</content>
				<content>upnp-video</content>
			</node>
		</node>

		<!--MUSIC-->
		<node label="::LOCAL::2">
			<node label="::SCRIPT::32031">
				<shortcut label="::LOCAL::135" type="::LOCAL::31706" icon="DefaultMusicGenres.png">ActivateWindow(Music,musicdb://genres/,return)</shortcut>
				<shortcut label="::LOCAL::133" type="::LOCAL::31706" icon="DefaultMusicArtists.png">ActivateWindow(Music,musicdb://artists/,return)</shortcut>
				<shortcut label="::LOCAL::132" type="::LOCAL::31706" icon="DefaultMusicAlbums.png">ActivateWindow(Music,musicdb://albums/,return)</shortcut>
				<shortcut label="::LOCAL::134" type="::LOCAL::31706" icon="DefaultMusicSongs.png">ActivateWindow(Music,musicdb://songs/,return)</shortcut>
				<shortcut label="::LOCAL::652" type="::LOCAL::31706" icon="DefaultMusicYears.png">ActivateWindow(Music,musicdb://years/,return)</shortcut>
				<shortcut label="::LOCAL::10505" type="::LOCAL::31706" icon="DefaultMusicTop100.png">ActivateWindow(Music,musicdb://top100/albums/,return)</shortcut>
				<shortcut label="::LOCAL::10504" type="::LOCAL::31706" icon="DefaultMusicTop100.png">ActivateWindow(Music,musicdb://top100/songs/,return)</shortcut>
				<shortcut label="::LOCAL::31705" type="::LOCAL::31706" icon="DefaultMusicRecentlyAdded.png">ActivateWindow(Music,musicdb://recentlyaddedalbums/,return)</shortcut>
				<shortcut label="::LOCAL::31016" type="::LOCAL::31706" icon="DefaultMusicRecentlyPlayed.png">ActivateWindow(Music,musicdb://recentlyplayedalbums/,return)</shortcut>
				<shortcut label="::LOCAL::521" type="::LOCAL::31706" icon="DefaultMusicCompilations.png">ActivateWindow(Music,musicdb://compilations/,return)</shortcut>
				<shortcut label="::LOCAL::136" type="::LOCAL::31706" icon="DefaultMusicPlaylists.png">ActivateWindow(Music,special://musicplaylists/,return)</shortcut>
			</node>
			<node label="::SCRIPT::20389">
				<shortcut label="::LOCAL::135" type="::LOCAL::31706" icon="DefaultMusicGenres.png">ActivateWindow(Music,videodb://musicvideos/genres/,return)</shortcut>
				<shortcut label="::LOCAL::134" type="::LOCAL::31706" icon="DefaultMusicSongs.png">ActivateWindow(Music,videodb://musicvideos/titles/,return)</shortcut>
				<shortcut label="::LOCAL::652" type="::LOCAL::31706" icon="DefaultMusicYears.png">ActivateWindow(Music,videodb://musicvideos/years/,return)</shortcut>
				<shortcut label="::LOCAL::133" type="::LOCAL::31706" icon="DefaultMusicArtists.png">ActivateWindow(Music,videodb://musicvideos/artists/,return)</shortcut>
				<shortcut label="::LOCAL::132" type="::LOCAL::31706" icon="DefaultMusicAlbums.png">ActivateWindow(Music,videodb://musicvideos/albums/,return)</shortcut>
				<shortcut label="::LOCAL::20348" type="::LOCAL::31706" icon="DefaultDirector.png">ActivateWindow(Music,videodb://musicvideos/directors/,return)</shortcut>
				<shortcut label="::LOCAL::20388" type="::LOCAL::31706" icon="DefaultStudios.png">ActivateWindow(Music,videodb://musicvideos/studios/,return)</shortcut>
				<shortcut label="::LOCAL::20459" type="::LOCAL::31706" icon="DefaultStudios.png">ActivateWindow(Music,videodb://musicvideos/tags/,return)</shortcut>
			</node>
			<node label="::SCRIPT::32040">
				<content>playlist-audio</content>
			</node>
			<node label="::LOCAL::24001">
				<shortcut label="::LOCAL::1037" type="::SCRIPT::32014" icon="DefaultAddonMusic.png">ActivateWindow(MusicLibrary,Addons,return)</shortcut>
				<content>addon-audio</content>
			</node>
			<node label="::SCRIPT::32075">
				<content>musicsources</content>
				<content>upnp-music</content>
			</node>
			<shortcut label="::LOCAL::2" type="::LOCAL::29800" icon="DefaultMusicSongs.png">ActivateWindow(Music,musicdb://,return)</shortcut>
			<shortcut label="::LOCAL::2" type="::LOCAL::744" icon="DefaultMusicSongs.png">ActivateWindow(Music,files)</shortcut>
		</node>

		<!--PVR-->
		<node label="::LOCAL::19020" condition="System.GetBool(pvrmanager.enabled)">
			<node label="::LOCAL::19023">
				<content>pvr-tv</content><!--channels-->
			</node>
			<content>pvr</content><!--nodes-->
		</node>
		<node label="::LOCAL::19021" condition="System.GetBool(pvrmanager.enabled)">
			<node label="::LOCAL::19024">
				<content>pvr-radio</content><!--channels-->
			</node>
			<content>radio</content><!--nodes-->
		</node>

		<!--PICTURES-->
		<node label="::LOCAL::1">
			<content>picturesources</content>
			<content>addon-image</content>
			<shortcut label="::LOCAL::1" type="::LOCAL::31706" icon="DefaultPicture.png">ActivateWindow(Pictures)</shortcut>
		</node>

		<!--ADD-ONS-->
		<node label="::LOCAL::24001">
			<node label="::LOCAL::1037">
				<shortcut label="::LOCAL::1037" type="::SCRIPT::31706" icon="DefaultAddonVideo.png">ActivateWindow(Videos,Addons,return)</shortcut>
				<content>addon-video</content>
			</node>
			<node label="::LOCAL::1038">
				<shortcut label="::LOCAL::1038" type="::SCRIPT::31706" icon="DefaultAddonMusic.png">ActivateWindow(MusicLibrary,Addons,return)</shortcut>
				<content>addon-audio</content>
			</node>
			<node label="::LOCAL::1039">
				<shortcut label="::LOCAL::1039" type="::SCRIPT::31706" icon="DefaultAddonPicture.png">ActivateWindow(Pictures,Addons,return)</shortcut>
				<content>addon-image</content>
			</node>
			<node label="::LOCAL::1043">
				<shortcut label="::LOCAL::0" type="::SCRIPT::31706" icon="DefaultAddonProgram.png">ActivateWindow(Programs,return)</shortcut>
				<content>addon-program</content>
			</node>
			<shortcut label="::LOCAL::24033" type="::LOCAL::31706" icon="DefaultIconDownload.png">ActivateWindow(Addonbrowser,addons://repos/,return)</shortcut>
		</node>

		<!--FAVOURITES-->
		<node label="::SCRIPT::32006">
			<content>favourite</content>
		</node>

		<!--SETTINGS-->
		<node label="::LOCAL::10004">
 			<content>settings</content>
 		</node>

		<!--COMMANDS-->
		<node label="::SCRIPT::32054">
			<content>commands</content>
		</node>

	</groupings>


<!--CUSTOM SHORTCUTS-->

	<!--customize menu-->
	<shortcut label="::LOCAL::31210" type="::SCRIPT::32034" grouping="commands" icon="DefaultIconSettings.png">RunScript(script.skinshortcuts,type=manage&amp;nolabels=True&amp;group=mainmenu)</shortcut>
	<!--system main menu-->
	<shortcut label="::LOCAL::13000" type="::SCRIPT::32034" grouping="common" icon="DefaultIconSettings.png">ActivateWindow(Settings)</shortcut>
	<!--exit (shutdown menu)-->
	<shortcut label="::LOCAL::13009" type="::SCRIPT::32054" grouping="commands">ActivateWindow(shutdownmenu)</shortcut>
	<!--search-->
	<shortcut label="137" type="::SCRIPT::32034" grouping="common" icon="DefaultIconSearch.png" condition="!Skin.HasSetting(search.disable)">RunAddon(script.globalsearch)</shortcut>
	
	<!--now playing-->
	<shortcut label="::LOCAL::31035" type="::SCRIPT::32034" grouping="common" icon="DefaultIconPlay.png">fullscreen</shortcut>
	<override action="fullscreen">
		<condition>Player.HasVideo</condition>
	</override>
	<override action="fullscreen">
		<condition>Player.HasAudio</condition>
		<action>ActivateWindow(musicplaylist)</action>
	</override>

<!--settings removal warning-->
	<warn heading="::LOCAL::19098" message="::LOCAL::31018">ActivateWindow(Settings)</warn>

<!--LABEL OVERRIDES-->
	<availableshortcutlabel action="ActivateWindow(Videos,RecentlyAddedMovies,return)" type="::SCRIPT::32015">::LOCAL::31705</availableshortcutlabel>
	<availableshortcutlabel action="ActivateWindow(Videos,RecentlyAddedEpisodes,return)" type="::SCRIPT::32016">::LOCAL::31705</availableshortcutlabel>
	<availableshortcutlabel action="ActivateWindow(Videos,RecentlyAddedMusicVideos,return)" type="::SCRIPT::32018">::LOCAL::31705</availableshortcutlabel>
	<availableshortcutlabel action="ActivateWindow(MusicLibrary,RecentlyAddedAlbums,return)" type="::SCRIPT::32019">::LOCAL::31705</availableshortcutlabel>
	<availableshortcutlabel action="ActivateWindow(MusicLibrary,RecentlyPlayedAlbums,return)" type="::SCRIPT::32019">::LOCAL::31016</availableshortcutlabel>
	<availableshortcutlabel action="ActivateWindow(MusicLibrary,Addons,return)">::LOCAL::24001</availableshortcutlabel>
	<availableshortcutlabel action="ActivateWindow(Videos,Addons,return)">::LOCAL::24001</availableshortcutlabel>
	<availableshortcutlabel action="ActivateWindow(Pictures,Addons,return)">::LOCAL::24001</availableshortcutlabel>

<!--ICON OVERRIDES-->
	<icon image="DefaultShortcut.png" grouping="commands">DefaultIconKodi.png</icon>
	<icon image="DefaultShortcut.png" grouping="settings">DefaultIconSettings.png</icon>
	<icon labelID="32058">DefaultAddonWebSkin.png</icon><!--create shortcut here-->
	<icon labelID="music">DefaultMusicSongs.png</icon>
	<icon labelID="programs">DefaultProgram.png</icon>
	<icon labelID="settings">DefaultIconSettings.png</icon>
	<icon labelID="weather">DefaultAddonWeather.png</icon>
	<icon labelID="1036">DefaultIconFavourite.png</icon>
	<icon labelID="10007">DefaultIconInfo.png</icon><!--system information-->
	<icon labelID="10504">DefaultMusicTop100.png</icon>
	<icon labelID="10505">DefaultMusicTop100.png</icon>
	<icon labelID="livetv">DefaultIconTV.png</icon><!--pvr grouping-->
	<icon labelID="19023">DefaultIconTV.png</icon><!--tv channels-->
	<icon labelID="19024">DefaultIconTV.png</icon><!--radio channels-->
	<icon labelID="19069">DefaultIconTV.png</icon><!--epg-->
	<icon labelID="19163">DefaultIconTV.png</icon><!--recordings-->
	<icon labelID="32066">DefaultIconTV.png</icon><!--last tv channel-->
	<icon labelID="32067">DefaultIconTV.png</icon><!--last radio channel-->
	<icon labelID="32068">DefaultIconTV.png</icon><!--last channel-->
	<icon labelID="radio">DefaultIconRadio.png</icon><!--radio-->
	<icon labelID="137">DefaultIconSearch.png</icon><!--search-->
	<icon labelID="19040">DefaultIconTimer.png</icon><!--timers-->

<!--WIDGETS-->
	<widget label="31029" type="movies">WatchlistMovies</widget>
	<widget label="31030" type="episodes">WatchlistEpisodes</widget>
	<widget label="31031" type="mixed">RecentVideos</widget>
	<widget label="20386" type="movies">RecentMovies</widget>
	<widget label="20387" type="episodes">RecentEpisodes</widget>
	<widget label="31036" type="movies">UnwatchedMovies</widget>
	<widget label="359" type="music">RecentAlbums</widget>
	<widget label="31032" type="music">RecommendedAlbums</widget>
	<widget label="31035" type="info">NowPlaying</widget>
	<widget label="8" type="info">Weather</widget>
	<widget label="Trending Movies" type="mixed">TraktTrendingMovies</widget>
	<widgetdefault labelID="movies" type="movies">RecentMovies</widgetdefault>
	<widgetdefault labelID="tvshows" type="episodes">WatchlistEpisodes</widgetdefault>
	<widgetdefault labelID="music" type="music">RecentAlbums</widgetdefault>
	<widgetdefault labelID="videos" type="mixed">RecentVideos</widgetdefault>
	<widgetdefault labelID="weather" type="info">Weather</widgetdefault>
	<widgetPlaylists type="playlist">True</widgetPlaylists>
</overrides>