<?xml version="1.0" encoding="UTF-8"?>
	<addon id="skin.refocus.mod" version="1.3" name="reFocus MOD" provider-name="Stucky">
	<requires>
		<import addon="xbmc.gui" version="5.9.0"/>
		<import addon="script.artistslideshow" version="1.8.2"/>
		<import addon="script.artwork.downloader" version="12.0.29"/>
		<import addon="script.globalsearch" version="3.0.4"/>
		<import addon="script.grab.fanart" version="0.13.0"/>
		<import addon="script.skinshortcuts" version="0.4.4"/>
		<import addon="script.tv.show.next.aired" version="6.0.12"/>
		<import addon="script.watchlist" version="0.0.2"/>
		<import addon="service.library.data.provider" version="0.0.7"/>
		<import addon="script.extendedinfo" version="3.0.1"/>
		<import addon="weather.yahoo" version="3.0.7"/>
		<!-- <import addon="script.videoextras" version="2.0.0"/> -->
		<import addon="plugin.video.itunes_trailers" version="0.2.2"/>
		<import addon="plugin.video.hdtrailers_net" version="1.2.2"/>
		<import addon="plugin.video.youtube" version="5.1.7"/>
		<import addon="service.subtitles.opensubtitles" version="5.0.11"/>
		<import addon="service.subtitles.subscene" version="1.5.0"/>
	</requires>
	<extension point="xbmc.gui.skin" effectslowdown="1.00" debugging="false">
		<res width="1280" height="720" aspect="16:9" default="true" folder="720p" />
	</extension>
	<extension point="xbmc.addon.metadata">
		<platform>all</platform>
		<summary lang="de">reFocus von Jeroen</summary>
		<summary lang="en">reFocus MOD by Stucky</summary>
		<summary lang="es">reFocus por Jeroen</summary>
		<summary lang="gl">reFocus por Jeroen</summary>
		<summary lang="ko">reFocus by Jeroen</summary>
		<summary lang="nl">reFocus door Jeroen</summary>
		<summary lang="pl">reFocus autorstwa Jeroena</summary>
		<summary lang="ro">reFocus de Jeroen</summary>
		<summary lang="sv">reFocus av Jeroen</summary>
		<description lang="de">reFocus ist eine graphische Schnittstelle für Kodi, welche versteht, dass deine Medien dir alles bedeuten. Eleganz, Einfachheit,Verfeinerung, Konsistenz und ausgewogenes Design sind Stichwörter für diesen Skin.</description>
		<description lang="en">reFocus is a graphical interface for XBMC that understands your media is what truly matters. Elegance, simplicity, refinement, consistency and balanced design are keywords for this skin.</description>
		<description lang="gl">reFocus é unha interface gráfica para Kodi que entende que o importante de verdade é a túa media. Elegancia, simplicidade, refinamento, consistencia e un deseño equilibrado son as chaves deste tema.</description>
		<description lang="ko">reFocus는 사용자의 미디어를 가장 중요하게 생각하는 Kodi 그래픽 인터페이스 입니다. 우아함, 간결함, 세련됨, 일관성, 균형잡힌 디자인이 이 스킨의 키워드입니다.</description>
		<description lang="nl">reFocus is een grafische interface voor Kodi die begrijpt dat het uiteindelijk draait om jouw media. Elegantie, eenvoud, verfijning, samenhang en doordacht ontwerp zijn sleutelwoorden voor deze skin.</description>
		<description lang="ro">reFocus e o interfaţă grafică pentru Kodi, care înţelege că ceea ce contează cu adevărat e conţinutul. Eleganţă, simplitate, rafinament, consistenţă şi design echilibrat sunt cuvintele cheie ale acestei interfeţe.</description>
		<description lang="sv">ReFocus är ett grafiskt gränssnitt till Kodi som prioriterar din media till 100%. En design med fokus på elegans, minimalism och kontinuitet.</description>
		<disclaimer lang="de">Die Nutzung von Maus und Touchscreen wird nicht unterstützt.</disclaimer>
		<disclaimer lang="en">Mouse and touchscreen use not supported</disclaimer>
		<disclaimer lang="gl">Rato e pantalla táctil non soportados</disclaimer>
		<disclaimer lang="ko">마우스와 터치 스크린을 지원하지 않습니다 </disclaimer>
		<disclaimer lang="nl">Geen ondersteuning voor muis of touchscreen gebruik</disclaimer>
		<disclaimer lang="ro">Nu există suport pentru touchscreen şi mouse.</disclaimer>
		<disclaimer lang="sv">Mus och pekskärm stöds inte</disclaimer>
		<license>Attribution-NonCommercial-ShareAlike 3.0 Unported</license>
		<forum>http://forum.xbmc.org/forumdisplay.php?fid=72</forum>
		
	</extension>
</addon>