<?xml version="1.0" encoding="utf-8"?>
<window>
	<defaultcontrol always="true">9000</defaultcontrol>
	<include>transition_Dialog</include>
	<coordinates>
		<system>1</system>
		<left>340</left>
		<top>90</top>
	</coordinates>
	<controls>
		<control type="group">
			<control type="image">
				<width>600</width>
				<height>540</height>
				<include>dialog_Window</include>
			</control>
			<control type="label">
				<width>592</width>
				<label>$LOCALIZE[19047]</label>
				<include>dialog_Windowtitle</include>
			</control>
			<control type="group">
				<left>4</left>
				<top>60</top>
				<control type="image">
					<width>592</width>
					<include>dialog_Separator</include>
				</control>
				<control type="list" id="100">
					<width>592</width>
					<height>240</height>
					<onup>100</onup>
					<ondown>100</ondown>
					<include>global_ListScroll</include>
					<itemlayout height="40">
						<control type="image">
							<width>592</width>
							<height>40</height>
							<include>dialog_CommonList</include>
						</control>
						<control type="label">
							<width>572</width>
							<height>36</height>
							<label>$INFO[ListItem.Label]</label>
							<include>dialog_CommonListItem</include>
						</control>
						<control type="label">
							<right>20</right>
							<width>560</width>
							<height>36</height>
							<align>right</align>
							<label>$INFO[ListItem.Label2]</label>
							<include>dialog_CommonListItem</include>
						</control>
					</itemlayout>
					<focusedlayout height="40">
						<control type="image">
							<width>592</width>
							<include>dialog_CommonList</include>
						</control>
						<control type="label">
							<width>572</width>
							<height>36</height>
							<label>$INFO[ListItem.Label]</label>
							<include>dialog_CommonListItem</include>
						</control>
						<control type="label">
							<right>20</right>
							<width>560</width>
							<height>36</height>
							<align>right</align>
							<label>$INFO[ListItem.Label2]</label>
							<include>dialog_CommonListItem</include>
						</control>
					</focusedlayout>
					<content>
						<item id="1">
							<label>$LOCALIZE[369]</label>
							<label2>$INFO[ListItem.Title]</label2>
							<onclick>noop</onclick>
						</item>
						<item id="2">
							<label>$LOCALIZE[552]</label>
							<label2>$INFO[ListItem.StartDate]</label2>
							<onclick>noop</onclick>
						</item>
						<item id="3">
							<label>$LOCALIZE[555]</label>
							<label2>$INFO[ListItem.StartTime]$INFO[ListItem.EndTime, - ]</label2>
							<onclick>noop</onclick>
						</item>
						<item id="4">
							<label>$LOCALIZE[19148]</label>
							<label2>$INFO[ListItem.ChannelName]</label2>
							<onclick>noop</onclick>
						</item>
						<item id="5">
							<label>$LOCALIZE[180]</label>
							<label2> $INFO[ListItem.Duration]</label2>
							<onclick>noop</onclick>
						</item>
						<item id="5">
							<label>$LOCALIZE[515]</label>
							<label2>$INFO[ListItem.Genre]</label2>
							<onclick>noop</onclick>
						</item>
					</content>
				</control>
				<!--description-->
				<control type="textbox" id="400">
					<left>15</left>
					<top>240</top>
					<width>570</width>
					<height>154</height>
					<label fallback="416">$INFO[ListItem.Plot]</label>
					<include>dialog_Text</include>
				</control>
				<control type="image">
					<top>394</top>
					<width>592</width>
					<include>dialog_Separator</include>
				</control>
			</control>
		</control>
		<!--dialog controls-->
		<control type="grouplist" id="9000">
			<top>475</top>
			<left>42.5</left>
			<itemgap>10</itemgap>
			<orientation>horizontal</orientation>
			<!--switch-->
			<control type="button" id="5">
				<label>$LOCALIZE[19165]</label>
				<width>165</width>
				<include>dialog_WindowButton</include>
			</control>
			<!--record-->
			<control type="button" id="6">
				<label>$LOCALIZE[264]</label>
				<width>165</width>
				<include>dialog_WindowButton</include>
			</control>
			<!--ok-->
			<control type="button" id="7">
				<label>$LOCALIZE[186]</label>
				<width>165</width>
				<include>dialog_WindowButton</include>
			</control>
		</control>
	</controls>
</window>
