<?xml version="1.0" encoding="utf-8"?>
<window>
	<defaultcontrol always="true">700</defaultcontrol>
	<coordinates>
		<system>1</system>
		<left>479</left>
		<top>205</top>
	</coordinates>
	<include>transition_Dialog</include>
	<visible>Player.HasMedia + Window.IsActive(PlayerControls) + !Window.IsActive(FullscreenVideo) + !Window.IsActive(Visualisation)</visible>
	<controls>
		<control type="group">
			<width>322</width>
			<include>player_Controls-commons</include>
			<control type="grouplist" id="600">
				<top>60</top>
				<width>322</width>
				<height>screen_Height</height>
				<onleft>700</onleft>
				<onright>700</onright>
				<onup>700</onup>
				<ondown>700</ondown>
				<onback>SetFocus(700)</onback>
				<itemgap>0</itemgap>
				<!--random-->
				<control type="button" id="601">
					<width>322</width>
					<label>$LOCALIZE[13319]$INFO[Playlist.Random,: ]</label>
					<onback>SetFocus(700)</onback>
					<include>dialog_MenuButton</include>
					<onclick>XBMC.PlayerControl(Random)</onclick>
					<visible>Player.HasAudio</visible>
				</control>
				<!--repeat-->
				<control type="button" id="602">
					<width>322</width>
					<label>$LOCALIZE[486]$INFO[Playlist.Repeat,: ]</label>
					<onback>SetFocus(700)</onback>
					<include>dialog_MenuButton</include>
					<onclick>XBMC.PlayerControl(Repeat)</onclick>
					<visible>Player.HasAudio</visible>
				</control>
				<!--music playlist-->
				<control type="button" id="603">
					<width>322</width>
					<label>$LOCALIZE[31328]</label>
					<onback>SetFocus(700)</onback>
					<onclick>Close</onclick>
					<onclick>ActivateWindow(musicplaylist)</onclick>
					<include>dialog_MenuButton</include>
					<visible>Player.HasAudio + !Window.IsActive(musicplaylist)</visible>
				</control>
				<!--fullscreen-->
				<control type="button" id="604">
					<width>322</width>
					<label>$LOCALIZE[12005]</label>
					<onback>SetFocus(700)</onback>
					<include>dialog_MenuButton</include>
					<onclick>ActivateWindow(fullscreenvideo)</onclick>
					<visible>Player.HasVideo</visible>
				</control>
				<!--video playlist-->
				<control type="button" id="605">
					<width>322</width>
					<label>$LOCALIZE[31328]</label>
					<onback>SetFocus(700)</onback>
					<onclick>Close</onclick>
					<onclick>ActivateWindow(videoplaylist)</onclick>
					<include>dialog_MenuButton</include>
					<visible>Player.HasVideo + !Window.IsActive(videoplaylist) + !VideoPlayer.Content(LiveTV)</visible>
				</control>
				<!--tv channels-->
				<control type="button" id="613">
					<width>322</width>
					<label>$LOCALIZE[19019]</label>
					<onback>SetFocus(700)</onback>
					<onclick>Close</onclick>
					<onclick>ActivateWindowAndFocus(MyPVR, 32,0, 11,0)</onclick>
					<include>dialog_MenuButton</include>
					<visible>Player.HasVideo + VideoPlayer.Content(LiveTV)</visible>
				</control>
				<control type="image" id="614">
					<width>322</width>
					<height>20</height>
					<texture border="20,0,20,0">dialogs/frame/menu_bottom.png</texture>
				</control>
			</control>
		</control>
	</controls>
</window>
