<?xml version="1.0" encoding="utf-8"?>
<includes>
	<onload condition="StringCompare(ListItem.Label,..) + Control.IsVisible(50)">Control.Move(50,2)</onload>
	<include name="detail_List">
		<control type="group">
			<include>toggle_Menu</include>
			<include>transition_Info</include>
			<include>transition_Content</include>
			<include>fadeinout</include>
			<visible>Control.IsVisible(50)</visible>
			<!--landscape-->
			<control type="group">
				<control type="group">
					<left>680</left>
					<top>90</top>
					<visible>Container.Content(episodes)</visible>
					<control type="image">
						<width>546</width>
						<height>309</height>
						<include>art_Frame-nf</include>
					</control>
					<control type="group">
						<left>7</left>
						<top>7</top>
						<control type="image">
							<width>532</width>
							<height>295</height>
							<texture background="true">thumbs/default_Landscape.png</texture>
							<aspectratio>stretch</aspectratio>
							<fadetime>fadetime_Thumb</fadetime>
						</control>
						<control type="image">
							<left>202</left>
							<top>83.5</top>
							<width>128</width>
							<height>128</height>
							<include>art_DefaultIcon</include>
							<fadetime>fadetime_Thumb</fadetime>
						</control>
						<control type="image">
							<width>532</width>
							<height>295</height>
							<texture background="true">$VAR[art:Landscape]</texture>
							<fadetime>fadetime_Thumb</fadetime>
							<aspectratio align="center" aligny="center">scale</aspectratio>
						</control>
						<control type="image">
							<centerleft>266</centerleft>
							<top>189</top>
							<width>532</width>
							<height>96</height>
							<aspectratio align="center" aligny="bottom">keep</aspectratio>
							<include>art_Logo</include>
						</control>
					
							
						<!--tveps-->
							<control type="group">
							<visible>!Substring(Container.FolderPath,plugin://plugin.video.youtube)</visible>
							<control type="image">
								<left>-7</left>
								<top>320</top>
								<width>546</width>
								<height>288</height>
								<include>art_Frame-nf</include>
							</control>
							<control type="image">
								<top>327</top>
								<width>532</width>
								<height>274</height>
								<texture border="0">frames/plot.png</texture>
								<aspectratio>stretch</aspectratio>
							</control>
							
							<control type="textbox">
								<top>334</top>
								<left>45</left>
								<width>532</width>
								<height max="275">auto</height>
								<label>$VAR[media:airdate]</label>
								<include>detail_Text</include>
								<visible>!Substring(Container.FolderPath,plugin://plugin.video.netflixbmc) + !Substring(Container.FolderPath,plugin://plugin.video.youtube)</visible>
							</control>
							<control type="textbox">
								<top>334</top>
								<left>270</left>
								<width>532</width>
								<height max="275">auto</height>
								<label>[B]Duration: $INFO[ListItem.Duration,, $LOCALIZE[31701]][/B]</label>
								<include>detail_Text</include>
								<visible>!Substring(Container.FolderPath,plugin://plugin.video.netflixbmc) + !Substring(Container.FolderPath,plugin://plugin.video.youtube)</visible>
							</control>
							<control type="textbox">
								<top>376</top>
								<left>21</left>
								<width>490</width>
								<height>210</height>
								<label>$VAR[media:Plot]</label>
								<include>detail_Text</include>
								<align>justify</align>
							</control>
							</control>
						<!--youtube-->
							<control type="group">
							<visible>Substring(Container.FolderPath,plugin://plugin.video.youtube)</visible>
							<!-- <top>-40</top> -->
							<control type="image">
								<left>-7</left>
								<top>320</top>
								<width>546</width>
								<height>280</height>
								<include>art_Frame-nf</include>
							</control>
							<control type="textbox">
								<top>334</top>
								<left>10</left>
								<width>510</width>
								<height>242</height>
								<label>$VAR[media:Plot]</label>
								<include>detail_Text</include>
								<align>justify</align>
							</control>
							</control>
						
						<control type="grouplist">
							<visible>Container.Content(movies)</visible>
							<top>315</top>
							<control type="textbox">
								<width>532</width>
								<height>240</height>
								<label>$VAR[media:Plot]</label>
								<include>detail_Text</include>
							</control>
						</control>
					</control>
				</control>
			</control>
			<!--portrait-->
			<control type="group">
				<left>750</left>
				<top>80</top>
				<control type="group">
					<visible>[Container.Content(movies) | Container.Content(tvshows)] + [!Skin.HasSetting(view.list.fanart) | SubString(Container.FolderPath,plugin://)] | Container.Content(actors) | Container.Content(seasons) | Container.Content(sets) | Substring(Container.FolderPath,plugin://plugin.video.hdtrailers_net</visible>
					<control type="image">
						<width>420</width>
						<height>614</height>
						<include>art_Frame-nf</include>
					</control>
					<control type="group">
						<left>7</left>
						<top>7</top>
						<control type="image">
							<width>406</width>
							<height>600</height>
							<texture background="true">thumbs/default_Portrait.png</texture>
							<aspectratio>stretch</aspectratio>
							<fadetime>fadetime_Thumb</fadetime>
						</control>
						<control type="image">
							<left>139</left>
							<top>236</top>
							<width>128</width>
							<height>128</height>
							<include>art_DefaultIcon</include>
							<fadetime>fadetime_Thumb</fadetime>
						</control>
						<control type="image">
							<width>406</width>
							<height>600</height>
							<texture background="true">$VAR[art:Portrait]</texture>
							<aspectratio align="center" aligny="center">scale</aspectratio>
							<fadetime>fadetime_Thumb</fadetime>
						</control>
					</control>
				</control>
			</control>
			<!--files-->
			<control type="group">
				<visible>[Container.Content(musicvideos) | Container.Content(files)] + Container.HasFiles</visible>
				<control type="group">
					<left>680</left>
					<top>80</top>
					<control type="image">
						<width>532</width>
						<height>614</height>
						<texture fallback="thumbs/default_Landscape.png" background="true">$INFO[ListItem.Art(thumb)]</texture>
						<bordertexture border="7">frames/frame-nf.png</bordertexture>
						<bordersize>7</bordersize>
						<aspectratio align="left" aligny="top">keep</aspectratio>
						<fadetime>fadetime_Thumb</fadetime>
						<visible>!IsEmpty(ListItem.Art(thumb)) + !SubString(Container.FolderPath,plugin://) + !IsEmpty(Container.FolderPath)</visible>
					</control>
				</control>
			</control>
		</control>
	</include>
	<include name="view_List">
		<control type="list" id="50">
			<viewtype label="535">list</viewtype>
			<left>30</left>
			<top>90</top>
			<width>620</width>
			<height>603</height>
			<onup>50</onup>
			<ondown>50</ondown>
			<onleft>6000</onleft>
			<onright condition="Window.IsActive(videoplaylist) + Player.HasVideo">99</onright>
			<onright condition="Window.IsActive(videoplaylist) + !Player.HasVideo">70</onright>
			<onright condition="Window.IsActive(tvchannels) + Player.HasVideo">99</onright>
			<onright condition="Window.IsActive(tvchannels) + !Player.HasVideo">70</onright>
			<onright>noop</onright>
			<pagecontrol>70</pagecontrol>
			<preloaditems>2</preloaditems>
			<include>toggle_Menu</include>
			<include>global_ListScroll</include>
			<include>transition_Info</include>
			<include>transition_Content</include>
			<itemlayout condition="IsEmpty(Container.FolderPath) | Substring(Container.FolderPath,plugin://plugin.video.youtube)" width="620" height="43.5">
				<control type="label">
			
					<left>15</left>
					<width>595</width>
					<label>$INFO[ListItem.Label]</label>
					<include>container_24</include>
				</control>
			</itemlayout>
			<focusedlayout condition="IsEmpty(Container.FolderPath) | Substring(Container.FolderPath,plugin://plugin.video.youtube)" width="620" height="43.5">
				<control type="group">
					<width>620</width>
				
					<include>container_24-Focus</include>
					<control type="image">
						<width>650</width>
						<height>42</height>
						<texture>views/focus.png</texture>
					</control>
					<control type="label">

						<left>15</left>
						<width>595</width>
						<label>$INFO[ListItem.Label]</label>
						<include>container_24-focus</include>
					</control>
				</control>
				<control type="label">
					<left>15</left>
					<width>595</width>
					<label>$INFO[ListItem.Label]</label>
					<include>container_Single</include>
					<include>container_Unfocus</include>
				</control>
			</focusedlayout>
			<itemlayout condition="Container.Content(movies) | Container.Content(sets) | Container.Content(tvshows) | Container.Content(seasons) | Container.Content(episodes) | Container.Content(musicvideos) | Container.Content(artists) | Container.Content(albums) | Container.Content(songs) | SubString(Container.FolderPath,playlistvideo://) | [[Container.Content(files) | Container.Content(addons) | Window.IsActive(pictures) | Window.IsActive(programs)] + Container.HasFiles] | SubString(Container.FolderPath,pvr://recordings) + !Substring(Container.FolderPath,plugin://plugin.video.youtube)" width="620" height="67">
				<control type="label">
					<left>15</left>
					<top>6</top>
					<width>550</width>
					<height>27</height>
					<label>$VAR[media:Title]</label>
					<include>container_Title</include>
				</control>
				<control type="label">
					<left>15</left>
					<top>28</top>
					<width>550</width>
					<label>$VAR[media:Info] $VAR[rating:Song]</label>
					<selectedcolor>Color2</selectedcolor>
					<include>container_Sub</include>
					<visible>!Substring(Container.FolderPath,plugin://script.videoextras" + !Skin.HasSetting(diffuseoverlay.enable)</visible>
				</control>
				<control type="label">
					<left>15</left>
					<top>28</top>
					<width>550</width>
					<label>$VAR[media:Info] $VAR[rating:Song]</label>
					<selectedcolor>Color2</selectedcolor>
					<include>container_Sub_dark</include>
					<visible>!Substring(Container.FolderPath,plugin://script.videoextras" + Skin.HasSetting(diffuseoverlay.enable)</visible>
				</control>
				<control type="label">
					<left>15</left>
					<top>28</top>
					<width>550</width>
					<label>($INFO[ListItem.Label2])</label>
					<selectedcolor>Color2</selectedcolor>
					<include>container_Sub</include>
					<visible>Substring(Container.FolderPath,plugin://script.videoextras) + !IsEmpty(ListItem.Label2)</visible>
				</control>
				<control type="group">
					<right>10</right>
					<top>18.5</top>
					<width>28</width>
					<height>28</height>
					<include>status_List</include>
				</control>
			</itemlayout>
			<itemlayout condition="SubString(Container.FolderPath,pvr://channels/)" width="620" height="67">
				<control type="group">
					<left>5</left>
					<top>5</top>
					<control type="image">
						<width>57</width>
						<height>57</height>
						<texture>thumbs/default_Square.png</texture>
					</control>
					<control type="image">
						<width>57</width>
						<height>57</height>
						<texture fallback="DefaultIconTV.png">$INFO[ListItem.Art(thumb)]</texture>
					</control>
				</control>
				<control type="group">
					<left>80</left>
					<top>6</top>
					<control type="label">
						<width>490</width>
						<height>27</height>
						<label>$VAR[media:Title]</label>
						<include>container_Title</include>
					</control>
					<control type="label">
						<top>22</top>
						<width>490</width>
						<label>$VAR[media:Info]</label>
						<selectedcolor>Color2</selectedcolor>
						<include>container_Sub</include>
					</control>
				</control>
				<control type="group">
					<right>10</right>
					<top>18.5</top>
					<width>28</width>
					<height>28</height>
					<include>progress_PVR</include>
				</control>
			</itemlayout>
			<focusedlayout condition="Container.Content(movies) | Container.Content(sets) | Container.Content(tvshows) | Container.Content(seasons) | Container.Content(episodes) | Container.Content(musicvideos) | Container.Content(artists) | Container.Content(albums) | Container.Content(songs) | SubString(Container.FolderPath,playlistvideo://) | [[Container.Content(files) | Container.Content(addons) | Window.IsActive(pictures) | Window.IsActive(programs)] + Container.HasFiles] | SubString(Container.FolderPath,pvr://recordings)" width="620" height="67">
				<control type="group">
					<width>620</width>
					<height>67</height>
					<include>container_Focus</include>
					<control type="image">
						<width>630</width>
						<height>67</height>
						<texture>views/focus.png</texture>
					</control>
					<control type="label">
						<left>15</left>
						<top>6</top>
						<width>590</width>
						<height>27</height>
						<label>$VAR[media:Title]</label>
						<include>container_Title-focus</include>
					</control>
					<control type="label">
						<left>15</left>
						<top>28</top>
						<width>550</width>
						<label>$VAR[media:Info] $VAR[rating:Song]</label>
						<selectedcolor>Color2</selectedcolor>
						<include>container_Sub-focus</include>
						<visible>!Substring(Container.FolderPath,plugin://script.videoextras"</visible>
					</control>
					<control type="label">
						<left>15</left>
						<top>28</top>
						<width>550</width>
						<label>($INFO[ListItem.Label2])</label>
						<selectedcolor>Color2</selectedcolor>
						<include>container_Sub-focus</include>
						<visible>Substring(Container.FolderPath,plugin://script.videoextras) + !IsEmpty(ListItem.Label2)</visible>
					</control>
					<control type="group">
						<right>10</right>
						<top>18.5</top>
						<width>28</width>
						<height>28</height>
						<include>status_List-fo</include>
					</control>--&gt;
				</control>
				<control type="group">
					<width>620</width>
					<height>67</height>
					<include>container_Unfocus</include>
					<control type="label">
						<left>15</left>
						<top>6</top>
						<width>590</width>
						<height>27</height>
						<label>$VAR[media:Title]</label>
						<include>container_Title</include>
					</control>
					<control type="label">
						<left>15</left>
						<top>28</top>
						<width>590</width>
						<label>$VAR[media:Info] $VAR[rating:Song]</label>
						<selectedcolor>Color2</selectedcolor>
						<include>container_Sub</include>
						<visible>!Substring(Container.FolderPath,plugin://script.videoextras"</visible>
					</control>
					<control type="label">
						<left>15</left>
						<top>28</top>
						<width>590</width>
						<label>($INFO[ListItem.Label2])</label>
						<selectedcolor>Color2</selectedcolor>
						<include>container_Sub</include>
						<visible>Substring(Container.FolderPath,plugin://script.videoextras) + !IsEmpty(ListItem.Label2)</visible>
					</control>
					<control type="group">
						<right>10</right>
						<top>18.5</top>
						<width>28</width>
						<height>28</height>
						<include>status_List</include>
					</control>
				</control>
			</focusedlayout>
			<focusedlayout condition="SubString(Container.FolderPath,pvr://channels/)" width="620" height="67">
				<control type="group">
					<width>620</width>
					<height>67</height>
					<include>container_Focus</include>
					<control type="image">
						<width>620</width>
						<height>67</height>
						<texture>views/focus.png</texture>
					</control>
					<control type="group">
						<left>5</left>
						<top>5</top>
						<control type="image">
							<width>57</width>
							<height>57</height>
							<texture>thumbs/default_Square.png</texture>
						</control>
						<control type="image">
							<width>57</width>
							<height>57</height>
							<texture fallback="DefaultIconTV.png">$INFO[ListItem.Art(thumb)]</texture>
						</control>
					</control>
					<control type="group">
						<left>80</left>
						<top>6</top>
						<control type="label">
							<width>490</width>
							<height>27</height>
							<label>$VAR[media:Title]</label>
							<include>container_Title-focus</include>
						</control>
						<control type="label">
							<top>22</top>
							<width>490</width>
							<label>$VAR[media:Info]</label>
							<include>container_Sub-focus</include>
						</control>
					</control>
					<control type="group">
						<right>10</right>
						<top>18.5</top>
						<width>28</width>
						<height>28</height>
						<include>progress_PVR-fo</include>
					</control>
				</control>
				<control type="group">
					<width>620</width>
					<height>67</height>
					<include>container_Unfocus</include>
					<control type="group">
						<left>5</left>
						<top>5</top>
						<control type="image">
							<width>54</width>
							<height>54</height>
							<texture>thumbs/default_Square.png</texture>
						</control>
						<control type="image">
							<width>54</width>
							<height>54</height>
							<texture fallback="DefaultIconTV.png">$INFO[ListItem.Art(thumb)]</texture>
						</control>
					</control>
					<control type="group">
						<left>80</left>
						<top>6</top>
						<control type="label">
							<width>490</width>
							<height>27</height>
							<label>$VAR[media:Title]</label>
							<include>container_Title</include>
						</control>
						<control type="label">
							<top>22</top>
							<width>490</width>
							<label>$VAR[media:Info]</label>
							<selectedcolor>Color2</selectedcolor>
							<include>container_Sub</include>
						</control>
					</control>
					<control type="group">
						<right>10</right>
						<top>18.5</top>
						<width>28</width>
						<height>28</height>
						<include>progress_PVR</include>
					</control>
				</control>
			</focusedlayout>
		</control>
	</include>
	<include name="detail_ListMusic">
		<control type="group">
			<left>680</left>
			<top>90</top>
			<include>toggle_Menu</include>
			<include>transition_Info</include>
			<include>transition_Content</include>
			<include>fadeinout</include>
			<visible>Control.IsVisible(50)</visible>
			<!--landscape-->
			<control type="group">
				<visible>Container.Content(artists) + !SubString(Container.FolderPath,plugin://) + Skin.HasSetting(view.list.artistfanart)</visible>
				<control type="group">
					<control type="image">
						<width>546</width>
						<height>309</height>
						<include>art_Frame-nf</include>
					</control>
					<control type="group">
						<left>7</left>
						<top>7</top>
						<control type="image">
							<width>532</width>
							<height>295</height>
							<texture background="true">thumbs/default_Landscape.png</texture>
							<aspectratio>stretch</aspectratio>
							<fadetime>fadetime_Thumb</fadetime>
						</control>
						<control type="image">
							<centerleft>266</centerleft>
							<centertop>147.5</centertop>
							<width>128</width>
							<height>128</height>
							<include>art_DefaultIcon</include>
						</control>
						<control type="image">
							<width>532</width>
							<height>295</height>
							<texture background="true">$VAR[art:Landscape]</texture>
							<aspectratio>scale</aspectratio>
							<fadetime>fadetime_Thumb</fadetime>
						</control>
						<control type="textbox">
							<top>315</top>
							<width>532</width>
							<height max="280">auto</height>
							<label>$VAR[media:Plot]</label>
							<include>detail_Text</include>
						</control>
					</control>
				</control>
			</control>
			<!--square-->
			<control type="group">
				<visible>[Container.Content(albums) | Container.Content(songs) | Window.IsActive(MusicFiles)] | [Container.Content(artists) + !Skin.HasSetting(view.list.artistfanart)]</visible>
				<control type="image">
					<width>532</width>
					<height>500</height>
					<texture background="true">$INFO[ListItem.Art(thumb)]</texture>
					<bordertexture border="7">frames/frame-nf.png</bordertexture>
					<bordersize>7</bordersize>
					<include>fadeinout</include>
					<aspectratio align="center" aligny="top">keep</aspectratio>
					<fadetime>fadetime_Thumb</fadetime>
					<visible>!SubString(Container.FolderPath,plugin://) + !IsEmpty(Container.FolderPath)</visible>
				</control>
			</control>
		</control>
	</include>
	<include name="detail_ListFiles">
		<control type="group">
			<left>680</left>
			<top>90</top>
			<include>transition_Content</include>
			<include>toggle_Menu</include>
			<include>transition_Info</include>
			<visible>Control.IsVisible(50) + [[SubString(Container.FolderPath,addons://) | SubString(Container.FolderPath,plugin://plugin) | [SubString(Container.FolderPath,pvr://recordings) + Container.HasFiles]] + ![StringCompare(Container.FolderPath,addons://enabled/) | StringCompare(Container.FolderPath,addons://all/)] + ![Container.Content(movies) | Container.Content(tvshows) | Container.Content(episodes)]]</visible>
			<control type="image">
				<left>15</left>
				<width>532</width>
				<height>300</height>
				<texture background="true">$INFO[ListItem.Art(thumb)]</texture>
				<bordertexture border="7">frames/frame-nf.png</bordertexture>
				<bordersize>7</bordersize>
				<aspectratio align="center" aligny="top">keep</aspectratio>
				<fadetime>fadetime_Thumb</fadetime>
				<visible>Control.IsVisible(50) + [SubString(Container.FolderPath,pvr://recordings) + Container.HasFiles]</visible>
			</control>
			<control type="textbox" id="1003">
				<left>22</left>
				<top>313</top>
				<width>532</width>
				<height>330</height>
				<label>$VAR[media:Plot]</label>
				<autoscroll>![Window.IsActive(addoninformation) | Window.IsActive(pvrguideinfo)]</autoscroll>
				<include>detail_Text</include>
				<visible>Control.IsVisible(50) + [SubString(Container.FolderPath,pvr://recordings) + Container.HasFiles]</visible>
			</control>
			<control type="image">
				<left>15</left>
				<width>532</width>
				<height>256</height>
				<texture background="true">$INFO[ListItem.Art(thumb)]</texture>
				<bordertexture border="7">frames/frame-nf.png</bordertexture>
				<bordersize>7</bordersize>
				<aspectratio align="center" aligny="top">keep</aspectratio>
				<fadetime>fadetime_Thumb</fadetime>
				<visible>Control.IsVisible(50) + [Container.Content(addons) | SubString(Container.FolderPath,plugin://) | -SubString(Container.FolderPath,pvr://recordings)] + !Substring(Container.FolderPath,plugin://plugin.video.hdtrailers_net</visible>
			</control>
			<control type="textbox" id="1003">
				<left>30</left>
				<top>270</top>
				<width>532</width>
				<height>330</height>
				<label>$VAR[media:Plot]</label>
				<autoscroll>![Window.IsActive(addoninformation) | Window.IsActive(pvrguideinfo)]</autoscroll>
				<include>detail_Text</include>
				<visible>Control.IsVisible(50) + [Container.Content(addons) | SubString(Container.FolderPath,plugin://) | -SubString(Container.FolderPath,pvr://recordings)] + !Substring(Container.FolderPath,plugin://plugin.video.hdtrailers_net</visible>
			</control>
		</control>
	</include>

	<!--MUSIC PLAYLIST VIEW-->
	<include name="view_Playlist-Commons">
		<control type="group">
			<!--title-->
			<control type="image">
				<width>350</width>
				<height>42</height>
				<texture>views/column-fo.png</texture>
				<colordiffuse>column2</colordiffuse>
			</control>
			<!--artist-->
			<control type="image">
				<left>353</left>
				<width>300</width>
				<height>42</height>
				<texture>views/column-fo.png</texture>
				<colordiffuse>column2</colordiffuse>
			</control>
			<!--album-->
			<control type="image">
				<left>655</left>
				<width>300</width>
				<height>42</height>
				<texture>views/column-fo.png</texture>
				<colordiffuse>column2</colordiffuse>
			</control>
			<!--duration-->
			<control type="image">
				<left>957</left>
				<width>116</width>
				<height>42</height>
				<texture>views/column-fo.png</texture>
				<colordiffuse>column2</colordiffuse>
			</control>
			<!--rating-->
			<control type="image">
				<left>1075</left>
				<width>125</width>
				<height>42</height>
				<texture>views/column-fo.png</texture>
				<colordiffuse>column2</colordiffuse>
			</control>
		</control>
	</include>
	<include name="view_Playlist">
		<control type="group">
			<left>40</left>
			<top>110</top>
			<include>transition_Content</include>
			<include>transition_Info</include>
			<include>toggle_Menu</include>
			<control type="group">
				<left>15</left>
				<control type="label">
					<label>$LOCALIZE[369]</label>
					<width>595</width>
					<include>column_Header</include>
				</control>
				<control type="label">
					<left>353</left>
					<label>$LOCALIZE[557]</label>
					<width>595</width>
					<include>column_Header</include>
				</control>
				<control type="label">
					<left>655</left>
					<label>$LOCALIZE[558]</label>
					<width>595</width>
					<include>column_Header</include>
				</control>
			</control>
			<control type="list" id="50">
				<viewtype label="535">list</viewtype>
				<top>35</top>
				<width>1200</width>
				<height>528</height>
				<onup>50</onup>
				<ondown>50</ondown>
				<onleft>6000</onleft>
				<onright>70</onright>
				<pagecontrol>70</pagecontrol>
				<include>global_ListScroll</include>
				<orientation>vertical</orientation>
				<visible>Window.IsActive(musicplaylist)</visible>
				<itemlayout width="1200" height="44">
					<include>view_Playlist-Commons</include>
					<control type="group">
						<left>15</left>
						<control type="label">
							<width>335</width>
							<label>$INFO[ListItem.Title]</label>
							<include>column_CommonListItem</include>
						</control>
						<control type="label">
							<left>353</left>
							<width>275</width>
							<label>$INFO[ListItem.Artist]</label>
							<textcolor>Color2</textcolor>
							<include>column_CommonListItem</include>
						</control>
						<control type="label">
							<left>655</left>
							<width>275</width>
							<label>$INFO[ListItem.Album]</label>
							<textcolor>Color3</textcolor>
							<include>column_CommonListItem</include>
						</control>
						<control type="label">
							<left>957</left>
							<width>101</width>
							<label>$INFO[ListItem.Duration]</label>
							<textcolor>Color3</textcolor>
							<include>column_CommonListItem</include>
						</control>
						<control type="image">
							<left>1067</left>
							<top>9</top>
							<width>130</width>
							<height>22</height>
							<texture>$VAR[rating:Global]</texture>
							<aspectratio align="left">keep</aspectratio>
							<visible>!IsEmpty(ListItem.Title)</visible>
						</control>
					</control>
				</itemlayout>
				<focusedlayout width="1440" height="44">
					<control type="group">
						<include>container_Focus</include>
						<include>view_Playlist-Commons</include>
						<control type="image">
							<width>1200</width>
							<height>42</height>
							<texture>views/column-fo.png</texture>
							<colordiffuse>column1</colordiffuse>
						</control>
						<control type="group">
							<left>15</left>
							<control type="label">
								<width>335</width>
								<label>$INFO[ListItem.Title]</label>
								<include>column_CommonListItem-focus</include>
							</control>
							<control type="label">
								<left>353</left>
								<width>275</width>
								<label>$INFO[ListItem.Artist]</label>
								<include>column_CommonListItem-focus</include>
							</control>
							<control type="label">
								<left>655</left>
								<width>275</width>
								<label>$INFO[ListItem.Album]</label>
								<include>column_CommonListItem-focus</include>
							</control>
							<control type="label">
								<left>957</left>
								<width>101</width>
								<label>$INFO[ListItem.Duration]</label>
								<include>column_CommonListItem-focus</include>
							</control>
							<control type="image">
								<left>1067</left>
								<top>9</top>
								<width>130</width>
								<height>22</height>
								<texture>$VAR[rating:Global.Focused]</texture>
								<colordiffuse>Color4</colordiffuse>
								<aspectratio align="left">keep</aspectratio>
								<visible>!IsEmpty(ListItem.Title)</visible>
							</control>
						</control>
					</control>
					<control type="group">
						<include>container_Unfocus</include>
						<include>view_Playlist-Commons</include>
						<control type="group">
							<left>15</left>
							<control type="label">
								<width>335</width>
								<label>$INFO[ListItem.Title]</label>
								<include>column_CommonListItem</include>
							</control>
							<control type="label">
								<left>353</left>
								<width>275</width>
								<label>$INFO[ListItem.Artist]</label>
								<textcolor>Color2</textcolor>
								<include>column_CommonListItem</include>
							</control>
							<control type="label">
								<left>655</left>
								<width>275</width>
								<label>$INFO[ListItem.Album]</label>
								<textcolor>Color3</textcolor>
								<include>column_CommonListItem</include>
							</control>
							<control type="label">
								<left>957</left>
								<width>101</width>
								<label>$INFO[ListItem.Duration]</label>
								<textcolor>Color3</textcolor>
								<include>column_CommonListItem</include>
							</control>
							<control type="image">
								<left>1067</left>
								<top>9</top>
								<width>130</width>
								<height>22</height>
								<texture>$VAR[rating:Global]</texture>
								<aspectratio align="left">keep</aspectratio>
								<visible>!IsEmpty(ListItem.Title)</visible>
							</control>
						</control>
					</control>
				</focusedlayout>
			</control>
		</control>
	</include>
</includes>
