<?xml version="1.0" encoding="utf-8"?>
<window id="1100" type="dialog">
	<defaultcontrol always="true">10</defaultcontrol>
	<include>transition_Dialog</include>
	<onunload condition="!IsEmpty(Window(1100).Property(ConfirmDialog))">ClearProperty(ConfirmDialog,1100)</onunload>
	<coordinates>
		<system>1</system>
		<left>340</left>
		<top>235</top>
	</coordinates>
	<controls>
		<control type="group">
			<width>600</width>
			<height>220</height>
			<control type="image">
				<width>600</width>
				<height>220</height>
				<include>dialog_Window</include>
			</control>
			<control type="label" id="1">
				<width>592</width>
				<label>$VAR[confirm:Header]</label>
				<include>dialog_Windowtitle</include>
			</control>
			<!--textbox-->
			<control type="textbox" id="9">
				<left>20</left>
				<top>55</top>
				<width>552</width>
				<height>90</height>
				<label>$VAR[confirm:Message]</label>
				<align>center</align>
				<include>dialog_Text</include>
			</control>
			<!--dialog controls-->
			<control type="grouplist" id="9001">
				<centerleft>50%</centerleft>
				<bottom>20</bottom>
				<width>254</width>
				<height>40</height>
				<itemgap>10</itemgap>
				<orientation>horizontal</orientation>
				<!--yes-->
				<control type="button" id="11">
					<label>$LOCALIZE[107]</label>
					<onclick>Dialog.Close(all,true)</onclick>
					<!--skin reload-->
					<onclick condition="StringCompare(Window(1100).Property(ConfirmDialog),ReloadSkin)">SetProperty(Confirmed,true)</onclick>
					<onclick condition="StringCompare(Window(1100).Property(ConfirmDialog),ReloadSkin)">Skin.Reset(homebackground)</onclick>
					<onclick condition="StringCompare(Window(1100).Property(ConfirmDialog),ReloadSkin)">Skin.SetString(homebackground,fanart)</onclick>
					<onclick condition="StringCompare(Window(1100).Property(ConfirmDialog),ReloadSkin)">AlarmClock(SkinInit,ReplaceWindow(startup),00:01,silent)</onclick>
					<!--reset skin settings-->
					<onclick condition="StringCompare(Window(1100).Property(ConfirmDialog),ResetSettings)">Skin.ResetSettings</onclick>
					<onclick condition="StringCompare(Window(1100).Property(ConfirmDialog),ResetSettings)">ActivateWindow(SkinSettings)</onclick>
					<onclick condition="StringCompare(Window(1100).Property(ConfirmDialog),ResetSettings)">SetFocus(9001)</onclick>
					<include>dialog_WindowButton</include>
				</control>
				<!--no-->
				<control type="button" id="10">
					<label>$LOCALIZE[106]</label>
					<onclick>Close</onclick>
					<include>dialog_WindowButton</include>
				</control>
			</control>
		</control>
	</controls>
</window>
