<?xml version="1.0" encoding="utf-8"?>
<window>
	<defaultcontrol>9001</defaultcontrol>
	<include>transition_Dialog</include>
	<coordinates>
		<system>1</system>
		<left>340</left>
		<top>73</top>
	</coordinates>
	<controls>
		<control type="image">
			<width>600</width>
			<height>575</height>
			<include>dialog_Window</include>
		</control>
		<control type="label">
			<width>592</width>
			<label>$LOCALIZE[19065]</label>
			<include>dialog_Windowtitle</include>
		</control>
		<control type="group">
			<left>4</left>
			<top>60</top>
			<control type="image">
				<width>592</width>
				<include>dialog_Separator</include>
			</control>
			<control type="grouplist" id="5">
				<width>592</width>
				<height>440</height>
				<itemgap>-1</itemgap>
				<onup>9001</onup>
				<ondown>9001</ondown>
			</control>
		</control>
		<!--default button-->
		<control type="button" id="7">
			<include>dialog_ControlCommons</include>
		</control>
		<!--default radiobutton-->
		<control type="radiobutton" id="8">
			<include>dialog_ControlCommons</include>
			<include>dialog_Radio</include>
		</control>
		<!--default spincontrolex-->
		<control type="spincontrolex" id="9">
			<include>dialog_ControlCommons</include>
			<include>dialog_Spin</include>
		</control>
		<!--default slider-->
		<control type="sliderex" id="13">
			<include>dialog_ControlCommons</include>
			<include>dialog_Slider</include>
		</control>
		<!--default separator-->
		<control type="image" id="11">
			<visible>false</visible>
		</control>
		<!--default edit-->
		<control type="edit" id="12">
			<include>dialog_Edit</include>
			<include>dialog_ControlCommons</include>
		</control>
		<control type="group" id="9001">
			<left>325</left>
			<top>510</top>
			<control type="button" id="28">
				<!--ok-->
				<label>$LOCALIZE[186]</label>
				<onleft>29</onleft>
				<onright>29</onright>
				<onup>5</onup>
				<ondown>5</ondown>
				<include>dialog_WindowButton</include>
			</control>
			<control type="button" id="29">
				<!--cancel-->
				<left>130</left>
				<label>$LOCALIZE[222]</label>
				<onleft>28</onleft>
				<onright>28</onright>
				<onup>5</onup>
				<ondown>5</ondown>
				<include>dialog_WindowButton</include>
			</control>
		</control>
		<control type="label" id="14">
			<description>Default Label</description>
			<left>0</left>
			<top>0</top>
			<height>30</height>
			<label>-</label>
			<align>center</align>
			<aligny>bottom</aligny>
			<font>font13_title</font>
			<textcolor>grey</textcolor>
			<shadowcolor>black</shadowcolor>
		</control>
	</controls>
</window>
