<?xml version="1.0" encoding="utf-8"?>
<window type="dialog">
	<zorder>2</zorder>
	<include>transition_Dialog</include>
	<coordinates>
		<system>1</system>
		<left>415</left>
		<top>260</top>
	</coordinates>
	<controls>
		<control type="image">
			<width>550</width>
			<height>220</height>
			<include>dialog_Window</include>
		</control>
		<control type="label" id="1">
			<width>542</width>
			<label>$LOCALIZE[13327]</label>
			<include>dialog_Windowtitle</include>
		</control>
		<!--song number label-->
		<control type="label" id="401">
			<left>20</left>
			<top>70</top>
			<width>502</width>
			<align>center</align>
			<textcolor>Color4</textcolor>
			<include>dialog_Title</include>
		</control>
		<!--song name label-->
		<control type="label" id="402">
			<left>20</left>
			<top>100</top>
			<width>502</width>
			<align>center</align>
			<scroll>true</scroll>
			<font>regular_Big</font>
			<textcolor>Color4</textcolor>
		</control>
	</controls>
</window>
