<?xml version="1.0" encoding="utf-8"?>
<window>
	<defaultcontrol>11</defaultcontrol>
	<include>transition_Dialog</include>
	<coordinates>
		<system>1</system>
		<left>390</left>
		<top>425</top>
	</coordinates>
	<controls>
		<control type="image">
			<width>500</width>
			<height>145</height>
			<include>dialog_Window</include>
		</control>
		<control type="label" id="10">
			<width>492</width>
			<include>dialog_Windowtitle</include>
		</control>
		<control type="group">
			<left>19</left>
			<top>60</top>
			<control type="slider" id="11">
				<width>466</width>
				<height>32</height>
				<onup>11</onup>
				<ondown>11</ondown>
				<onleft>11</onleft>
				<onright>11</onright>
				<include>dialog_Slider</include>
			</control>
			<control type="label" id="12">
				<top>38</top>
				<width>466</width>
				<align>center</align>
				<aligny>center</aligny>
				<font>semibold-U</font>
				<textcolor>Color4</textcolor>
			</control>
		</control>
	</controls>
</window>
