<?xml version="1.0" encoding="utf-8"?>
<window type="script" id="1118">
	<defaultcontrol always="true">5111</defaultcontrol>
	<controls>
		<control type="group">
			<animation effect="slide" start="3361,0" end="0,0" time="1500" tween="sine">WindowOpen</animation>
			<animation effect="slide" end="828,0" time="450" tween="sine" condition="Control.HasFocus(5111) | ControlGroup(5000).HasFocus">WindowClose</animation>
			<animation effect="slide" end="0,720" time="450" tween="sine" condition="!Control.HasFocus(5111) + !ControlGroup(5000).HasFocus">WindowClose</animation>
			<animation effect="slide" end="-499,0" time="450" tween="sine" easing="inout" condition="!Control.HasFocus(5111) + !ControlGroup(5000).HasFocus">Conditional</animation>
			<!--blur-->
			<control type="image">
				<posx>486</posx>
				<width>1300</width>
				<height>720</height>
				<texture fallback="common/black.png">$INFO[Window.Property(movie.ImageFilter)]</texture>
			</control>
			<!--honeycomb-->
			<control type="image">
				<posx>486</posx>
				<width>1300</width>
				<animation effect="fade" start="100" end="60" time="0" condition="true">Conditional</animation>
				<height>720</height>
				<aspectratio align="center">scale</aspectratio>
				<texture colordiffuse="$INFO[Window(home).Property(movie.ImageColor)]">diffuseoverlay.png</texture>
			</control>
			<!--page contents group-->
			<control type="group">
				<posx>-27</posx>
				<control type="grouplist" id="4000">
					<orientation>vertical</orientation>
					<scrolltime tween="sine">400</scrolltime>
					<posx>533</posx>
					<posy>280</posy>
					<itemgap>13</itemgap>
					<ondown>4000</ondown>
					<width>1400</width>
					<height>436</height>
					<control type="button" id="5111">
						<include>HiddenObject</include>
					</control>
					<control type="group" id="50000">
						<height>80</height>
						<control type="image">
							<posx>-33</posx>
							<posy>43</posy>
							<width>19</width>
							<height>19</height>
							<texture colordiffuse="$INFO[Window(home).Property(movie.ImageColor)]" flipx="true">arrowright.png</texture>
							<animation effect="fade" time="200">VisibleChange</animation>
							<animation effect="slide" start="-100" end="0" delay="640" time="320" tween="cubic">WindowOpen</animation>
							<visible>Container(5000).HasPrevious + ControlGroup(5000).HasFocus</visible>
						</control>
						<control type="image">
							<posx>733</posx>
							<posy>43</posy>
							<width>19</width>
							<height>19</height>
							<texture colordiffuse="$INFO[Window(home).Property(movie.ImageColor)]">arrowright.png</texture>
							<animation effect="fade" time="200">VisibleChange</animation>
							<animation effect="slide" start="100" end="0" delay="640" time="320" tween="cubic">WindowOpen</animation>
							<visible>Container(5000).HasNext + ControlGroup(5000).HasFocus</visible>
						</control>
				<!--button group-->
						<control type="grouplist" id="5000">
							<posx>0</posx>
							<posy>10</posy>
							<width>727</width>
							<height>267</height>
							<onleft>5000</onleft>
							<onright>5000</onright>
							<onup>noop</onup>
							<ondown>1000</ondown>
							<itemgap>-7</itemgap>
							<orientation>horizontal</orientation>
							<scrolltime tween="quadratic">200</scrolltime>
							<!--favorite button?-->
							<control type="radiobutton" id="6003">
								<label>$INFO[Window.Property(FavButton_Label)]</label>
								<onleft>6001</onleft>
								<textureradioonfocus colordiffuse="FF999999">icons/starminus.png</textureradioonfocus>
								<textureradioofffocus colordiffuse="FF999999">icons/star.png</textureradioofffocus>
								<textureradiooffnofocus colordiffuse="FF999999">icons/star.png</textureradiooffnofocus>
								<textureradioonnofocus colordiffuse="FF999999">icons/starminus.png</textureradioonnofocus>
								<width>187</width>
								<height>55</height>
								<textoffsetx>0</textoffsetx>
								<align>center</align>
								<texturefocus border="40" colordiffuse="$INFO[Window(home).Property(movie.ImageColor)]">buttons/roundedbutton-focus.png</texturefocus>
								<texturenofocus border="40" colordiffuse="$INFO[Window(home).Property(movie.ImageColor)]">buttons/roundedbutton-nofocus.png</texturenofocus>
								<font>regular</font>
								<textcolor>FF999999</textcolor>
								<focusedcolor>FFFAFAFA</focusedcolor>
								<aligny>bottom</aligny>
								<textoffsety>51</textoffsety>
								<radioposx>79</radioposx>
								<radioposy>20</radioposy>
								<radiowidth>29</radiowidth>
								<radioheight>29</radioheight>
								<selected>!IsEmpty(Window.Property(movie.favorite))</selected>
								<visible>!IsEmpty(Window.Property(tmdb_logged_in))</visible>
								<visible>!StringCompare(Window.Property(type),season)</visible>
							</control>
							<!--?-->
							<control type="radiobutton" id="6005">
								<label>$ADDON[script.extendedinfo 32107]</label>
								<textureradioonfocus colordiffuse="FF999999">icons/checkmark.png</textureradioonfocus>
								<textureradioofffocus colordiffuse="FF999999">icons/checkmark.png</textureradioofffocus>
								<textureradiooffnofocus colordiffuse="FF999999">icons/checkmark.png</textureradiooffnofocus>
								<textureradioonnofocus colordiffuse="FF999999">icons/checkmark.png</textureradioonnofocus>
								<width>187</width>
								<height>55</height>
								<textoffsetx>0</textoffsetx>
								<align>center</align>
								<texturefocus border="40" colordiffuse="$INFO[Window(home).Property(movie.ImageColor)]">buttons/roundedbutton-focus.png</texturefocus>
								<texturenofocus border="40" colordiffuse="$INFO[Window(home).Property(movie.ImageColor)]">buttons/roundedbutton-nofocus.png</texturenofocus>
								<font>regular</font>
								<textcolor>FF999999</textcolor>
								<focusedcolor>FFFAFAFA</focusedcolor>
								<aligny>bottom</aligny>
								<textoffsety>51</textoffsety>
								<radioposx>79</radioposx>
								<radioposy>20</radioposy>
								<radiowidth>29</radiowidth>
								<radioheight>29</radioheight>
								<visible>!IsEmpty(Window.Property(tmdb_logged_in))</visible>
								<visible>!StringCompare(Window.Property(type),season)</visible>
							</control>
							<!--?-->
							<control type="radiobutton" id="6002">
								<label>$ADDON[script.extendedinfo 32130]</label>
								<textureradioonfocus colordiffuse="FF999999">icons/list2.png</textureradioonfocus>
								<textureradioofffocus colordiffuse="FF999999">icons/list2.png</textureradioofffocus>
								<textureradiooffnofocus colordiffuse="FF999999">icons/list2.png</textureradiooffnofocus>
								<textureradioonnofocus colordiffuse="FF999999">icons/list2.png</textureradioonnofocus>
								<width>187</width>
								<height>55</height>
								<textoffsetx>0</textoffsetx>
								<align>center</align>
								<texturefocus border="40" colordiffuse="$INFO[Window(home).Property(movie.ImageColor)]">buttons/roundedbutton-focus.png</texturefocus>
								<texturenofocus border="40" colordiffuse="$INFO[Window(home).Property(movie.ImageColor)]">buttons/roundedbutton-nofocus.png</texturenofocus>
								<font>regular</font>
								<textcolor>FF999999</textcolor>
								<focusedcolor>FFFAFAFA</focusedcolor>
								<aligny>bottom</aligny>
								<textoffsety>51</textoffsety>
								<radioposx>79</radioposx>
								<radioposy>20</radioposy>
								<radiowidth>29</radiowidth>
								<radioheight>29</radioheight>
								<visible>!IsEmpty(Window.Property(tmdb_logged_in))</visible>
								<visible>!StringCompare(Window.Property(type),season)</visible>
							</control>
						</control>
					</control>
				<!--codec group-->
					<control type="group" id="274">
						<posy>40</posy>
						<height>50</height>
						<control type="image">
							<posx>19</posx>
							<posy>0</posy>
							<width>695</width>
							<height>1</height>
							<texture>info/infopanel_line.png</texture>
							<animation effect="fade" start="100" end="0" time="150" condition="Control.HasFocus(1000)">Conditional</animation>
						</control>
						<!--codec icons-->
						<control type="grouplist">
							<animation effect="fade" start="100" end="0" time="150" condition="Control.HasFocus(1000)">Conditional</animation>
							<posy>0</posy>
							<height>60</height>
							<orientation>horizontal</orientation>
							<itemgap>15</itemgap>
							<usecontrolcoords>true</usecontrolcoords>
							<control type="grouplist">
								<posx>20</posx>
								<posy>15</posy>
								<width>697</width>
								<height>15</height>
								<itemgap>12</itemgap>
								<orientation>horizontal</orientation>
								<usecontrolcoords>true</usecontrolcoords>
								<!--resolution-->
								<control type="image" id="900014">
									<width min="10" max="50">auto</width>
									<aspectratio>keep</aspectratio>
									<texture colordiffuse="FFFAFAFA">$INFO[Window.Property(movie.VideoResolution),flags/video/resolution/white/,.png]</texture>
									<visible>!IsEmpty(Control.GetLabel(900014))</visible>
								</control>
								<control type="grouplist">
									<width>400</width>
									<itemgap>4</itemgap>
									<orientation>horizontal</orientation>
									<!--audio codec-->
									<control type="image" id="900013">
										<width min="10" max="65">auto</width>
										<aspectratio>keep</aspectratio>
										<texture colordiffuse="FFFAFAFA">$INFO[Window.Property(movie.AudioCodec),flags/audio/,.png]</texture>
										<visible>!IsEmpty(Control.GetLabel(900013))</visible>
									</control>
									<!--audio channels-->
									<control type="image" id="900016">
										<width min="10" max="50">auto</width>
										<aspectratio>keep</aspectratio>
										<texture colordiffuse="FFFAFAFA">$INFO[Window.Property(movie.AudioChannels),flags/audio/,.png]</texture>
										<visible>!IsEmpty(Control.GetLabel(900016))</visible>
									</control>
								</control>
							</control>
							<control type="grouplist">
								<width>697</width>
								<height>60</height>
								<itemgap>22</itemgap>
								<orientation>horizontal</orientation>
								<usecontrolcoords>true</usecontrolcoords>
								<control type="image">
									<width>1</width>
									<height>47</height>
									<texture>info/upright.png</texture>
									<visible>!IsEmpty(Control.GetLabel(900016))</visible>
								</control>
								<!--path-->
								<control type="label">
									<posy>2</posy>
									<width>950</width>
									<height>40</height>
									<label>$INFO[Window.Property(movie.file)]</label>
									<font>regular_path</font>
									<textcolor>FFFAFAFA</textcolor>
									<scroll>true</scroll>
									<haspath>true</haspath>
								</control>
							</control>
						</control>
						<control type="image">
							<posx>19</posx>
							<posy>47</posy>
							<width>695</width>
							<height>1</height>
							<texture>info/infopanel_line.png</texture>
						</control>
					</control>
					<control type="group" id="50111">
						<visible>IntegerGreaterThan(Container(1000).NumItems,0)</visible>
						<height>353</height>
				<!--cast label header-->
						<!-- <control type="label">
							<posx>17</posx>
							<posy>4</posy>
							<width>333</width>
							<height>17</height>
							<aligny>center</aligny>
							<font>regular_Big</font>
							<label>$LOCALIZE[206]$INFO[Container(1000).NumItems, (,)]</label>
						</control> -->
					<!-- 	<control type="image">
							<posx>0</posx>
							<posy>133</posy>
							<width>19</width>
							<height>19</height>
							<texture colordiffuse="$INFO[Window(home).Property(movie.ImageColor)]" flipx="true">arrowright.png</texture>
							<animation effect="slide" start="20,0" end="0,0" time="200">VisibleChange</animation>
							<animation effect="slide" start="-100" end="0" delay="640" time="320" tween="cubic">WindowOpen</animation>
							<visible>Container(1000).HasPrevious + Control.HasFocus(1000)</visible>
						</control> -->
						<!-- <control type="image">
							<posx>1255</posx>
							<posy>133</posy>
							<width>19</width>
							<height>19</height>
							<texture colordiffuse="$INFO[Window(home).Property(movie.ImageColor)]">arrowright.png</texture>
							<animation effect="slide" start="-20,0" end="0,0" time="200">VisibleChange</animation>
							<animation effect="slide" start="100" end="0" delay="640" time="320" tween="cubic">WindowOpen</animation>
							<visible>Container(1000).HasNext + Control.HasFocus(1000)</visible>
						</control> -->
						<!--actor panel-->
						<control type="panel" id="1000">
							<posx>-33</posx>
							<posy>-20</posy>
							<width>1287</width>
							<height>407</height>
							<onleft>1000</onleft>
							<onright>1000</onright>
							<onup>5111</onup>
							<ondown>750</ondown>
							<scrolltime>200</scrolltime>
							<orientation>horizontal</orientation>
							<animation type="WindowOpen" reversible="false">
								<effect type="slide" start="0,1387" end="0,0" delay="0" tween="sine" time="1800" />
							</animation>
							<!--actor thumbs-->
							<itemlayout height="407" width="190">
								<control type="group">
									<!--nonfocus frame-->
									<control type="image">
										<posy>0</posy>
										<posx>33</posx>
										<width>209</width>
										<height>287</height>
										<texture border="65" colordiffuse="$INFO[Window(home).Property(movie.ImageColor)]">buttons/roundedbutton-nofocus.png</texture>
									</control>
									<control type="group">
										<posx>56</posx>
										<posy>16</posy>
										<!--nofocus thumbs-->
										<control type="image">
											<posy>7</posy>
											<width>163</width>
											<height>240</height>
											<texture fallback="DefaultActor.png">$INFO[ListItem.Thumb]</texture>
											<aspectratio aligny="center">scale</aspectratio>
											<fadetime>0</fadetime>
										</control>
										<!--diffuse frames?-->
										<control type="image">
											<posy>7</posy>
											<width>163</width>
											<height>240</height>
											<texture fallback="DefaultVideo.png">common/black.png</texture>
											<animation effect="fade" start="100" end="0" time="0" condition="!Control.HasFocus(1000)">Conditional</animation>
											<animation effect="fade" end="50" time="0" condition="true">Conditional</animation>
											<aspectratio aligny="center">scale</aspectratio>
										</control>
										<control type="textbox">
											<width>184</width>
											<posx>-11</posx>
											<height>93</height>
											<posy>258</posy>
											<align>center</align>
											<font>font12-Big</font>
											<textcolor>FFFAFAFA</textcolor>
											<animation effect="fade" start="100" end="70" time="0" condition="Control.HasFocus(1000)">Conditional</animation>
											<label>$INFO[ListItem.Label]$INFO[ListItem.Property(character),[COLOR FF999999][CR] $LOCALIZE[20347] ,[/COLOR]]</label>
										</control>
									</control>
								</control>
							</itemlayout>
							<focusedlayout height="407" width="190">
								<control type="group">
									<control type="image">
										<posy>0</posy>
										<posx>33</posx>
										<width>211</width>
										<height>287</height>
										<texture border="65" colordiffuse="$INFO[Window(home).Property(movie.ImageColor)]">buttons/roundedbutton-focus.png</texture>
										<visible>Control.HasFocus(1000)</visible>
									</control>
									<control type="image">
										<posy>0</posy>
										<posx>33</posx>
										<width>211</width>
										<height>287</height>
										<texture border="65" colordiffuse="$INFO[Window(home).Property(movie.ImageColor)]">buttons/roundedbutton-nofocus.png</texture>
										<visible>!Control.HasFocus(1000)</visible>
									</control>
									<control type="group">
										<posx>56</posx>
										<posy>16</posy>
										<control type="image">
											<posy>7</posy>
											<width>163</width>
											<height>240</height>
											<texture fallback="DefaultActor.png">$INFO[ListItem.Thumb]</texture>
											<aspectratio aligny="center">scale</aspectratio>
											<fadetime>0</fadetime>
										</control>
										<control type="textbox">
											<width>184</width>
											<height>93</height>
											<posx>-11</posx>
											<posy>258</posy>
											<align>center</align>
											<textcolor>FFFAFAFA</textcolor>
											<font>font12-Big</font>
											<label>$INFO[ListItem.Label]$INFO[ListItem.Property(character),[COLOR FF999999][CR] $LOCALIZE[20347] ,[/COLOR]]</label>
											<autoscroll delay="5000" time="AutoScrollTime" repeat="8001">true</autoscroll>
										</control>
									</control>
								</control>
							</focusedlayout>
						</control>
					</control>
				</control>
				<!--clearlogo-->
				<control type="group" id="33000">
					<posx>550</posx>
					<posy>15</posy>
					<visible>!Control.HasFocus(132) + !ControlGroup(5000).HasFocus</visible>
					<animation effect="fade" time="250">VisibleChange</animation>
					<control type="image">
						<posx>680</posx>
						<posy>-13</posy>
						<width>553</width>
						<height>127</height>
						<aspectratio align="right">keep</aspectratio>
						<texture background="true">$INFO[Window.Property(movie.Logo)]</texture>
					</control>
				</control>
				<!--plot-->
				<control type="grouplist">
					<orientation>vertical</orientation>
					<scrolltime tween="sine">400</scrolltime>
					<posx>550</posx>
					<posy>160</posy>
					<ondown>4000</ondown>
					<width>1400</width>
					<height>697</height>
					<control type="grouplist" id="140">
						<itemgap>-12</itemgap>
						<control type="textbox">
							<posx>50</posx>
							<posy>18</posy>
							<width>723</width>
							<height>110</height>
							<textcolor>FFFAFAFA</textcolor>
							<align>left</align>
							<label>$INFO[Window.Property(movie.plot)]</label>
							<font>small_plot</font>
							<autoscroll delay="10000" time="3000" repeat="10000">!Skin.HasSetting(AutoScroll)</autoscroll>
						</control>
						<control type="button" id="5111">
							<include>HiddenObject2</include>
						</control>
						<control type="label" id="801">
							<posx>50</posx>
							<width>723</width>
							<textcolor>FFFAFAFA</textcolor>
							<align>left</align>
							<label>[B]$INFO[Window.Property(movie.director),$LOCALIZE[31808]: ][/B]</label>
							<font>regular_plot</font>
						</control>
						<control type="label" id="616">
							<posx>50</posx>
							<width>723</width>
							<textcolor>FFFAFAFA</textcolor>
							<align>left</align>
							<label>[CR][B]$INFO[Window.Property(movie.writer),$LOCALIZE[31809]: ][/B]</label>
							<font>regular_plot</font>
						</control>
					</control>
				</control>
				<!--top group-->
				<control type="group">
					<posx>550</posx>
					<posy>45</posy>
					<animation effect="fade" time="250">VisibleChange</animation>
					<control type="group">
						<animation type="WindowOpen" reversible="false">
							<effect type="fade" start="0" end="100" delay="0" time="0" tween="cubic" />
							<effect type="slide" start="0,53" end="0,0" delay="460" time="960" tween="cubic" />
						</animation>
				<!--Title tagline-->
						<control type="group">
							<posx>0</posx>
							<posy>-20</posy>
							<width>679</width>
							<height>133</height>
							<aligny>top</aligny>
							<!-- <itemgap>42</itemgap> -->
							<orientation>vertical</orientation>
							<!--Title-->
							<control type="label">
								<width>679</width>
								<height>33</height>
								<label>$INFO[Window.Property(movie.Title)]</label>
								<font>light_Header</font>
								<scroll>true</scroll>
								<visible>!Window.IsVisible(DialogBusy.xml)</visible>
							</control>
							<control type="label">
								<posx>2</posx>
								<width>679</width>
								<height>104</height>
								<label>$INFO[Window.Property(movie.Tagline)]</label>
								<font>regular_tagline</font>
								<scroll>true</scroll>
							</control>
						</control>
					</control>
				<!--First Row-->
					<control type="group">
						<posy>-10</posy>
						<animation type="WindowOpen" reversible="false">
							<effect type="fade" start="0" end="100" delay="460" time="960" tween="cubic" />
							<effect type="zoom" start="100,0" end="100,100" delay="460" time="960" center="0,113" tween="cubic" />
						</animation>
				<!--top line-->
						<control type="image">
							<posx>0</posx>
							<posy>60</posy>
							<width>695</width>
							<height>1</height>
							<texture>info/infopanel_line.png</texture>
						</control>
				<!--bottom line-->
						<control type="image">
							<posx>0</posx>
							<posy>113</posy>
							<width>695</width>
							<height>1</height>
							<texture>info/infopanel_line.png</texture>
						</control>
						<control type="grouplist">
							<posx>-17</posx>
							<posy>61</posy>
							<width>800</width>
							<itemgap>0</itemgap>
							<orientation>horizontal</orientation>
							<usecontrolcoords>true</usecontrolcoords>
							<control type="image">
								<posx>0</posx>
								<posy>3</posy>
								<width>90</width>
								<height>45</height>
								<aspectratio align="center">keep</aspectratio>
								<texture colordiffuse="FFFAFAFA" fallback="flags/rating/MPAA_NR_Certificate_US.png">$INFO[Window.Property(movie.mpaa),flags/rating/,.png]</texture>
							</control>
							<control type="group">
								<posx>0</posx>
								<width>103</width>
								<visible>!Stringcompare(Window.Property(movie.omdb.imdbRating),0.0) + !IsEmpty(Window.Property(movie.omdb.imdbRating))</visible>
								<control type="image">
									<posx>0</posx>
									<height>53</height>
									<width>1</width>
									<height>47</height>
									<texture>info/upright.png</texture>
								</control>
								<control type="label">
									<posx>0</posx>
									<posy>6</posy>
									<width>103</width>
									<height>25</height>
									<align>center</align>
									<label>$INFO[Window.Property(movie.omdb.imdbRating)]</label>
									<font>font16</font>
								</control>
								<control type="label">
									<posx>0</posx>
									<posy>24</posy>
									<width>103</width>
									<height>25</height>
									<align>center</align>
									<aligny>center</aligny>
									<label>$INFO[Window.Property(movie.omdb.imdbVotes),, Votes]</label>
									<font>font10</font>
								</control>
							</control>
							<control type="group">
								<posx>0</posx>
								<width>103</width>
								<visible>!Stringcompare(Window.Property(movie.Duration),0) + !IsEmpty(Window.Property(movie.Duration))</visible>
								<control type="image">
									<posx>0</posx>
									<height>53</height>
									<width>1</width>
									<height>47</height>
									<texture>info/upright.png</texture>
								</control>
								<control type="label">
									<posx>0</posx>
									<posy>6</posy>
									<width>103</width>
									<height>25</height>
									<align>center</align>
									<label>$INFO[Window.Property(movie.Duration)]</label>
									<font>font16</font>
								</control>
								<control type="label">
									<posx>0</posx>
									<posy>24</posy>
									<width>103</width>
									<height>25</height>
									<align>center</align>
									<aligny>center</aligny>
									<label>Minutes</label>
									<font>font10</font>
								</control>
							</control>
							<control type="image">
								<posx>0</posx>
								<posy>1</posy>
								<height>53</height>
								<width>1</width>
								<height>47</height>
								<texture>info/upright.png</texture>
							</control>
							<control type="group">
								<width>147</width>
								<control type="label">
									<posx>0</posx>
									<posy>6</posy>
									<width>147</width>
									<height>25</height>
									<align>center</align>
									<label fallback="?">$INFO[Window.Property(movie.release_date)]</label>
									<font>font16</font>
								</control>
								<control type="label">
									<posx>0</posx>
									<posy>24</posy>
									<width>147</width>
									<height>25</height>
									<align>center</align>
									<aligny>center</aligny>
									<label fallback="Release Date">$INFO[Window.Property(movie.Status)]</label>
									<font>font10</font>
								</control>
							</control>
							<control type="group">
								<posx>0</posx>
								<width>147</width>
								<visible>!IsEmpty(Window.Property(movie.Budget))</visible>
								<control type="image">
									<posx>0</posx>
									<posy>1</posy>
									<height>53</height>
									<width>1</width>
									<height>47</height>
									<texture>info/upright.png</texture>
								</control>
								<control type="label">
									<posx>0</posx>
									<posy>6</posy>
									<width>147</width>
									<height>25</height>
									<align>center</align>
									<label>$INFO[Window.Property(movie.Budget),$]</label>
									<font>font16</font>
								</control>
								<control type="label">
									<posx>0</posx>
									<posy>24</posy>
									<width>147</width>
									<height>25</height>
									<align>center</align>
									<aligny>center</aligny>
									<label>Budget</label>
									<font>font10</font>
								</control>
							</control>
							<control type="group" id="3300">
								<posx>0</posx>
								<width>147</width>
								<visible>!IsEmpty(Window.Property(movie.Revenue))</visible>
								<control type="image">
									<posx>0</posx>
									<posy>1</posy>
									<height>53</height>
									<width>1</width>
									<height>47</height>
									<texture>info/upright.png</texture>
								</control>
								<control type="label">
									<posx>0</posx>
									<posy>6</posy>
									<width>147</width>
									<height>25</height>
									<align>center</align>
									<label fallback="?">$INFO[Window.Property(movie.Revenue),$]</label>
									<font>font16</font>
								</control>
								<control type="label">
									<posx>0</posx>
									<posy>24</posy>
									<width>147</width>
									<height>25</height>
									<align>center</align>
									<aligny>center</aligny>
									<label>Box Office</label>
									<font>font10</font>
								</control>
							</control>
						</control>
					</control>
				</control>
			</control>
		</control>
		<!--poster-->
		<control type="group">
			<animation effect="slide" start="-1000,0" end="0,0" delay="600" time="900" tween="sine">WindowOpen</animation>
			<animation effect="slide" end="-1000,0" time="900" tween="sine" condition="Control.HasFocus(5111) | ControlGroup(5000).HasFocus">WindowClose</animation>
			<animation effect="slide" end="-499,0" time="450" tween="sine" easing="inout" condition="!Control.HasFocus(5111) + !ControlGroup(5000).HasFocus">Conditional</animation>
			<control type="image">
				<posx>-7</posx>
				<posy>-7</posy>
				<width>499</width>
				<height>733</height>
				<aspectratio aligny="top">scale</aspectratio>
				<texture background="true">common/black.png</texture>
				<bordertexture colordiffuse="$INFO[Window(home).Property(movie.ImageColor)]" border="10">thumbs/homewidget_shadow.png</bordertexture>
				<bordersize>10</bordersize>
			</control>
			<control type="image">
				<width>486</width>
				<height>720</height>
				<fadetime>300</fadetime>
				<aspectratio aligny="top">scale</aspectratio>
				<texture>$INFO[Window.Property(movie.Poster)]</texture>
			</control>
		</control>
	</controls>
</window>
