<?xml version="1.0" encoding="utf-8"?>
<window>
	<defaultcontrol>1001</defaultcontrol>
	<coordinates>
		<system>1</system>
		<left>0</left>
		<top>0</top>
		<origin x="469" y="280" />
	</coordinates>
	<include>transition_Dialog</include>
	<controls>
		<control type="image" id="999">
			<width>342</width>
			<height>80</height>
			<texture border="20">dialogs/frame/menu2.png</texture>
		</control>
		<control type="group">
			<left>4</left>
			<top>20</top>
			<control type="button" id="1001">
				<width>335</width>
				<onleft>noop</onleft>
				<onright>noop</onright>
				<onup>1003</onup>
				<ondown>1002</ondown>
				<include>dialog_ControlCommons</include>
			</control>
			<control type="button" id="1002">
				<top>40</top>
				<width>335</width>
				<onleft>noop</onleft>
				<onright>noop</onright>
				<onup>1001</onup>
				<ondown>1003</ondown>
				<include>dialog_ControlCommons</include>
			</control>
			<control type="button" id="1003">
				<top>40</top>
				<width>335</width>
				<onleft>noop</onleft>
				<onright>noop</onright>
				<onup>1002</onup>
				<ondown>1001</ondown>
				<include>dialog_ControlCommons</include>
			</control>
		</control>
	</controls>
</window>
