<?xml version="1.0" encoding="UTF-8"?>
	<addon id="skin.refocus.stucky" version="1.0" name="reFocus Stucky" provider-name="Stucky">
	<requires>
		<import addon="xbmc.gui" version="5.9.0"/>
		<import addon="script.artistslideshow" version="1.8.2"/>
		<import addon="script.artwork.downloader" version="12.0.29"/>
		<import addon="script.globalsearch" version="3.0.4"/>
		<import addon="script.grab.fanart" version="0.13.0"/>
		<import addon="script.skinshortcuts" version="0.4.4"/>
		<import addon="script.tv.show.next.aired" version="6.0.12"/>
		<import addon="script.watchlist" version="0.0.2"/>
		<import addon="service.library.data.provider" version="0.0.7"/>
		<import addon="script.extendedinfo" version="3.0.1"/>
		<import addon="weather.yahoo" version="3.0.7"/>
		<!-- <import addon="script.videoextras" version="2.0.0"/> -->
		<import addon="plugin.video.itunes_trailers" version="0.2.2"/>
		<import addon="plugin.video.hdtrailers_net" version="1.2.2"/>
		<import addon="plugin.video.youtube" version="5.1.7"/>
		<import addon="service.subtitles.opensubtitles" version="5.0.11"/>
		<import addon="service.subtitles.subscene" version="1.5.0"/>
	</requires>
	<extension point="xbmc.gui.skin" effectslowdown="1.00" debugging="false">
		<res width="1280" height="720" aspect="16:9" default="true" folder="720p" />
	</extension>
	<extension point="xbmc.addon.metadata">
		<platform>all</platform>
		<summary lang="en">reFocus MOD by Stucky</summary>
		<description lang="en">reFocus, Stucky style!</description>
			<license>Attribution-NonCommercial-ShareAlike 3.0 Unported</license>
		
		
	</extension>
</addon>