<?xml version="1.0" encoding="utf-8"?>
<window>
	<defaultcontrol always="true">50</defaultcontrol>
	<allowoverlay>yes</allowoverlay>
	<views>50,52,521,522,54,541,57,571,572,574,575</views>
	<onload condition="System.HasAddon(script.tv.show.next.aired) + !Skin.HasSetting(nextaired.disable)">XBMC.RunScript(script.tv.show.next.aired,backend=True)</onload>
	<onload condition="System.HasAddon(script.tvtunes) + Skin.HasSetting(tvtunes.enable)">XBMC.RunScript(script.tvtunes,backend=True)</onload>
	<controls>
		<!--trigger-->
		<control type="button" id="8000">
			<label>-</label>
			<onup>53</onup>
			<ondown>71</ondown>
			<onleft>53</onleft>
			<onright>53</onright>
			<width>500</width>
			<visible allowhiddenfocus="true">false</visible>
		</control>
		<!--global includes-->
		<include>global_Background</include>
		<include>global_Includes</include>
		<include>global_MenuGuide</include>
		<include>windowTitle_Video</include>
		<!--view includes-->
		<include>view_List</include>
		<!--50-->
		<include>view_SlidePoster</include>
		<!--52-->
		<include>view_SlideLandscape</include>
		<!--521-->
		<include>view_SlideSquare</include>
		<!--522-->
		<include>view_Banner</include>
		<!--54-->
		<include>view_BigBanner</include>
		<!--541-->
		<include>view_IconPortrait</include>
		<!--57-->
		<include>view_IconPortraitSmall</include>
		<!--571-->
		<include>view_IconSquare</include>
		<!--572-->
		<include>view_IconSquareSmall</include>
		<!--574-->
		<include>view_IconWide</include>
		<!--575-->
		<!--detail includes-->
		<include>detail_List</include>
		<include>detail_ListMusic</include>
		<include>detail_ListFiles</include>
		<include>detail_Slide</include>
		<include>detail_Thumbnails</include>
		<!--scrollbars-->
		<include>PageControls</include>
		<!--menu-->
		<include>menu_Video</include>
	</controls>
</window>
