<shortcuts>
	<shortcut>
		<label>10004</label>
		<label2>Settings</label2>
		<defaultID>settings</defaultID>
		<icon>DefaultIconSettings.png</icon>
		<thumb />
		<action>ActivateWindow(Settings)</action>
	</shortcut>
	<shortcut>
		<label>$SKIN[31210|skin.refocus|Customize home]</label>
		<label2>Common Shortcut</label2>
		<defaultID>31210</defaultID>
		<icon>DefaultShortcut.png</icon>
		<thumb />
		<action>RunScript(script.skinshortcuts,type=manage&amp;nolabels=True&amp;group=mainmenu)</action>
	</shortcut>
	<shortcut>
		<label>13009</label>
		<label2>XBMC Command</label2>
		<defaultID>13009</defaultID>
		<icon>DefaultShortcut.png</icon>
		<thumb />
		<action>ActivateWindow(shutdownmenu)</action>
	</shortcut>
</shortcuts>
