<?xml version='1.0' encoding='UTF-8'?>
<shortcuts>
	<shortcut>
		<label>31200</label>
		<label2 />
		<defaultID>31200</defaultID>
		<icon />
		<thumb />
		<visible>Library.HasContent(Movies)</visible>
		<action>ActivateWindow(1113)</action>
	</shortcut>
	<shortcut>
		<label>31018</label>
		<label2 />
		<defaultID>$INFO[Skin.String(TrailersAddon_Path)]</defaultID>
		<icon />
		<thumb />
		<action>ActivateWindow(videos,plugin://$INFO[Skin.String(TrailersAddon_Path)])</action>
	</shortcut>
	<shortcut>
		<label>135</label>
		<label2 />
		<defaultID>135</defaultID>
		<icon />
		<thumb />
		<action>ActivateWindow(Videos,MovieGenres,return)</action>
	</shortcut>
	<shortcut>
		<label>652</label>
		<label2 />
		<defaultID>652</defaultID>
		<icon />
		<thumb />
		<action>ActivateWindow(Videos,MovieYears,return)</action>
	</shortcut>
	<shortcut>
		<label>344</label>
		<label2 />
		<defaultID>344</defaultID>
		<icon />
		<thumb />
		<action>ActivateWindow(Videos,MovieActors,return)</action>
	</shortcut>
	<shortcut>
		<label>20348</label>
		<label2 />
		<defaultID>20348</defaultID>
		<icon />
		<thumb />
		<action>ActivateWindow(Videos,MovieDirectors,return)</action>
	</shortcut>
	<shortcut>
		<label>20388</label>
		<label2 />
		<defaultID>20388</defaultID>
		<icon />
		<thumb />
		<action>ActivateWindow(Videos,MovieStudios,return)</action>
	</shortcut>
	<shortcut>
		<label>136</label>
		<label2 />
		<defaultID>136</defaultID>
		<icon />
		<thumb />
		<action>ActivateWindow(Videos,Playlists,return)</action>
	</shortcut>
	<shortcut>
		<label>20434</label>
		<label2 />
		<defaultID>20434</defaultID>
		<icon />
		<thumb />
		<action>ActivateWindow(Videos,MovieSets,return)</action>
	</shortcut>
	<shortcut>
		<label>14022</label>
		<label2 />
		<defaultID>14022</defaultID>
		<icon />
		<thumb />
		<action>ActivateWindow(Videos,root)</action>
	</shortcut>
	<shortcut>
		<label>744</label>
		<label2 />
		<defaultID>744</defaultID>
		<icon />
		<thumb />
		<action>ActivateWindow(Videos,Files,return)</action>
	</shortcut>
	<shortcut>
		<label>24001</label>
		<label2 />
		<defaultID>24001</defaultID>
		<icon />
		<thumb />
		<action>ActivateWindow(Videos,Addons,return)</action>
	</shortcut>
</shortcuts>
