<?xml version='1.0' encoding='UTF-8'?>
<shortcuts>
	<shortcut>
		<label>31202</label>
		<label2 />
		<defaultID>31202</defaultID>
		<icon />
		<thumb />
		<visible>Library.HasContent(Music)</visible>
		<action>ActivateWindow(1115)</action>
	</shortcut>
	<shortcut>
		<label>132</label>
		<label2 />
		<defaultID>132</defaultID>
		<icon />
		<thumb />
		<action>ActivateWindow(MusicLibrary,Albums,return)</action>
	</shortcut>
	<shortcut>
		<label>133</label>
		<label2 />
		<defaultID>133</defaultID>
		<icon />
		<thumb />
		<action>ActivateWindow(MusicLibrary,Artists,return)</action>
	</shortcut>
	<shortcut>
		<label>134</label>
		<label2 />
		<defaultID>134</defaultID>
		<icon />
		<thumb />
		<action>ActivateWindow(MusicLibrary,Songs,return)</action>
	</shortcut>
	<shortcut>
		<label>135</label>
		<label2 />
		<defaultID>135</defaultID>
		<icon />
		<thumb />
		<action>ActivateWindow(MusicLibrary,Genres,return)</action>
	</shortcut>
	<shortcut>
		<label>652</label>
		<label2 />
		<defaultID>652</defaultID>
		<icon />
		<thumb />
		<action>ActivateWindow(MusicLibrary,Years,return)</action>
	</shortcut>
	<shortcut>
		<label>271</label>
		<label2 />
		<defaultID>271</defaultID>
		<icon />
		<thumb />
		<action>ActivateWindow(MusicLibrary,Top100,return)</action>
	</shortcut>
	<shortcut>
		<label>521</label>
		<label2 />
		<defaultID>521</defaultID>
		<icon />
		<thumb />
		<action>ActivateWindow(MusicLibrary,Compilations,return)</action>
	</shortcut>
	<shortcut>
		<label>136</label>
		<label2 />
		<defaultID>136</defaultID>
		<icon />
		<thumb />
		<action>ActivateWindow(MusicLibrary,Playlists,return)</action>
	</shortcut>
	<shortcut>
		<label>14022</label>
		<label2 />
		<defaultID>14022</defaultID>
		<icon />
		<thumb />
		<action>ActivateWindow(MusicLibrary,root)</action>
	</shortcut>
	<shortcut>
		<label>744</label>
		<label2 />
		<defaultID>744</defaultID>
		<icon />
		<thumb />
		<action>ActivateWindow(MusicFiles,return)</action>
	</shortcut>
	<shortcut>
		<label>24001</label>
		<label2 />
		<defaultID>24001</defaultID>
		<icon />
		<thumb />
		<action>ActivateWindow(MusicLibrary,Addons,return)</action>
	</shortcut>
</shortcuts>
