<?xml version="1.0" encoding="utf-8"?>
<window>
	<defaultcontrol always="true">10</defaultcontrol>
	<include>transition_Dialog</include>
	<coordinates>
		<system>1</system>
		<left>340</left>
		<top>235</top>
	</coordinates>
	<controls>
		<control type="group">
			<width>600</width>
			<height>220</height>
			<control type="image">
				<width>600</width>
				<height>220</height>
				<include>dialog_Window</include>
			</control>
			<control type="label" id="1">
				<width>592</width>
				<label>$LOCALIZE[13406]</label>
				<include>dialog_Windowtitle</include>
			</control>
			<!--textbox-->
			<control type="textbox" id="9">
				<centerleft>50%</centerleft>
				<top>55</top>
				<width>560</width>
				<height>90</height>
				<label>-</label>
				<align>center</align>
				<include>dialog_Text</include>
			</control>
			<!--dialog controls-->
			<control type="grouplist" id="9001">
				<centerleft>50%</centerleft>
				<bottom>20</bottom>
				<width>254</width>
				<height>40</height>
				<itemgap>10</itemgap>
				<orientation>horizontal</orientation>
				<!--yes-->
				<control type="button" id="11">
					<label>$LOCALIZE[107]</label>
					<include>dialog_WindowButton</include>
				</control>
				<!--no-->
				<control type="button" id="10">
					<label>$LOCALIZE[106]</label>
					<include>dialog_WindowButton</include>
				</control>
			</control>
		</control>
	</controls>
</window>
