<?xml version="1.0" encoding="utf-8"?>
<window>
	<defaultcontrol always="true">20</defaultcontrol>
	<include>transition_Dialog</include>
	<coordinates>
		<system>1</system>
		<left>315</left>
		<top>110</top>
	</coordinates>
	<controls>
		<control type="group">
			<width>650</width>
			<height>500</height>
			<visible>!Window.IsVisible(PeripheralSettings)</visible>
			<control type="image">
				<width>650</width>
				<height>500</height>
				<include>dialog_Window</include>
			</control>
			<control type="label">
				<width>642</width>
				<label>$LOCALIZE[35000]</label>
				<include>dialog_Windowtitle</include>
			</control>
			<!---control area-->
			<control type="group">
				<left>4</left>
				<top>60</top>
				<control type="image">
					<width>642</width>
					<include>dialog_Separator</include>
				</control>
				<control type="list" id="20">
					<width>642</width>
					<height>360</height>
					<onup>20</onup>
					<ondown>20</ondown>
					<onleft>10</onleft>
					<onright>10</onright>
					<include>global_ListScroll</include>
					<itemlayout height="90">
						<control type="image">
							<width>642</width>
							<height>90</height>
							<include>dialog_CommonList</include>
						</control>
						<control type="label">
							<width>627</width>
							<label>[B]$INFO[ListItem.Label][/B]</label>
							<include>dialog_CommonListItem</include>
						</control>
						<!--vendor id-->
						<control type="label">
							<top>25</top>
							<width>627</width>
							<label>$LOCALIZE[35504]$INFO[ListItem.Property(Product),: ] $LOCALIZE[35503]$INFO[ListItem.Property(Vendor),: ]</label>
							<include>dialog_CommonListItem</include>
						</control>
						<!--class-->
						<control type="label">
							<top>50</top>
							<width>627</width>
							<label>$LOCALIZE[35501]$INFO[ListItem.Property(Class),: ] $LOCALIZE[19114]$INFO[ListItem.Property(Version),: ]</label>
							<include>dialog_CommonListItem</include>
						</control>
					</itemlayout>
					<focusedlayout height="90">
						<control type="image">
							<width>642</width>
							<height>90</height>
							<include>dialog_CommonListFocus</include>
						</control>
						<control type="label">
							<width>627</width>
							<label>[B]$INFO[ListItem.Label][/B]</label>
							<include>dialog_CommonListItemFocus</include>
						</control>
						<!--vendor id-->
						<control type="label">
							<top>25</top>
							<width>627</width>
							<label>$LOCALIZE[35504]$INFO[ListItem.Property(Product),: ] $LOCALIZE[35503]$INFO[ListItem.Property(Vendor),: ]</label>
							<include>dialog_CommonListItemFocus</include>
						</control>
						<!--class-->
						<control type="label">
							<top>50</top>
							<width>627</width>
							<label>$LOCALIZE[35501]$INFO[ListItem.Property(Class),: ] $LOCALIZE[19114]$INFO[ListItem.Property(Version),: ]</label>
							<include>dialog_CommonListItemFocus</include>
						</control>
					</focusedlayout>
				</control>
			</control>
			<!--ok-->
			<control type="button" id="10">
				<right>20</right>
				<bottom>20</bottom>
				<label>$LOCALIZE[186]</label>
				<onup>20</onup>
				<ondown>20</ondown>
				<include>dialog_WindowButton</include>
			</control>
		</control>
	</controls>
</window>
