<?xml version="1.0" encoding="utf-8"?>
<window>
	<defaultcontrol always="true">50</defaultcontrol>
	<allowoverlay>yes</allowoverlay>
	<views>50</views>
	<controls>
		<!--global includes-->
		<include>global_Background</include>
		<include>global_Includes</include>
		<include>global_MenuGuide</include>
		<include>windowTitle_Playlists</include>
		<include>PageControls</include>
		<!--view includes-->
		<include>view_Playlist</include>
		<!--menu-->
		<include>menu_Playlist</include>
	</controls>
</window>
