<?xml version="1.0" encoding="UTF-8"?>
<colors>
<!--main colors-->
	<color name="base_1">ff114076</color><!--main background color-->
	<color name="base_2">ff004160</color><!--primary overlay / menu color-->
	<color name="base_3">ff0c2c40</color><!--secondary overlay / menu color (home menu)-->
	<color name="accent_1">ff0c2c40</color><!--primary accent color (seekbar)-->
	<color name="accent_2">ff245678</color><!--secondary accent color (home submenu)-->
	<color name="white">ffffffff</color><!--white bar (home menu)-->
	<color name="black">ff000000</color>
	<color name="grey">ff404040</color>
	<color name="darkgrey">ff0f0f0f</color>
	
<!--text-->
	<color name="Color1">ffffffff</color><!--main textcolor-->
	<color name="Color2">ff6aa6cb</color><!--secondary textcolor-->
	<color name="Color3">ffcacaca</color><!--tertiary textcolor-->
	<color name="Color7">FFebebeb</color><!--description / plot textcolor-->

<!--buttons / control states (text)-->
	<color name="Focused">FF111111</color>
	<color name="Disabled">ff9a9a9a</color>
	<color name="Selected">ff27ae60</color>
	<color name="Warning">ffff4e4e</color>

<!--columns / lists-->
	<color name="column1">ffffffff</color><!--main columns text color-->
	<color name="column2">dd0c2134</color><!--primary columns base color-->
	<color name="column3">ff2d5a83</color><!--secondary columns base color-->

<!--dialogs-->
	<color name="glyph_nf">ff7d7d7d</color>
	<color name="glyph_fo">ffffffff</color>
	<color name="Color4">FF373737</color><!--primary dialog textcolor-->
	<color name="Color5">FF4c4c4c</color><!--secondary dialog textcolor-->

<!--pvr-->
	<color name="rec1">ffFF1744</color><!--textcolor for unfocused recording items-->
	<color name="rec2">ffB71C1C</color><!--textcolor for focused recording items-->
</colors>