<?xml version="1.0" encoding="utf-8"?>
<window type="dialog">
	<defaultcontrol always="true">450</defaultcontrol>
	<include>transition_Dialog</include>
	<coordinates>
		<system>1</system>
		<left>340</left>
		<top>98</top>
	</coordinates>
	<controls>
		<control type="group">
			<width>600</width>
			<height>515</height>
			<control type="image">
				<width>600</width>
				<height>515</height>
				<include>dialog_Window</include>
			</control>
			<control type="label" id="1">
				<width>592</width>
				<label>$LOCALIZE[1036]</label>
				<include>dialog_Windowtitle</include>
			</control>
			<control type="group">
				<left>4</left>
				<top>55</top>
				<control type="image">
					<width>592</width>
					<include>dialog_Separator</include>
				</control>
				<control type="list" id="450">
					<width>592</width>
					<height>400</height>
					<onup>450</onup>
					<ondown>450</ondown>
					<onright>noop</onright>
					<include>global_ListScroll</include>
					<itemlayout height="40">
						<control type="image">
							<width>592</width>
							<include>dialog_CommonList</include>
						</control>
						<control type="label">
							<width>562</width>
							<info>ListItem.Label</info>
							<include>dialog_CommonListItem</include>
						</control>
					</itemlayout>
					<focusedlayout height="40">
						<control type="image">
							<width>592</width>
							<include>dialog_CommonList</include>
							<visible>!Control.HasFocus(450)</visible>
						</control>
						<control type="image">
							<width>592</width>
							<height>40</height>
							<include>dialog_CommonListFocus</include>
							<visible>Control.HasFocus(450)</visible>
						</control>
						<control type="label">
							<width>562</width>
							<info>ListItem.Label</info>
							<include>dialog_CommonListItemFocus</include>
						</control>
					</focusedlayout>
				</control>
			</control>
			<control type="label">
				<centerleft>50%</centerleft>
				<bottom>13</bottom>
				<width>592</width>
				<label>$INFO[Container(450).CurrentPage]/$INFO[Container(450).NumPages]</label>
				<align>center</align>
				<include>dialog_ControlCommons</include>
			</control>
		</control>
	</controls>
</window>
