<?xml version="1.0" encoding="utf-8"?>
<window>
	<defaultcontrol always="true">50</defaultcontrol>
	<allowoverlay>no</allowoverlay>
	<views>50</views>
	<controls>
		<!--global includes-->
		<include>global_Background</include>
		<include>global_Clock</include>
		<include>global_Itemcount</include>
		<include>windowTitle_PVR</include>
		<include>PageControls</include>
		<!--view includes-->
		<include>view_PVR-timers</include>
		<!--info includes
		<include>detail_PVR</include>
		-->
		<!--menu-->
		<include>menu_TV</include>
	</controls>
</window>
