<?xml version="1.0" encoding="UTF-8"?>
<includes>
	<include name="skinshortcuts-mainmenu">
		<item id="1">
			<label>$ADDON[script.skinshortcuts 32022]</label>
			<label2>Common Shortcut</label2>
			<icon>DefaultIconTV.png</icon>
			<thumb />
			<property name="labelID">livetv</property>
			<property name="defaultID">livetv</property>
			<visible>PVR.HasTVChannels</visible>
			<onclick>ActivateWindow(TVGuide)</onclick>
			<property name="path">ActivateWindow(TVGuide)</property>
			<property name="list">TVGuide</property>
			<visible>StringCompare(System.ProfileName,Master user)</visible>
			<property name="submenuVisibility">livetv</property>
			<property name="group">mainmenu</property>
			<property name="hasSubmenu">True</property>
		</item>
		<item id="2">
			<label>$LOCALIZE[342]</label>
			<label2>Common Shortcut</label2>
			<icon>DefaultShortcut.png</icon>
			<thumb>DefaultMovies.png</thumb>
			<property name="labelID">movies</property>
			<property name="defaultID">movies</property>
			<visible>Library.HasContent(Movies)</visible>
			<onclick>ActivateWindow(Videos,MovieTitles,return)</onclick>
			<property name="path">ActivateWindow(Videos,MovieTitles,return)</property>
			<property name="list">MovieTitles</property>
			<visible>StringCompare(System.ProfileName,Master user)</visible>
			<property name="submenuVisibility">movies</property>
			<property name="group">mainmenu</property>
			<property name="widget">RecentMovies</property>
			<property name="widgetName">$LOCALIZE[20386]</property>
			<property name="widgetType">movies</property>
			<property name="hasSubmenu">True</property>
		</item>
		<item id="3">
			<label>$LOCALIZE[20343]</label>
			<label2>Common Shortcut</label2>
			<icon>DefaultShortcut.png</icon>
			<thumb />
			<property name="labelID">tvshows</property>
			<property name="defaultID">tvshows</property>
			<visible>Library.HasContent(TVShows)</visible>
			<onclick>ActivateWindow(Videos,TVShowTitles,return)</onclick>
			<property name="path">ActivateWindow(Videos,TVShowTitles,return)</property>
			<property name="list">TVShowTitles</property>
			<visible>StringCompare(System.ProfileName,Master user)</visible>
			<property name="submenuVisibility">tvshows</property>
			<property name="group">mainmenu</property>
			<property name="widget">WatchlistEpisodes</property>
			<property name="widgetName">$LOCALIZE[31030]</property>
			<property name="widgetType">episodes</property>
			<property name="hasSubmenu">True</property>
		</item>
		<item id="4">
			<label>Netflix</label>
			<label2>Video Add-On</label2>
			<icon>DefaultShortcut.png</icon>
			<thumb>image://C%3a%5cUsers%5cStucky%5cAppData%5cRoaming%5cKodi%5caddons%5cplugin.video.netflixbmc%5cicon.png/</thumb>
			<property name="labelID">plugin.video.netflixbmc</property>
			<property name="defaultID">plugin.video.netflixbmc</property>
			<onclick>ActivateWindow(10025,"plugin://plugin.video.netflixbmc",return)</onclick>
			<property name="path">ActivateWindow(10025,"plugin://plugin.video.netflixbmc",return)</property>
			<property name="list">"plugin://plugin.video.netflixbmc"</property>
			<visible>StringCompare(System.ProfileName,Master user)</visible>
			<property name="submenuVisibility">plugin-video-netflixbmc</property>
			<property name="group">mainmenu</property>
			<property name="hasSubmenu">False</property>
		</item>
		<item id="5">
			<label>VideoExtras</label>
			<label2>Program</label2>
			<icon>DefaultAddon.png</icon>
			<thumb>image://C%3a%5cUsers%5cStucky%5cAppData%5cRoaming%5cKodi%5caddons%5cscript.videoextras%5cicon.png/</thumb>
			<property name="labelID">script.videoextras</property>
			<property name="defaultID">script.videoextras</property>
			<onclick>RunAddOn(script.videoextras)</onclick>
			<property name="path">RunAddOn(script.videoextras)</property>
			<property name="list">RunAddOn(script.videoextras)</property>
			<visible>StringCompare(System.ProfileName,Master user)</visible>
			<property name="submenuVisibility">script-videoextras</property>
			<property name="group">mainmenu</property>
			<property name="hasSubmenu">False</property>
		</item>
		<item id="6">
			<label>HD-Trailers.net</label>
			<label2>Video Add-On</label2>
			<icon>DefaultShortcut.png</icon>
			<thumb>image://C%3a%5cUsers%5cStucky%5cAppData%5cRoaming%5cKodi%5caddons%5cplugin.video.hdtrailers_net%5cicon.png/</thumb>
			<property name="labelID">plugin.video.hdtrailers_net</property>
			<property name="defaultID">plugin.video.hdtrailers_net</property>
			<onclick>ActivateWindow(10025,"plugin://plugin.video.hdtrailers_net",return)</onclick>
			<property name="path">ActivateWindow(10025,"plugin://plugin.video.hdtrailers_net",return)</property>
			<property name="list">"plugin://plugin.video.hdtrailers_net"</property>
			<visible>StringCompare(System.ProfileName,Master user)</visible>
			<property name="submenuVisibility">plugin-video-hdtrailers-net</property>
			<property name="group">mainmenu</property>
			<property name="hasSubmenu">False</property>
		</item>
		<item id="7">
			<label>YouTube</label>
			<label2>Video Add-On</label2>
			<icon>special://skin/extras/icons/youtube.png</icon>
			<thumb>image://C%3a%5cUsers%5cStucky%5cAppData%5cRoaming%5cKodi%5caddons%5cplugin.video.youtube%5cicon.png/</thumb>
			<property name="labelID">plugin.video.youtube</property>
			<property name="defaultID">plugin.video.youtube</property>
			<onclick>ActivateWindow(10025,"plugin://plugin.video.youtube",return)</onclick>
			<property name="path">ActivateWindow(10025,"plugin://plugin.video.youtube",return)</property>
			<property name="list">"plugin://plugin.video.youtube"</property>
			<visible>StringCompare(System.ProfileName,Master user)</visible>
			<property name="submenuVisibility">plugin-video-youtube</property>
			<property name="group">mainmenu</property>
			<property name="hasSubmenu">False</property>
		</item>
		<item id="8">
			<label>$LOCALIZE[24001]</label>
			<label2>Settings</label2>
			<icon>DefaultShortcut.png</icon>
			<thumb />
			<property name="labelID">24001</property>
			<property name="defaultID">24001</property>
			<onclick>ActivateWindow(AddonBrowser)</onclick>
			<property name="path">ActivateWindow(AddonBrowser)</property>
			<property name="list">AddonBrowser</property>
			<visible>StringCompare(System.ProfileName,Master user)</visible>
			<property name="submenuVisibility">num-24001</property>
			<property name="group">mainmenu</property>
			<property name="hasSubmenu">True</property>
		</item>
		<item id="9">
			<label>$LOCALIZE[12600]</label>
			<label2>Common Shortcut</label2>
			<icon>DefaultAddonWeather.png</icon>
			<thumb />
			<property name="labelID">weather</property>
			<property name="defaultID">weather</property>
			<visible>!IsEmpty(Weather.Plugin)</visible>
			<onclick>ActivateWindow(Weather)</onclick>
			<property name="path">ActivateWindow(Weather)</property>
			<property name="list">Weather</property>
			<visible>StringCompare(System.ProfileName,Master user)</visible>
			<property name="submenuVisibility">weather</property>
			<property name="group">mainmenu</property>
			<property name="widget">Weather</property>
			<property name="widgetName">$LOCALIZE[8]</property>
			<property name="widgetType">info</property>
			<property name="hasSubmenu">False</property>
		</item>
		<item id="10">
			<label>$LOCALIZE[13000]</label>
			<label2>Common Shortcut</label2>
			<icon>DefaultShortcut.png</icon>
			<thumb />
			<property name="labelID">13000</property>
			<property name="defaultID">13000</property>
			<onclick>ActivateWindow(Settings)</onclick>
			<property name="path">ActivateWindow(Settings)</property>
			<property name="list">Settings</property>
			<visible>StringCompare(System.ProfileName,Master user)</visible>
			<property name="submenuVisibility">num-13000</property>
			<property name="group">mainmenu</property>
			<property name="hasSubmenu">True</property>
		</item>
	</include>
	<include />
	<include name="skinshortcuts-submenu">
		<item id="1">
			<label>$LOCALIZE[19019]</label>
			<label2>Live TV</label2>
			<icon>DefaultTVShows.png</icon>
			<thumb />
			<property name="labelID">19019</property>
			<property name="defaultID">19019</property>
			<visible>PVR.HasTVChannels</visible>
			<onclick>ActivateWindow(TVChannels)</onclick>
			<property name="path">ActivateWindow(TVChannels)</property>
			<property name="list">TVChannels</property>
			<visible>StringCompare(System.ProfileName,Master user) + [StringCompare(Container(9000).ListItem.Property(submenuVisibility),livetv)]</visible>
			<property name="isSubmenu">True</property>
			<property name="group">livetv</property>
		</item>
		<item id="2">
			<label>$LOCALIZE[22020]</label>
			<label2>Live TV</label2>
			<icon>DefaultTVShows.png</icon>
			<thumb />
			<property name="labelID">22020</property>
			<property name="defaultID">22020</property>
			<visible>PVR.HasTVChannels</visible>
			<onclick>ActivateWindow(TVGuide)</onclick>
			<property name="path">ActivateWindow(TVGuide)</property>
			<property name="list">TVGuide</property>
			<visible>StringCompare(System.ProfileName,Master user) + [StringCompare(Container(9000).ListItem.Property(submenuVisibility),livetv)]</visible>
			<property name="isSubmenu">True</property>
			<property name="group">livetv</property>
		</item>
		<item id="3">
			<label>$LOCALIZE[19163]</label>
			<label2>Live TV</label2>
			<icon>DefaultIconTV.png</icon>
			<thumb />
			<property name="labelID">19163</property>
			<property name="defaultID">19163</property>
			<visible>PVR.HasTVChannels</visible>
			<onclick>ActivateWindow(TVRecordings)</onclick>
			<property name="path">ActivateWindow(TVRecordings)</property>
			<property name="list">TVRecordings</property>
			<visible>StringCompare(System.ProfileName,Master user) + [StringCompare(Container(9000).ListItem.Property(submenuVisibility),livetv)]</visible>
			<property name="isSubmenu">True</property>
			<property name="group">livetv</property>
		</item>
		<item id="4">
			<label>$LOCALIZE[19040]</label>
			<label2>Live TV</label2>
			<icon>DefaultIconTimer.png</icon>
			<thumb />
			<property name="labelID">19040</property>
			<property name="defaultID">19040</property>
			<visible>PVR.HasTVChannels</visible>
			<onclick>ActivateWindow(TVTimers)</onclick>
			<property name="path">ActivateWindow(TVTimers)</property>
			<property name="list">TVTimers</property>
			<visible>StringCompare(System.ProfileName,Master user) + [StringCompare(Container(9000).ListItem.Property(submenuVisibility),livetv)]</visible>
			<property name="isSubmenu">True</property>
			<property name="group">livetv</property>
		</item>
		<item id="5">
			<label>$LOCALIZE[137]</label>
			<label2>Live TV</label2>
			<icon>DefaultIconSearch.png</icon>
			<thumb />
			<property name="labelID">137</property>
			<property name="defaultID">137</property>
			<visible>PVR.HasTVChannels</visible>
			<onclick>ActivateWindow(TVSearch)</onclick>
			<property name="path">ActivateWindow(TVSearch)</property>
			<property name="list">TVSearch</property>
			<visible>StringCompare(System.ProfileName,Master user) + [StringCompare(Container(9000).ListItem.Property(submenuVisibility),livetv)]</visible>
			<property name="isSubmenu">True</property>
			<property name="group">livetv</property>
		</item>
		<item id="1">
			<label>$LOCALIZE[16101]</label>
			<label2>Movies</label2>
			<icon>DefaultMovies.png</icon>
			<thumb />
			<property name="labelID">16101</property>
			<property name="defaultID">16101</property>
			<onclick>ActivateWindow(Videos,/Users/Jeroen/Library/Application Support/XBMC/addons/skin.refocus.dev/playlists/video/movies-unwatched.xsp,return))</onclick>
			<property name="path">ActivateWindow(Videos,/Users/Jeroen/Library/Application Support/XBMC/addons/skin.refocus.dev/playlists/video/movies-unwatched.xsp,return))</property>
			<property name="list">/Users/Jeroen/Library/Application Support/XBMC/addons/skin.refocus.dev/playlists/video/movies-unwatched.xsp</property>
			<visible>StringCompare(System.ProfileName,Master user) + [StringCompare(Container(9000).ListItem.Property(submenuVisibility),movies)]</visible>
			<property name="isSubmenu">True</property>
			<property name="group">movies</property>
			<property name="widget">RecentMovies</property>
			<property name="widgetType">movies</property>
			<property name="widgetName">20386</property>
		</item>
		<item id="2">
			<label>Animated</label>
			<label2>Video Playlist</label2>
			<icon>DefaultPlaylist.png</icon>
			<thumb />
			<property name="labelID">animated</property>
			<property name="defaultID">animated</property>
			<onclick>ActivateWindow(VideoLibrary,special://profile/playlists/video/Animated.xsp,return)</onclick>
			<property name="path">ActivateWindow(VideoLibrary,special://profile/playlists/video/Animated.xsp,return)</property>
			<property name="list">special://profile/playlists/video/Animated.xsp</property>
			<visible>StringCompare(System.ProfileName,Master user) + [StringCompare(Container(9000).ListItem.Property(submenuVisibility),movies)]</visible>
			<property name="isSubmenu">True</property>
			<property name="group">movies</property>
			<property name="widget">RecentMovies</property>
			<property name="widgetType">movies</property>
			<property name="widgetName">20386</property>
		</item>
		<item id="1">
			<label>Watchlist</label>
			<label2>TV Shows</label2>
			<icon>DefaultShortcut.png</icon>
			<thumb />
			<property name="labelID">31013</property>
			<property name="defaultID">31013</property>
			<onclick>ActivateWindow(Videos,plugin://script.watchlist?type=episodes,return)</onclick>
			<property name="path">ActivateWindow(Videos,plugin://script.watchlist?type=episodes,return)</property>
			<property name="list">plugin://script.watchlist?type=episodes</property>
			<visible>StringCompare(System.ProfileName,Master user) + [StringCompare(Container(9000).ListItem.Property(submenuVisibility),tvshows)]</visible>
			<property name="isSubmenu">True</property>
			<property name="group">tvshows</property>
			<property name="widget">WatchlistEpisodes</property>
			<property name="widgetType">episodes</property>
			<property name="widgetName">31030</property>
		</item>
		<item id="2">
			<label>Recently Added</label>
			<label2>Videos</label2>
			<icon>DefaultRecentlyAddedEpisodes.png</icon>
			<thumb />
			<property name="labelID">31705</property>
			<property name="defaultID">31705</property>
			<visible>Library.HasContent(TVShows)</visible>
			<onclick>ActivateWindow(Videos,RecentlyAddedEpisodes,return)</onclick>
			<property name="path">ActivateWindow(Videos,RecentlyAddedEpisodes,return)</property>
			<property name="list">RecentlyAddedEpisodes</property>
			<visible>StringCompare(System.ProfileName,Master user) + [StringCompare(Container(9000).ListItem.Property(submenuVisibility),tvshows)]</visible>
			<property name="isSubmenu">True</property>
			<property name="group">tvshows</property>
			<property name="widget">WatchlistEpisodes</property>
			<property name="widgetType">episodes</property>
			<property name="widgetName">31030</property>
		</item>
		<item id="3">
			<label>$LOCALIZE[16101]</label>
			<label2>TV Shows</label2>
			<icon>DefaultShortcut.png</icon>
			<thumb />
			<property name="labelID">16101</property>
			<property name="defaultID">16101</property>
			<onclick>ActivateWindow(Videos,/Users/Jeroen/Library/Application Support/XBMC/addons/skin.refocus.dev/playlists/video/episodes-unwatched.xsp,return))</onclick>
			<property name="path">ActivateWindow(Videos,/Users/Jeroen/Library/Application Support/XBMC/addons/skin.refocus.dev/playlists/video/episodes-unwatched.xsp,return))</property>
			<property name="list">/Users/Jeroen/Library/Application Support/XBMC/addons/skin.refocus.dev/playlists/video/episodes-unwatched.xsp</property>
			<visible>StringCompare(System.ProfileName,Master user) + [StringCompare(Container(9000).ListItem.Property(submenuVisibility),tvshows)]</visible>
			<property name="isSubmenu">True</property>
			<property name="group">tvshows</property>
			<property name="widget">WatchlistEpisodes</property>
			<property name="widgetType">episodes</property>
			<property name="widgetName">31030</property>
		</item>
		<item id="4">
			<label>TV Guide</label>
			<label2>Program</label2>
			<icon>DefaultShortcut.png</icon>
			<thumb />
			<property name="labelID">31606</property>
			<property name="defaultID">31606</property>
			<onclick>RunAddon(script.tv.show.next.aired)</onclick>
			<property name="path">RunAddon(script.tv.show.next.aired)</property>
			<property name="list">RunAddon(script.tv.show.next.aired)</property>
			<visible>StringCompare(System.ProfileName,Master user) + [StringCompare(Container(9000).ListItem.Property(submenuVisibility),tvshows)]</visible>
			<property name="isSubmenu">True</property>
			<property name="group">tvshows</property>
			<property name="widget">WatchlistEpisodes</property>
			<property name="widgetType">episodes</property>
			<property name="widgetName">31030</property>
		</item>
		<item id="1">
			<label>$LOCALIZE[0]</label>
			<label2>Shortcut</label2>
			<icon>DefaultAddonProgram.png</icon>
			<thumb />
			<property name="labelID">0</property>
			<property name="defaultID">0</property>
			<onclick>ActivateWindow(Programs,return)</onclick>
			<property name="path">ActivateWindow(Programs,return)</property>
			<property name="list">Programs</property>
			<visible>StringCompare(System.ProfileName,Master user) + [StringCompare(Container(9000).ListItem.Property(submenuVisibility),num-24001)]</visible>
			<property name="isSubmenu">True</property>
			<property name="group">24001</property>
		</item>
		<item id="2">
			<label>$LOCALIZE[24033]</label>
			<label2>Shortcut</label2>
			<icon>DefaultIconDownload.png</icon>
			<thumb />
			<property name="labelID">24033</property>
			<property name="defaultID">24033</property>
			<onclick>ActivateWindow(Addonbrowser,addons://repos/,return)</onclick>
			<property name="path">ActivateWindow(Addonbrowser,addons://repos/,return)</property>
			<property name="list">addons://repos/</property>
			<visible>StringCompare(System.ProfileName,Master user) + [StringCompare(Container(9000).ListItem.Property(submenuVisibility),num-24001)]</visible>
			<property name="isSubmenu">True</property>
			<property name="group">24001</property>
		</item>
		<item id="1">
			<label>$LOCALIZE[10004]</label>
			<label2>Settings</label2>
			<icon>DefaultIconSettings.png</icon>
			<thumb />
			<property name="labelID">settings</property>
			<property name="defaultID">settings</property>
			<onclick>ActivateWindow(Settings)</onclick>
			<property name="path">ActivateWindow(Settings)</property>
			<property name="list">Settings</property>
			<visible>StringCompare(System.ProfileName,Master user) + [StringCompare(Container(9000).ListItem.Property(submenuVisibility),num-13000)]</visible>
			<property name="isSubmenu">True</property>
			<property name="group">13000</property>
		</item>
		<item id="2">
			<label>$LOCALIZE[10006]</label>
			<label2>Common Shortcut</label2>
			<icon>DefaultVideo.png</icon>
			<thumb />
			<property name="labelID">videos</property>
			<property name="defaultID">videos</property>
			<onclick>ActivateWindow(Videos)</onclick>
			<property name="path">ActivateWindow(Videos)</property>
			<property name="list">Videos</property>
			<visible>StringCompare(System.ProfileName,Master user) + [StringCompare(Container(9000).ListItem.Property(submenuVisibility),num-13000)]</visible>
			<property name="isSubmenu">True</property>
			<property name="group">13000</property>
		</item>
		<item id="3">
			<label>Customize home</label>
			<label2>Common Shortcut</label2>
			<icon>DefaultShortcut.png</icon>
			<thumb />
			<property name="labelID">31210</property>
			<property name="defaultID">31210</property>
			<onclick>RunScript(script.skinshortcuts,type=manage&amp;nolabels=True&amp;group=mainmenu)</onclick>
			<property name="path">RunScript(script.skinshortcuts,type=manage&amp;nolabels=True&amp;group=mainmenu)</property>
			<property name="list">RunScript(script.skinshortcuts,type=manage&amp;nolabels=True&amp;group=mainmenu)</property>
			<visible>StringCompare(System.ProfileName,Master user) + [StringCompare(Container(9000).ListItem.Property(submenuVisibility),num-13000)]</visible>
			<property name="isSubmenu">True</property>
			<property name="group">13000</property>
		</item>
		<item id="4">
			<label>$LOCALIZE[13009]</label>
			<label2>XBMC Command</label2>
			<icon>DefaultShortcut.png</icon>
			<thumb />
			<property name="labelID">13009</property>
			<property name="defaultID">13009</property>
			<onclick>ActivateWindow(shutdownmenu)</onclick>
			<property name="path">ActivateWindow(shutdownmenu)</property>
			<property name="list">shutdownmenu</property>
			<visible>StringCompare(System.ProfileName,Master user) + [StringCompare(Container(9000).ListItem.Property(submenuVisibility),num-13000)]</visible>
			<property name="isSubmenu">True</property>
			<property name="group">13000</property>
		</item>
	</include>
	<include name="skinshortcuts-allmenus">
		<item id="1">
			<label>$ADDON[script.skinshortcuts 32022]</label>
			<label2>Common Shortcut</label2>
			<icon>DefaultIconTV.png</icon>
			<thumb />
			<property name="labelID">livetv</property>
			<property name="defaultID">livetv</property>
			<visible>PVR.HasTVChannels</visible>
			<onclick condition="StringCompare(Window(10000).Property(submenuVisibility),livetv)">ActivateWindow(TVGuide)</onclick>
			<property name="path">ActivateWindow(TVGuide)</property>
			<property name="list">TVGuide</property>
			<visible>StringCompare(System.ProfileName,Master user)</visible>
			<property name="submenuVisibility">livetv</property>
			<property name="group">mainmenu</property>
			<property name="hasSubmenu">True</property>
			<onclick>SetProperty(submenuVisibility,livetv,10000)</onclick>
		</item>
		<item id="1">
			<label>$LOCALIZE[19019]</label>
			<label2>Live TV</label2>
			<icon>DefaultTVShows.png</icon>
			<thumb />
			<property name="labelID">19019</property>
			<property name="defaultID">19019</property>
			<visible>PVR.HasTVChannels</visible>
			<onclick>ActivateWindow(TVChannels)</onclick>
			<property name="path">ActivateWindow(TVChannels)</property>
			<property name="list">TVChannels</property>
			<visible>StringCompare(System.ProfileName,Master user) + [StringCompare(Window(10000).Property(submenuVisibility),livetv)]</visible>
			<property name="isSubmenu">True</property>
			<property name="group">livetv</property>
		</item>
		<item id="2">
			<label>$LOCALIZE[22020]</label>
			<label2>Live TV</label2>
			<icon>DefaultTVShows.png</icon>
			<thumb />
			<property name="labelID">22020</property>
			<property name="defaultID">22020</property>
			<visible>PVR.HasTVChannels</visible>
			<onclick>ActivateWindow(TVGuide)</onclick>
			<property name="path">ActivateWindow(TVGuide)</property>
			<property name="list">TVGuide</property>
			<visible>StringCompare(System.ProfileName,Master user) + [StringCompare(Window(10000).Property(submenuVisibility),livetv)]</visible>
			<property name="isSubmenu">True</property>
			<property name="group">livetv</property>
		</item>
		<item id="3">
			<label>$LOCALIZE[19163]</label>
			<label2>Live TV</label2>
			<icon>DefaultIconTV.png</icon>
			<thumb />
			<property name="labelID">19163</property>
			<property name="defaultID">19163</property>
			<visible>PVR.HasTVChannels</visible>
			<onclick>ActivateWindow(TVRecordings)</onclick>
			<property name="path">ActivateWindow(TVRecordings)</property>
			<property name="list">TVRecordings</property>
			<visible>StringCompare(System.ProfileName,Master user) + [StringCompare(Window(10000).Property(submenuVisibility),livetv)]</visible>
			<property name="isSubmenu">True</property>
			<property name="group">livetv</property>
		</item>
		<item id="4">
			<label>$LOCALIZE[19040]</label>
			<label2>Live TV</label2>
			<icon>DefaultIconTimer.png</icon>
			<thumb />
			<property name="labelID">19040</property>
			<property name="defaultID">19040</property>
			<visible>PVR.HasTVChannels</visible>
			<onclick>ActivateWindow(TVTimers)</onclick>
			<property name="path">ActivateWindow(TVTimers)</property>
			<property name="list">TVTimers</property>
			<visible>StringCompare(System.ProfileName,Master user) + [StringCompare(Window(10000).Property(submenuVisibility),livetv)]</visible>
			<property name="isSubmenu">True</property>
			<property name="group">livetv</property>
		</item>
		<item id="5">
			<label>$LOCALIZE[137]</label>
			<label2>Live TV</label2>
			<icon>DefaultIconSearch.png</icon>
			<thumb />
			<property name="labelID">137</property>
			<property name="defaultID">137</property>
			<visible>PVR.HasTVChannels</visible>
			<onclick>ActivateWindow(TVSearch)</onclick>
			<property name="path">ActivateWindow(TVSearch)</property>
			<property name="list">TVSearch</property>
			<visible>StringCompare(System.ProfileName,Master user) + [StringCompare(Window(10000).Property(submenuVisibility),livetv)]</visible>
			<property name="isSubmenu">True</property>
			<property name="group">livetv</property>
		</item>
		<item id="2">
			<label>$LOCALIZE[342]</label>
			<label2>Common Shortcut</label2>
			<icon>DefaultShortcut.png</icon>
			<thumb>DefaultMovies.png</thumb>
			<property name="labelID">movies</property>
			<property name="defaultID">movies</property>
			<visible>Library.HasContent(Movies)</visible>
			<onclick condition="StringCompare(Window(10000).Property(submenuVisibility),movies)">ActivateWindow(Videos,MovieTitles,return)</onclick>
			<property name="path">ActivateWindow(Videos,MovieTitles,return)</property>
			<property name="list">MovieTitles</property>
			<visible>StringCompare(System.ProfileName,Master user)</visible>
			<property name="submenuVisibility">movies</property>
			<property name="group">mainmenu</property>
			<property name="widget">RecentMovies</property>
			<property name="widgetName">$LOCALIZE[20386]</property>
			<property name="widgetType">movies</property>
			<property name="hasSubmenu">True</property>
			<onclick>SetProperty(submenuVisibility,movies,10000)</onclick>
		</item>
		<item id="1">
			<label>$LOCALIZE[16101]</label>
			<label2>Movies</label2>
			<icon>DefaultMovies.png</icon>
			<thumb />
			<property name="labelID">16101</property>
			<property name="defaultID">16101</property>
			<onclick>ActivateWindow(Videos,/Users/Jeroen/Library/Application Support/XBMC/addons/skin.refocus.dev/playlists/video/movies-unwatched.xsp,return))</onclick>
			<property name="path">ActivateWindow(Videos,/Users/Jeroen/Library/Application Support/XBMC/addons/skin.refocus.dev/playlists/video/movies-unwatched.xsp,return))</property>
			<property name="list">/Users/Jeroen/Library/Application Support/XBMC/addons/skin.refocus.dev/playlists/video/movies-unwatched.xsp</property>
			<visible>StringCompare(System.ProfileName,Master user) + [StringCompare(Window(10000).Property(submenuVisibility),movies)]</visible>
			<property name="isSubmenu">True</property>
			<property name="group">movies</property>
			<property name="widget">RecentMovies</property>
			<property name="widgetType">movies</property>
			<property name="widgetName">20386</property>
		</item>
		<item id="2">
			<label>Animated</label>
			<label2>Video Playlist</label2>
			<icon>DefaultPlaylist.png</icon>
			<thumb />
			<property name="labelID">animated</property>
			<property name="defaultID">animated</property>
			<onclick>ActivateWindow(VideoLibrary,special://profile/playlists/video/Animated.xsp,return)</onclick>
			<property name="path">ActivateWindow(VideoLibrary,special://profile/playlists/video/Animated.xsp,return)</property>
			<property name="list">special://profile/playlists/video/Animated.xsp</property>
			<visible>StringCompare(System.ProfileName,Master user) + [StringCompare(Window(10000).Property(submenuVisibility),movies)]</visible>
			<property name="isSubmenu">True</property>
			<property name="group">movies</property>
			<property name="widget">RecentMovies</property>
			<property name="widgetType">movies</property>
			<property name="widgetName">20386</property>
		</item>
		<item id="3">
			<label>$LOCALIZE[20343]</label>
			<label2>Common Shortcut</label2>
			<icon>DefaultShortcut.png</icon>
			<thumb />
			<property name="labelID">tvshows</property>
			<property name="defaultID">tvshows</property>
			<visible>Library.HasContent(TVShows)</visible>
			<onclick condition="StringCompare(Window(10000).Property(submenuVisibility),tvshows)">ActivateWindow(Videos,TVShowTitles,return)</onclick>
			<property name="path">ActivateWindow(Videos,TVShowTitles,return)</property>
			<property name="list">TVShowTitles</property>
			<visible>StringCompare(System.ProfileName,Master user)</visible>
			<property name="submenuVisibility">tvshows</property>
			<property name="group">mainmenu</property>
			<property name="widget">WatchlistEpisodes</property>
			<property name="widgetName">$LOCALIZE[31030]</property>
			<property name="widgetType">episodes</property>
			<property name="hasSubmenu">True</property>
			<onclick>SetProperty(submenuVisibility,tvshows,10000)</onclick>
		</item>
		<item id="1">
			<label>Watchlist</label>
			<label2>TV Shows</label2>
			<icon>DefaultShortcut.png</icon>
			<thumb />
			<property name="labelID">31013</property>
			<property name="defaultID">31013</property>
			<onclick>ActivateWindow(Videos,plugin://script.watchlist?type=episodes,return)</onclick>
			<property name="path">ActivateWindow(Videos,plugin://script.watchlist?type=episodes,return)</property>
			<property name="list">plugin://script.watchlist?type=episodes</property>
			<visible>StringCompare(System.ProfileName,Master user) + [StringCompare(Window(10000).Property(submenuVisibility),tvshows)]</visible>
			<property name="isSubmenu">True</property>
			<property name="group">tvshows</property>
			<property name="widget">WatchlistEpisodes</property>
			<property name="widgetType">episodes</property>
			<property name="widgetName">31030</property>
		</item>
		<item id="2">
			<label>Recently Added</label>
			<label2>Videos</label2>
			<icon>DefaultRecentlyAddedEpisodes.png</icon>
			<thumb />
			<property name="labelID">31705</property>
			<property name="defaultID">31705</property>
			<visible>Library.HasContent(TVShows)</visible>
			<onclick>ActivateWindow(Videos,RecentlyAddedEpisodes,return)</onclick>
			<property name="path">ActivateWindow(Videos,RecentlyAddedEpisodes,return)</property>
			<property name="list">RecentlyAddedEpisodes</property>
			<visible>StringCompare(System.ProfileName,Master user) + [StringCompare(Window(10000).Property(submenuVisibility),tvshows)]</visible>
			<property name="isSubmenu">True</property>
			<property name="group">tvshows</property>
			<property name="widget">WatchlistEpisodes</property>
			<property name="widgetType">episodes</property>
			<property name="widgetName">31030</property>
		</item>
		<item id="3">
			<label>$LOCALIZE[16101]</label>
			<label2>TV Shows</label2>
			<icon>DefaultShortcut.png</icon>
			<thumb />
			<property name="labelID">16101</property>
			<property name="defaultID">16101</property>
			<onclick>ActivateWindow(Videos,/Users/Jeroen/Library/Application Support/XBMC/addons/skin.refocus.dev/playlists/video/episodes-unwatched.xsp,return))</onclick>
			<property name="path">ActivateWindow(Videos,/Users/Jeroen/Library/Application Support/XBMC/addons/skin.refocus.dev/playlists/video/episodes-unwatched.xsp,return))</property>
			<property name="list">/Users/Jeroen/Library/Application Support/XBMC/addons/skin.refocus.dev/playlists/video/episodes-unwatched.xsp</property>
			<visible>StringCompare(System.ProfileName,Master user) + [StringCompare(Window(10000).Property(submenuVisibility),tvshows)]</visible>
			<property name="isSubmenu">True</property>
			<property name="group">tvshows</property>
			<property name="widget">WatchlistEpisodes</property>
			<property name="widgetType">episodes</property>
			<property name="widgetName">31030</property>
		</item>
		<item id="4">
			<label>TV Guide</label>
			<label2>Program</label2>
			<icon>DefaultShortcut.png</icon>
			<thumb />
			<property name="labelID">31606</property>
			<property name="defaultID">31606</property>
			<onclick>RunAddon(script.tv.show.next.aired)</onclick>
			<property name="path">RunAddon(script.tv.show.next.aired)</property>
			<property name="list">RunAddon(script.tv.show.next.aired)</property>
			<visible>StringCompare(System.ProfileName,Master user) + [StringCompare(Window(10000).Property(submenuVisibility),tvshows)]</visible>
			<property name="isSubmenu">True</property>
			<property name="group">tvshows</property>
			<property name="widget">WatchlistEpisodes</property>
			<property name="widgetType">episodes</property>
			<property name="widgetName">31030</property>
		</item>
		<item id="4">
			<label>Netflix</label>
			<label2>Video Add-On</label2>
			<icon>DefaultShortcut.png</icon>
			<thumb>image://C%3a%5cUsers%5cStucky%5cAppData%5cRoaming%5cKodi%5caddons%5cplugin.video.netflixbmc%5cicon.png/</thumb>
			<property name="labelID">plugin.video.netflixbmc</property>
			<property name="defaultID">plugin.video.netflixbmc</property>
			<onclick>ActivateWindow(10025,"plugin://plugin.video.netflixbmc",return)</onclick>
			<property name="path">ActivateWindow(10025,"plugin://plugin.video.netflixbmc",return)</property>
			<property name="list">"plugin://plugin.video.netflixbmc"</property>
			<visible>StringCompare(System.ProfileName,Master user)</visible>
			<property name="submenuVisibility">plugin-video-netflixbmc</property>
			<property name="group">mainmenu</property>
			<property name="hasSubmenu">False</property>
		</item>
		<item id="5">
			<label>VideoExtras</label>
			<label2>Program</label2>
			<icon>DefaultAddon.png</icon>
			<thumb>image://C%3a%5cUsers%5cStucky%5cAppData%5cRoaming%5cKodi%5caddons%5cscript.videoextras%5cicon.png/</thumb>
			<property name="labelID">script.videoextras</property>
			<property name="defaultID">script.videoextras</property>
			<onclick>RunAddOn(script.videoextras)</onclick>
			<property name="path">RunAddOn(script.videoextras)</property>
			<property name="list">RunAddOn(script.videoextras)</property>
			<visible>StringCompare(System.ProfileName,Master user)</visible>
			<property name="submenuVisibility">script-videoextras</property>
			<property name="group">mainmenu</property>
			<property name="hasSubmenu">False</property>
		</item>
		<item id="6">
			<label>HD-Trailers.net</label>
			<label2>Video Add-On</label2>
			<icon>DefaultShortcut.png</icon>
			<thumb>image://C%3a%5cUsers%5cStucky%5cAppData%5cRoaming%5cKodi%5caddons%5cplugin.video.hdtrailers_net%5cicon.png/</thumb>
			<property name="labelID">plugin.video.hdtrailers_net</property>
			<property name="defaultID">plugin.video.hdtrailers_net</property>
			<onclick>ActivateWindow(10025,"plugin://plugin.video.hdtrailers_net",return)</onclick>
			<property name="path">ActivateWindow(10025,"plugin://plugin.video.hdtrailers_net",return)</property>
			<property name="list">"plugin://plugin.video.hdtrailers_net"</property>
			<visible>StringCompare(System.ProfileName,Master user)</visible>
			<property name="submenuVisibility">plugin-video-hdtrailers-net</property>
			<property name="group">mainmenu</property>
			<property name="hasSubmenu">False</property>
		</item>
		<item id="7">
			<label>YouTube</label>
			<label2>Video Add-On</label2>
			<icon>special://skin/extras/icons/youtube.png</icon>
			<thumb>image://C%3a%5cUsers%5cStucky%5cAppData%5cRoaming%5cKodi%5caddons%5cplugin.video.youtube%5cicon.png/</thumb>
			<property name="labelID">plugin.video.youtube</property>
			<property name="defaultID">plugin.video.youtube</property>
			<onclick>ActivateWindow(10025,"plugin://plugin.video.youtube",return)</onclick>
			<property name="path">ActivateWindow(10025,"plugin://plugin.video.youtube",return)</property>
			<property name="list">"plugin://plugin.video.youtube"</property>
			<visible>StringCompare(System.ProfileName,Master user)</visible>
			<property name="submenuVisibility">plugin-video-youtube</property>
			<property name="group">mainmenu</property>
			<property name="hasSubmenu">False</property>
		</item>
		<item id="8">
			<label>$LOCALIZE[24001]</label>
			<label2>Settings</label2>
			<icon>DefaultShortcut.png</icon>
			<thumb />
			<property name="labelID">24001</property>
			<property name="defaultID">24001</property>
			<onclick condition="StringCompare(Window(10000).Property(submenuVisibility),num-24001)">ActivateWindow(AddonBrowser)</onclick>
			<property name="path">ActivateWindow(AddonBrowser)</property>
			<property name="list">AddonBrowser</property>
			<visible>StringCompare(System.ProfileName,Master user)</visible>
			<property name="submenuVisibility">num-24001</property>
			<property name="group">mainmenu</property>
			<property name="hasSubmenu">True</property>
			<onclick>SetProperty(submenuVisibility,num-24001,10000)</onclick>
		</item>
		<item id="1">
			<label>$LOCALIZE[0]</label>
			<label2>Shortcut</label2>
			<icon>DefaultAddonProgram.png</icon>
			<thumb />
			<property name="labelID">0</property>
			<property name="defaultID">0</property>
			<onclick>ActivateWindow(Programs,return)</onclick>
			<property name="path">ActivateWindow(Programs,return)</property>
			<property name="list">Programs</property>
			<visible>StringCompare(System.ProfileName,Master user) + [StringCompare(Window(10000).Property(submenuVisibility),num-24001)]</visible>
			<property name="isSubmenu">True</property>
			<property name="group">24001</property>
		</item>
		<item id="2">
			<label>$LOCALIZE[24033]</label>
			<label2>Shortcut</label2>
			<icon>DefaultIconDownload.png</icon>
			<thumb />
			<property name="labelID">24033</property>
			<property name="defaultID">24033</property>
			<onclick>ActivateWindow(Addonbrowser,addons://repos/,return)</onclick>
			<property name="path">ActivateWindow(Addonbrowser,addons://repos/,return)</property>
			<property name="list">addons://repos/</property>
			<visible>StringCompare(System.ProfileName,Master user) + [StringCompare(Window(10000).Property(submenuVisibility),num-24001)]</visible>
			<property name="isSubmenu">True</property>
			<property name="group">24001</property>
		</item>
		<item id="9">
			<label>$LOCALIZE[12600]</label>
			<label2>Common Shortcut</label2>
			<icon>DefaultAddonWeather.png</icon>
			<thumb />
			<property name="labelID">weather</property>
			<property name="defaultID">weather</property>
			<visible>!IsEmpty(Weather.Plugin)</visible>
			<onclick>ActivateWindow(Weather)</onclick>
			<property name="path">ActivateWindow(Weather)</property>
			<property name="list">Weather</property>
			<visible>StringCompare(System.ProfileName,Master user)</visible>
			<property name="submenuVisibility">weather</property>
			<property name="group">mainmenu</property>
			<property name="widget">Weather</property>
			<property name="widgetName">$LOCALIZE[8]</property>
			<property name="widgetType">info</property>
			<property name="hasSubmenu">False</property>
		</item>
		<item id="10">
			<label>$LOCALIZE[13000]</label>
			<label2>Common Shortcut</label2>
			<icon>DefaultShortcut.png</icon>
			<thumb />
			<property name="labelID">13000</property>
			<property name="defaultID">13000</property>
			<onclick condition="StringCompare(Window(10000).Property(submenuVisibility),num-13000)">ActivateWindow(Settings)</onclick>
			<property name="path">ActivateWindow(Settings)</property>
			<property name="list">Settings</property>
			<visible>StringCompare(System.ProfileName,Master user)</visible>
			<property name="submenuVisibility">num-13000</property>
			<property name="group">mainmenu</property>
			<property name="hasSubmenu">True</property>
			<onclick>SetProperty(submenuVisibility,num-13000,10000)</onclick>
		</item>
		<item id="1">
			<label>$LOCALIZE[10004]</label>
			<label2>Settings</label2>
			<icon>DefaultIconSettings.png</icon>
			<thumb />
			<property name="labelID">settings</property>
			<property name="defaultID">settings</property>
			<onclick>ActivateWindow(Settings)</onclick>
			<property name="path">ActivateWindow(Settings)</property>
			<property name="list">Settings</property>
			<visible>StringCompare(System.ProfileName,Master user) + [StringCompare(Window(10000).Property(submenuVisibility),num-13000)]</visible>
			<property name="isSubmenu">True</property>
			<property name="group">13000</property>
		</item>
		<item id="2">
			<label>$LOCALIZE[10006]</label>
			<label2>Common Shortcut</label2>
			<icon>DefaultVideo.png</icon>
			<thumb />
			<property name="labelID">videos</property>
			<property name="defaultID">videos</property>
			<onclick>ActivateWindow(Videos)</onclick>
			<property name="path">ActivateWindow(Videos)</property>
			<property name="list">Videos</property>
			<visible>StringCompare(System.ProfileName,Master user) + [StringCompare(Window(10000).Property(submenuVisibility),num-13000)]</visible>
			<property name="isSubmenu">True</property>
			<property name="group">13000</property>
		</item>
		<item id="3">
			<label>Customize home</label>
			<label2>Common Shortcut</label2>
			<icon>DefaultShortcut.png</icon>
			<thumb />
			<property name="labelID">31210</property>
			<property name="defaultID">31210</property>
			<onclick>RunScript(script.skinshortcuts,type=manage&amp;nolabels=True&amp;group=mainmenu)</onclick>
			<property name="path">RunScript(script.skinshortcuts,type=manage&amp;nolabels=True&amp;group=mainmenu)</property>
			<property name="list">RunScript(script.skinshortcuts,type=manage&amp;nolabels=True&amp;group=mainmenu)</property>
			<visible>StringCompare(System.ProfileName,Master user) + [StringCompare(Window(10000).Property(submenuVisibility),num-13000)]</visible>
			<property name="isSubmenu">True</property>
			<property name="group">13000</property>
		</item>
		<item id="4">
			<label>$LOCALIZE[13009]</label>
			<label2>XBMC Command</label2>
			<icon>DefaultShortcut.png</icon>
			<thumb />
			<property name="labelID">13009</property>
			<property name="defaultID">13009</property>
			<onclick>ActivateWindow(shutdownmenu)</onclick>
			<property name="path">ActivateWindow(shutdownmenu)</property>
			<property name="list">shutdownmenu</property>
			<visible>StringCompare(System.ProfileName,Master user) + [StringCompare(Window(10000).Property(submenuVisibility),num-13000)]</visible>
			<property name="isSubmenu">True</property>
			<property name="group">13000</property>
		</item>
	</include>
	<include name="skinshortcuts-group-livetv">
		<item id="1">
			<label>$LOCALIZE[19019]</label>
			<label2>Live TV</label2>
			<icon>DefaultTVShows.png</icon>
			<thumb />
			<property name="labelID">19019</property>
			<property name="defaultID">19019</property>
			<visible>PVR.HasTVChannels</visible>
			<onclick>ActivateWindow(TVChannels)</onclick>
			<property name="path">ActivateWindow(TVChannels)</property>
			<property name="list">TVChannels</property>
			<visible>StringCompare(System.ProfileName,Master user)</visible>
			<property name="group">livetv</property>
		</item>
		<item id="2">
			<label>$LOCALIZE[22020]</label>
			<label2>Live TV</label2>
			<icon>DefaultTVShows.png</icon>
			<thumb />
			<property name="labelID">22020</property>
			<property name="defaultID">22020</property>
			<visible>PVR.HasTVChannels</visible>
			<onclick>ActivateWindow(TVGuide)</onclick>
			<property name="path">ActivateWindow(TVGuide)</property>
			<property name="list">TVGuide</property>
			<visible>StringCompare(System.ProfileName,Master user)</visible>
			<property name="group">livetv</property>
		</item>
		<item id="3">
			<label>$LOCALIZE[19163]</label>
			<label2>Live TV</label2>
			<icon>DefaultIconTV.png</icon>
			<thumb />
			<property name="labelID">19163</property>
			<property name="defaultID">19163</property>
			<visible>PVR.HasTVChannels</visible>
			<onclick>ActivateWindow(TVRecordings)</onclick>
			<property name="path">ActivateWindow(TVRecordings)</property>
			<property name="list">TVRecordings</property>
			<visible>StringCompare(System.ProfileName,Master user)</visible>
			<property name="group">livetv</property>
		</item>
		<item id="4">
			<label>$LOCALIZE[19040]</label>
			<label2>Live TV</label2>
			<icon>DefaultIconTimer.png</icon>
			<thumb />
			<property name="labelID">19040</property>
			<property name="defaultID">19040</property>
			<visible>PVR.HasTVChannels</visible>
			<onclick>ActivateWindow(TVTimers)</onclick>
			<property name="path">ActivateWindow(TVTimers)</property>
			<property name="list">TVTimers</property>
			<visible>StringCompare(System.ProfileName,Master user)</visible>
			<property name="group">livetv</property>
		</item>
		<item id="5">
			<label>$LOCALIZE[137]</label>
			<label2>Live TV</label2>
			<icon>DefaultIconSearch.png</icon>
			<thumb />
			<property name="labelID">137</property>
			<property name="defaultID">137</property>
			<visible>PVR.HasTVChannels</visible>
			<onclick>ActivateWindow(TVSearch)</onclick>
			<property name="path">ActivateWindow(TVSearch)</property>
			<property name="list">TVSearch</property>
			<visible>StringCompare(System.ProfileName,Master user)</visible>
			<property name="group">livetv</property>
		</item>
	</include>
	<include name="skinshortcuts-group-alt-livetv">
		<item id="1">
			<label>$LOCALIZE[19019]</label>
			<label2>Live TV</label2>
			<icon>DefaultTVShows.png</icon>
			<thumb />
			<property name="labelID">19019</property>
			<property name="defaultID">19019</property>
			<visible>PVR.HasTVChannels</visible>
			<onclick>ActivateWindow(TVChannels)</onclick>
			<property name="path">ActivateWindow(TVChannels)</property>
			<property name="list">TVChannels</property>
			<visible>StringCompare(System.ProfileName,Master user) + [StringCompare(Window(10000).Property(submenuVisibility),livetv)]</visible>
			<property name="isSubmenu">True</property>
			<property name="group">livetv</property>
		</item>
		<item id="2">
			<label>$LOCALIZE[22020]</label>
			<label2>Live TV</label2>
			<icon>DefaultTVShows.png</icon>
			<thumb />
			<property name="labelID">22020</property>
			<property name="defaultID">22020</property>
			<visible>PVR.HasTVChannels</visible>
			<onclick>ActivateWindow(TVGuide)</onclick>
			<property name="path">ActivateWindow(TVGuide)</property>
			<property name="list">TVGuide</property>
			<visible>StringCompare(System.ProfileName,Master user) + [StringCompare(Window(10000).Property(submenuVisibility),livetv)]</visible>
			<property name="isSubmenu">True</property>
			<property name="group">livetv</property>
		</item>
		<item id="3">
			<label>$LOCALIZE[19163]</label>
			<label2>Live TV</label2>
			<icon>DefaultIconTV.png</icon>
			<thumb />
			<property name="labelID">19163</property>
			<property name="defaultID">19163</property>
			<visible>PVR.HasTVChannels</visible>
			<onclick>ActivateWindow(TVRecordings)</onclick>
			<property name="path">ActivateWindow(TVRecordings)</property>
			<property name="list">TVRecordings</property>
			<visible>StringCompare(System.ProfileName,Master user) + [StringCompare(Window(10000).Property(submenuVisibility),livetv)]</visible>
			<property name="isSubmenu">True</property>
			<property name="group">livetv</property>
		</item>
		<item id="4">
			<label>$LOCALIZE[19040]</label>
			<label2>Live TV</label2>
			<icon>DefaultIconTimer.png</icon>
			<thumb />
			<property name="labelID">19040</property>
			<property name="defaultID">19040</property>
			<visible>PVR.HasTVChannels</visible>
			<onclick>ActivateWindow(TVTimers)</onclick>
			<property name="path">ActivateWindow(TVTimers)</property>
			<property name="list">TVTimers</property>
			<visible>StringCompare(System.ProfileName,Master user) + [StringCompare(Window(10000).Property(submenuVisibility),livetv)]</visible>
			<property name="isSubmenu">True</property>
			<property name="group">livetv</property>
		</item>
		<item id="5">
			<label>$LOCALIZE[137]</label>
			<label2>Live TV</label2>
			<icon>DefaultIconSearch.png</icon>
			<thumb />
			<property name="labelID">137</property>
			<property name="defaultID">137</property>
			<visible>PVR.HasTVChannels</visible>
			<onclick>ActivateWindow(TVSearch)</onclick>
			<property name="path">ActivateWindow(TVSearch)</property>
			<property name="list">TVSearch</property>
			<visible>StringCompare(System.ProfileName,Master user) + [StringCompare(Window(10000).Property(submenuVisibility),livetv)]</visible>
			<property name="isSubmenu">True</property>
			<property name="group">livetv</property>
		</item>
	</include>
	<include name="skinshortcuts-group-movies">
		<item id="1">
			<label>$LOCALIZE[16101]</label>
			<label2>Movies</label2>
			<icon>DefaultMovies.png</icon>
			<thumb />
			<property name="labelID">16101</property>
			<property name="defaultID">16101</property>
			<onclick>ActivateWindow(Videos,/Users/Jeroen/Library/Application Support/XBMC/addons/skin.refocus.dev/playlists/video/movies-unwatched.xsp,return))</onclick>
			<property name="path">ActivateWindow(Videos,/Users/Jeroen/Library/Application Support/XBMC/addons/skin.refocus.dev/playlists/video/movies-unwatched.xsp,return))</property>
			<property name="list">/Users/Jeroen/Library/Application Support/XBMC/addons/skin.refocus.dev/playlists/video/movies-unwatched.xsp</property>
			<visible>StringCompare(System.ProfileName,Master user)</visible>
			<property name="group">movies</property>
			<property name="widget">RecentMovies</property>
			<property name="widgetType">movies</property>
			<property name="widgetName">20386</property>
		</item>
		<item id="2">
			<label>Animated</label>
			<label2>Video Playlist</label2>
			<icon>DefaultPlaylist.png</icon>
			<thumb />
			<property name="labelID">animated</property>
			<property name="defaultID">animated</property>
			<onclick>ActivateWindow(VideoLibrary,special://profile/playlists/video/Animated.xsp,return)</onclick>
			<property name="path">ActivateWindow(VideoLibrary,special://profile/playlists/video/Animated.xsp,return)</property>
			<property name="list">special://profile/playlists/video/Animated.xsp</property>
			<visible>StringCompare(System.ProfileName,Master user)</visible>
			<property name="group">movies</property>
			<property name="widget">RecentMovies</property>
			<property name="widgetType">movies</property>
			<property name="widgetName">20386</property>
		</item>
	</include>
	<include name="skinshortcuts-group-alt-movies">
		<item id="1">
			<label>$LOCALIZE[16101]</label>
			<label2>Movies</label2>
			<icon>DefaultMovies.png</icon>
			<thumb />
			<property name="labelID">16101</property>
			<property name="defaultID">16101</property>
			<onclick>ActivateWindow(Videos,/Users/Jeroen/Library/Application Support/XBMC/addons/skin.refocus.dev/playlists/video/movies-unwatched.xsp,return))</onclick>
			<property name="path">ActivateWindow(Videos,/Users/Jeroen/Library/Application Support/XBMC/addons/skin.refocus.dev/playlists/video/movies-unwatched.xsp,return))</property>
			<property name="list">/Users/Jeroen/Library/Application Support/XBMC/addons/skin.refocus.dev/playlists/video/movies-unwatched.xsp</property>
			<visible>StringCompare(System.ProfileName,Master user) + [StringCompare(Window(10000).Property(submenuVisibility),movies)]</visible>
			<property name="isSubmenu">True</property>
			<property name="group">movies</property>
			<property name="widget">RecentMovies</property>
			<property name="widgetType">movies</property>
			<property name="widgetName">20386</property>
		</item>
		<item id="2">
			<label>Animated</label>
			<label2>Video Playlist</label2>
			<icon>DefaultPlaylist.png</icon>
			<thumb />
			<property name="labelID">animated</property>
			<property name="defaultID">animated</property>
			<onclick>ActivateWindow(VideoLibrary,special://profile/playlists/video/Animated.xsp,return)</onclick>
			<property name="path">ActivateWindow(VideoLibrary,special://profile/playlists/video/Animated.xsp,return)</property>
			<property name="list">special://profile/playlists/video/Animated.xsp</property>
			<visible>StringCompare(System.ProfileName,Master user) + [StringCompare(Window(10000).Property(submenuVisibility),movies)]</visible>
			<property name="isSubmenu">True</property>
			<property name="group">movies</property>
			<property name="widget">RecentMovies</property>
			<property name="widgetType">movies</property>
			<property name="widgetName">20386</property>
		</item>
	</include>
	<include name="skinshortcuts-group-tvshows">
		<item id="1">
			<label>Watchlist</label>
			<label2>TV Shows</label2>
			<icon>DefaultShortcut.png</icon>
			<thumb />
			<property name="labelID">31013</property>
			<property name="defaultID">31013</property>
			<onclick>ActivateWindow(Videos,plugin://script.watchlist?type=episodes,return)</onclick>
			<property name="path">ActivateWindow(Videos,plugin://script.watchlist?type=episodes,return)</property>
			<property name="list">plugin://script.watchlist?type=episodes</property>
			<visible>StringCompare(System.ProfileName,Master user)</visible>
			<property name="group">tvshows</property>
			<property name="widget">WatchlistEpisodes</property>
			<property name="widgetType">episodes</property>
			<property name="widgetName">31030</property>
		</item>
		<item id="2">
			<label>Recently Added</label>
			<label2>Videos</label2>
			<icon>DefaultRecentlyAddedEpisodes.png</icon>
			<thumb />
			<property name="labelID">31705</property>
			<property name="defaultID">31705</property>
			<visible>Library.HasContent(TVShows)</visible>
			<onclick>ActivateWindow(Videos,RecentlyAddedEpisodes,return)</onclick>
			<property name="path">ActivateWindow(Videos,RecentlyAddedEpisodes,return)</property>
			<property name="list">RecentlyAddedEpisodes</property>
			<visible>StringCompare(System.ProfileName,Master user)</visible>
			<property name="group">tvshows</property>
			<property name="widget">WatchlistEpisodes</property>
			<property name="widgetType">episodes</property>
			<property name="widgetName">31030</property>
		</item>
		<item id="3">
			<label>$LOCALIZE[16101]</label>
			<label2>TV Shows</label2>
			<icon>DefaultShortcut.png</icon>
			<thumb />
			<property name="labelID">16101</property>
			<property name="defaultID">16101</property>
			<onclick>ActivateWindow(Videos,/Users/Jeroen/Library/Application Support/XBMC/addons/skin.refocus.dev/playlists/video/episodes-unwatched.xsp,return))</onclick>
			<property name="path">ActivateWindow(Videos,/Users/Jeroen/Library/Application Support/XBMC/addons/skin.refocus.dev/playlists/video/episodes-unwatched.xsp,return))</property>
			<property name="list">/Users/Jeroen/Library/Application Support/XBMC/addons/skin.refocus.dev/playlists/video/episodes-unwatched.xsp</property>
			<visible>StringCompare(System.ProfileName,Master user)</visible>
			<property name="group">tvshows</property>
			<property name="widget">WatchlistEpisodes</property>
			<property name="widgetType">episodes</property>
			<property name="widgetName">31030</property>
		</item>
		<item id="4">
			<label>TV Guide</label>
			<label2>Program</label2>
			<icon>DefaultShortcut.png</icon>
			<thumb />
			<property name="labelID">31606</property>
			<property name="defaultID">31606</property>
			<onclick>RunAddon(script.tv.show.next.aired)</onclick>
			<property name="path">RunAddon(script.tv.show.next.aired)</property>
			<property name="list">RunAddon(script.tv.show.next.aired)</property>
			<visible>StringCompare(System.ProfileName,Master user)</visible>
			<property name="group">tvshows</property>
			<property name="widget">WatchlistEpisodes</property>
			<property name="widgetType">episodes</property>
			<property name="widgetName">31030</property>
		</item>
	</include>
	<include name="skinshortcuts-group-alt-tvshows">
		<item id="1">
			<label>Watchlist</label>
			<label2>TV Shows</label2>
			<icon>DefaultShortcut.png</icon>
			<thumb />
			<property name="labelID">31013</property>
			<property name="defaultID">31013</property>
			<onclick>ActivateWindow(Videos,plugin://script.watchlist?type=episodes,return)</onclick>
			<property name="path">ActivateWindow(Videos,plugin://script.watchlist?type=episodes,return)</property>
			<property name="list">plugin://script.watchlist?type=episodes</property>
			<visible>StringCompare(System.ProfileName,Master user) + [StringCompare(Window(10000).Property(submenuVisibility),tvshows)]</visible>
			<property name="isSubmenu">True</property>
			<property name="group">tvshows</property>
			<property name="widget">WatchlistEpisodes</property>
			<property name="widgetType">episodes</property>
			<property name="widgetName">31030</property>
		</item>
		<item id="2">
			<label>Recently Added</label>
			<label2>Videos</label2>
			<icon>DefaultRecentlyAddedEpisodes.png</icon>
			<thumb />
			<property name="labelID">31705</property>
			<property name="defaultID">31705</property>
			<visible>Library.HasContent(TVShows)</visible>
			<onclick>ActivateWindow(Videos,RecentlyAddedEpisodes,return)</onclick>
			<property name="path">ActivateWindow(Videos,RecentlyAddedEpisodes,return)</property>
			<property name="list">RecentlyAddedEpisodes</property>
			<visible>StringCompare(System.ProfileName,Master user) + [StringCompare(Window(10000).Property(submenuVisibility),tvshows)]</visible>
			<property name="isSubmenu">True</property>
			<property name="group">tvshows</property>
			<property name="widget">WatchlistEpisodes</property>
			<property name="widgetType">episodes</property>
			<property name="widgetName">31030</property>
		</item>
		<item id="3">
			<label>$LOCALIZE[16101]</label>
			<label2>TV Shows</label2>
			<icon>DefaultShortcut.png</icon>
			<thumb />
			<property name="labelID">16101</property>
			<property name="defaultID">16101</property>
			<onclick>ActivateWindow(Videos,/Users/Jeroen/Library/Application Support/XBMC/addons/skin.refocus.dev/playlists/video/episodes-unwatched.xsp,return))</onclick>
			<property name="path">ActivateWindow(Videos,/Users/Jeroen/Library/Application Support/XBMC/addons/skin.refocus.dev/playlists/video/episodes-unwatched.xsp,return))</property>
			<property name="list">/Users/Jeroen/Library/Application Support/XBMC/addons/skin.refocus.dev/playlists/video/episodes-unwatched.xsp</property>
			<visible>StringCompare(System.ProfileName,Master user) + [StringCompare(Window(10000).Property(submenuVisibility),tvshows)]</visible>
			<property name="isSubmenu">True</property>
			<property name="group">tvshows</property>
			<property name="widget">WatchlistEpisodes</property>
			<property name="widgetType">episodes</property>
			<property name="widgetName">31030</property>
		</item>
		<item id="4">
			<label>TV Guide</label>
			<label2>Program</label2>
			<icon>DefaultShortcut.png</icon>
			<thumb />
			<property name="labelID">31606</property>
			<property name="defaultID">31606</property>
			<onclick>RunAddon(script.tv.show.next.aired)</onclick>
			<property name="path">RunAddon(script.tv.show.next.aired)</property>
			<property name="list">RunAddon(script.tv.show.next.aired)</property>
			<visible>StringCompare(System.ProfileName,Master user) + [StringCompare(Window(10000).Property(submenuVisibility),tvshows)]</visible>
			<property name="isSubmenu">True</property>
			<property name="group">tvshows</property>
			<property name="widget">WatchlistEpisodes</property>
			<property name="widgetType">episodes</property>
			<property name="widgetName">31030</property>
		</item>
	</include>
	<include name="skinshortcuts-group-plugin-video-netflixbmc" />
	<include name="skinshortcuts-group-alt-plugin-video-netflixbmc" />
	<include name="skinshortcuts-group-script-videoextras" />
	<include name="skinshortcuts-group-alt-script-videoextras" />
	<include name="skinshortcuts-group-plugin-video-hdtrailers-net" />
	<include name="skinshortcuts-group-alt-plugin-video-hdtrailers-net" />
	<include name="skinshortcuts-group-plugin-video-youtube" />
	<include name="skinshortcuts-group-alt-plugin-video-youtube" />
	<include name="skinshortcuts-group-24001">
		<item id="1">
			<label>$LOCALIZE[0]</label>
			<label2>Shortcut</label2>
			<icon>DefaultAddonProgram.png</icon>
			<thumb />
			<property name="labelID">0</property>
			<property name="defaultID">0</property>
			<onclick>ActivateWindow(Programs,return)</onclick>
			<property name="path">ActivateWindow(Programs,return)</property>
			<property name="list">Programs</property>
			<visible>StringCompare(System.ProfileName,Master user)</visible>
			<property name="group">24001</property>
		</item>
		<item id="2">
			<label>$LOCALIZE[24033]</label>
			<label2>Shortcut</label2>
			<icon>DefaultIconDownload.png</icon>
			<thumb />
			<property name="labelID">24033</property>
			<property name="defaultID">24033</property>
			<onclick>ActivateWindow(Addonbrowser,addons://repos/,return)</onclick>
			<property name="path">ActivateWindow(Addonbrowser,addons://repos/,return)</property>
			<property name="list">addons://repos/</property>
			<visible>StringCompare(System.ProfileName,Master user)</visible>
			<property name="group">24001</property>
		</item>
	</include>
	<include name="skinshortcuts-group-alt-24001">
		<item id="1">
			<label>$LOCALIZE[0]</label>
			<label2>Shortcut</label2>
			<icon>DefaultAddonProgram.png</icon>
			<thumb />
			<property name="labelID">0</property>
			<property name="defaultID">0</property>
			<onclick>ActivateWindow(Programs,return)</onclick>
			<property name="path">ActivateWindow(Programs,return)</property>
			<property name="list">Programs</property>
			<visible>StringCompare(System.ProfileName,Master user) + [StringCompare(Window(10000).Property(submenuVisibility),num-24001)]</visible>
			<property name="isSubmenu">True</property>
			<property name="group">24001</property>
		</item>
		<item id="2">
			<label>$LOCALIZE[24033]</label>
			<label2>Shortcut</label2>
			<icon>DefaultIconDownload.png</icon>
			<thumb />
			<property name="labelID">24033</property>
			<property name="defaultID">24033</property>
			<onclick>ActivateWindow(Addonbrowser,addons://repos/,return)</onclick>
			<property name="path">ActivateWindow(Addonbrowser,addons://repos/,return)</property>
			<property name="list">addons://repos/</property>
			<visible>StringCompare(System.ProfileName,Master user) + [StringCompare(Window(10000).Property(submenuVisibility),num-24001)]</visible>
			<property name="isSubmenu">True</property>
			<property name="group">24001</property>
		</item>
	</include>
	<include name="skinshortcuts-group-weather" />
	<include name="skinshortcuts-group-alt-weather" />
	<include name="skinshortcuts-group-13000">
		<item id="1">
			<label>$LOCALIZE[10004]</label>
			<label2>Settings</label2>
			<icon>DefaultIconSettings.png</icon>
			<thumb />
			<property name="labelID">settings</property>
			<property name="defaultID">settings</property>
			<onclick>ActivateWindow(Settings)</onclick>
			<property name="path">ActivateWindow(Settings)</property>
			<property name="list">Settings</property>
			<visible>StringCompare(System.ProfileName,Master user)</visible>
			<property name="group">13000</property>
		</item>
		<item id="2">
			<label>$LOCALIZE[10006]</label>
			<label2>Common Shortcut</label2>
			<icon>DefaultVideo.png</icon>
			<thumb />
			<property name="labelID">videos</property>
			<property name="defaultID">videos</property>
			<onclick>ActivateWindow(Videos)</onclick>
			<property name="path">ActivateWindow(Videos)</property>
			<property name="list">Videos</property>
			<visible>StringCompare(System.ProfileName,Master user)</visible>
			<property name="group">13000</property>
		</item>
		<item id="3">
			<label>Customize home</label>
			<label2>Common Shortcut</label2>
			<icon>DefaultShortcut.png</icon>
			<thumb />
			<property name="labelID">31210</property>
			<property name="defaultID">31210</property>
			<onclick>RunScript(script.skinshortcuts,type=manage&amp;nolabels=True&amp;group=mainmenu)</onclick>
			<property name="path">RunScript(script.skinshortcuts,type=manage&amp;nolabels=True&amp;group=mainmenu)</property>
			<property name="list">RunScript(script.skinshortcuts,type=manage&amp;nolabels=True&amp;group=mainmenu)</property>
			<visible>StringCompare(System.ProfileName,Master user)</visible>
			<property name="group">13000</property>
		</item>
		<item id="4">
			<label>$LOCALIZE[13009]</label>
			<label2>XBMC Command</label2>
			<icon>DefaultShortcut.png</icon>
			<thumb />
			<property name="labelID">13009</property>
			<property name="defaultID">13009</property>
			<onclick>ActivateWindow(shutdownmenu)</onclick>
			<property name="path">ActivateWindow(shutdownmenu)</property>
			<property name="list">shutdownmenu</property>
			<visible>StringCompare(System.ProfileName,Master user)</visible>
			<property name="group">13000</property>
		</item>
	</include>
	<include name="skinshortcuts-group-alt-13000">
		<item id="1">
			<label>$LOCALIZE[10004]</label>
			<label2>Settings</label2>
			<icon>DefaultIconSettings.png</icon>
			<thumb />
			<property name="labelID">settings</property>
			<property name="defaultID">settings</property>
			<onclick>ActivateWindow(Settings)</onclick>
			<property name="path">ActivateWindow(Settings)</property>
			<property name="list">Settings</property>
			<visible>StringCompare(System.ProfileName,Master user) + [StringCompare(Window(10000).Property(submenuVisibility),num-13000)]</visible>
			<property name="isSubmenu">True</property>
			<property name="group">13000</property>
		</item>
		<item id="2">
			<label>$LOCALIZE[10006]</label>
			<label2>Common Shortcut</label2>
			<icon>DefaultVideo.png</icon>
			<thumb />
			<property name="labelID">videos</property>
			<property name="defaultID">videos</property>
			<onclick>ActivateWindow(Videos)</onclick>
			<property name="path">ActivateWindow(Videos)</property>
			<property name="list">Videos</property>
			<visible>StringCompare(System.ProfileName,Master user) + [StringCompare(Window(10000).Property(submenuVisibility),num-13000)]</visible>
			<property name="isSubmenu">True</property>
			<property name="group">13000</property>
		</item>
		<item id="3">
			<label>Customize home</label>
			<label2>Common Shortcut</label2>
			<icon>DefaultShortcut.png</icon>
			<thumb />
			<property name="labelID">31210</property>
			<property name="defaultID">31210</property>
			<onclick>RunScript(script.skinshortcuts,type=manage&amp;nolabels=True&amp;group=mainmenu)</onclick>
			<property name="path">RunScript(script.skinshortcuts,type=manage&amp;nolabels=True&amp;group=mainmenu)</property>
			<property name="list">RunScript(script.skinshortcuts,type=manage&amp;nolabels=True&amp;group=mainmenu)</property>
			<visible>StringCompare(System.ProfileName,Master user) + [StringCompare(Window(10000).Property(submenuVisibility),num-13000)]</visible>
			<property name="isSubmenu">True</property>
			<property name="group">13000</property>
		</item>
		<item id="4">
			<label>$LOCALIZE[13009]</label>
			<label2>XBMC Command</label2>
			<icon>DefaultShortcut.png</icon>
			<thumb />
			<property name="labelID">13009</property>
			<property name="defaultID">13009</property>
			<onclick>ActivateWindow(shutdownmenu)</onclick>
			<property name="path">ActivateWindow(shutdownmenu)</property>
			<property name="list">shutdownmenu</property>
			<visible>StringCompare(System.ProfileName,Master user) + [StringCompare(Window(10000).Property(submenuVisibility),num-13000)]</visible>
			<property name="isSubmenu">True</property>
			<property name="group">13000</property>
		</item>
	</include>
</includes>
