<?xml version="1.0" encoding="utf-8"?>
<window>
	<defaultcontrol always="true">4000</defaultcontrol>
	<controls>
		<control type="group">
			<!--left side-->
			<animation effect="slide" start="-1000,0" end="0,0" delay="600" time="900" tween="sine">WindowOpen</animation>
			<animation effect="slide" end="-1000,0" time="900" tween="sine" condition="Control.HasFocus(132) | ControlGroup(5000).HasFocus">WindowClose</animation>
			<animation effect="slide" end="-499,0" time="450" tween="sine" easing="inout" condition="!Control.HasFocus(132) + !ControlGroup(5000).HasFocus">Conditional</animation>
			<control type="image">
				<width>486</width>
				<height>720</height>
				<texture>info/movieinfogradient.png</texture>
			</control>
			<control type="image">
				<width>486</width>
				<height>720</height>
				<aspectratio aligny="top">scale</aspectratio>
				<texture>$INFO[Window.Property(actor.thumb)]</texture>
			</control>
		</control>
		<control type="group">
			<animation effect="slide" start="3361,0" end="0,0" time="1500" tween="sine">WindowOpen</animation>
			<animation effect="slide" end="828,0" time="450" tween="sine" condition="Control.HasFocus(132) | ControlGroup(5000).HasFocus">WindowClose</animation>
			<animation effect="slide" end="0,720" time="450" tween="sine" condition="!Control.HasFocus(132) + !ControlGroup(5000).HasFocus">WindowClose</animation>
			<animation effect="slide" end="-499,0" time="450" tween="sine" easing="inout" condition="!Control.HasFocus(132) + !ControlGroup(5000).HasFocus">Conditional</animation>
			<!--right side-->
			<control type="image">
				<posx>486</posx>
				<width>1300</width>
				<height>720</height>
				<aspectratio align="center">scale</aspectratio>
				<texture fallback="common/black.png" background="true">$INFO[Window.Property(actor.ImageFilter)]</texture>
			</control>
			<control type="image">
				<posx>486</posx>
				<width>1300</width>
				<animation effect="fade" start="100" end="60" time="0" condition="true">Conditional</animation>
				<height>720</height>
				<aspectratio align="center">scale</aspectratio>
				<texture colordiffuse="$INFO[Window(home).Property(actor.ImageColor)]">diffuseoverlay.png</texture>
			</control>
			<control type="group" id="33000">
				<posx>550</posx>
				<posy>15</posy>
				<visible>!Control.HasFocus(132)</visible>
				<animation effect="fade" time="250">VisibleChange</animation>
				<control type="image">
					<posx>660</posx>
					<posy>-13</posy>
					<width>553</width>
					<height>87</height>
					<aspectratio align="right">keep</aspectratio>
					<texture>moviedb.png</texture>
				</control>
			</control>
			<control type="group">
				<posx>550</posx>
				<posy>45</posy>
				<width>695</width>
				<height>569</height>
				<!--title-->
				<control type="label">
					<posx>-27</posx>
					<posy>-10</posy>
					<height>40</height>
					<width>700</width>
					<label>$INFO[Window.Property(actor.title)]</label>
					<font>light_Header</font>
					<scroll>true</scroll>
					<visible>!Window.IsVisible(DialogBusy.xml)</visible>
				</control>
				<control type="image">
					<posx>-27</posx>
					<posy>39</posy>
					<width>695</width>
					<height>1</height>
					<texture>info/infopanel_line.png</texture>
				</control>
				<control type="grouplist" id="4000">
					<posx>-53</posx>
					<posy>40</posy>
					<width>1333</width>
					<itemgap>10</itemgap>
					<height>667</height>
					<animation type="Conditional" condition="!IsEmpty(Window(Home).Property(Bounce.Down))" reversible="false">
						<effect type="slide" end="0,13" time="60" tween="sine" />
						<effect type="slide" end="0,-13" time="180" tween="sine" delay="80" />
					</animation>
					<animation type="Conditional" condition="!IsEmpty(Window(Home).Property(Bounce.Up))" reversible="false">
						<effect type="slide" end="0,-13" time="60" tween="sine" />
						<effect type="slide" end="0,13" time="180" tween="sine" delay="80" />
					</animation>
					<scrolltime tween="sine">400</scrolltime>
					<orientation>vertical</orientation>
					<usecontrolcoords>true</usecontrolcoords>
					<!--age-->
					<control type="grouplist">
						<visible>IsEmpty(Control.GetLabel(277))</visible>
						<itemgap>-4</itemgap>
						<posx>27</posx>
						<posy>1</posy>
						<height min="0" max="333">auto</height>
						<control type="label">
							<width>667</width>
							<label>$INFO[Window.Property(actor.Birthday),Born: [COLOR=FFFAFAFA],[/COLOR][CR]]</label>
							<font>regular_plot</font>
							<textcolor>FF999999</textcolor>
						</control>
						<control type="label" id="477">
							<width>667</width>
							<label>$INFO[Window.Property(actor.Age),Age: [COLOR=FFFAFAFA],[/COLOR][CR]]</label>
							<font>regular_plot</font>
							<textcolor>FF999999</textcolor>
						</control>
						<control type="textbox">
							<width>667</width>
							<height min="0" max="333">auto</height>
							<label>$INFO[Window.Property(actor.PlaceOfBirth),Hometown: [COLOR=FFFAFAFA],[/COLOR][CR]]$INFO[Window.Property(actor.TotalMovies),$ADDON[script.extendedinfo 32011]: [COLOR=FFFAFAFA],[/COLOR][CR]]$INFO[Window.Property(actor.DBMovies),$ADDON[script.extendedinfo 32021]: [COLOR=FFFAFAFA],[/COLOR][CR]]</label>
							<font>regular_plot</font>
							<textcolor>FF999999</textcolor>
						</control>
					</control>
					<control type="grouplist">
						<visible>!IsEmpty(Control.GetLabel(277))</visible>
						<itemgap>-4</itemgap>
						<posx>27</posx>
						<posy>1</posy>
						<height min="0" max="333">auto</height>
						<control type="label">
							<width>667</width>
							<label>$INFO[Window.Property(actor.Birthday),Born: [COLOR=FFFAFAFA],[/COLOR][CR]]</label>
							<font>regular_plot</font>
							<textcolor>FF999999</textcolor>
						</control>
						<control type="label" id="277">
							<width>667</width>
							<label>$INFO[Window.Property(actor.Deathday),Died: [COLOR=FFFAFAFA],[/COLOR][CR]]</label>
							<font>regular_plot</font>
							<textcolor>FF999999</textcolor>
						</control>
						<control type="textbox">
							<width>667</width>
							<height min="0" max="333">auto</height>
							<label>$INFO[Window.Property(actor.PlaceOfBirth),Hometown: [COLOR=FFFAFAFA],[/COLOR][CR]]$INFO[Window.Property(actor.TotalMovies),$ADDON[script.extendedinfo 32011]: [COLOR=FFFAFAFA],[/COLOR][CR]]$INFO[Window.Property(actor.DBMovies),$ADDON[script.extendedinfo 32021]: [COLOR=FFFAFAFA],[/COLOR][CR]]</label>
							<font>regular_plot</font>
							<textcolor>FF999999</textcolor>
						</control>
					</control>
					<!--bio-->
					<control type="textbox" id="800">
						<posx>27</posx>
						<posy>7</posy>
						<width>653</width>
						<height>217</height>
						<align>left</align>
						<label fallback="No info available">$INFO[Window.Property(actor.Biography)].</label>
						<font>regular_plot</font>
						<autoscroll delay="10000" time="2000" repeat="10000">Skin.HasSetting(autoscroll.enable)</autoscroll>
					</control>
					<control type="group" id="140">
						<height>170</height>
						<control type="radiobutton" id="132">
							<posx>-300</posx>
							<posy>-300</posy>
							<width>1</width>
							<height>1</height>
							<radioposx>20</radioposx>
							<radioposy>13</radioposy>
							<radiowidth>31</radiowidth>
							<radioheight>31</radioheight>
							<ondown>150</ondown>
							<texturefocus border="40" colordiffuse="$INFO[Window(home).Property(actor.ImageColor)]">buttons/roundedbutton-focus.png</texturefocus>
							<texturenofocus border="40" colordiffuse="$INFO[Window(home).Property(actor.ImageColor)]">buttons/roundedbutton-nofocus.png</texturenofocus>
							<label>-</label>
						</control>
					</control>
					<!--Movies-->
					<control type="group" id="1500">
						<visible>IntegerGreaterThan(Container(150).NumItems,0)</visible>
						<height>410</height>
						<posy>-170</posy>
						<control type="label">
							<posy>4</posy>
							<posx>17</posx>
							<width>333</width>
							<height>17</height>
							<aligny>center</aligny>
							<font>regular_Big</font>
							<label>Films$INFO[Container(150).NumItems, (,)]</label>
						</control>
						<control type="image">
							<posx>0</posx>
							<posy>133</posy>
							<width>19</width>
							<height>19</height>
							<texture colordiffuse="$INFO[Window.Property(movie.ImageColor)]" flipx="true">arrowright.png</texture>
							<animation effect="slide" start="20,0" end="0,0" time="200">VisibleChange</animation>
							<animation effect="slide" start="-100" end="0" delay="640" time="320" tween="cubic">WindowOpen</animation>
							<visible>Container(150).HasPrevious + Control.HasFocus(150)</visible>
						</control>
						<control type="image">
							<posx>1255</posx>
							<posy>133</posy>
							<width>19</width>
							<height>19</height>
							<texture colordiffuse="$INFO[Window.Property(movie.ImageColor)]">arrowright.png</texture>
							<animation effect="slide" start="-20,0" end="0,0" time="200">VisibleChange</animation>
							<animation effect="slide" start="100" end="0" delay="640" time="320" tween="cubic">WindowOpen</animation>
							<visible>Container(150).HasNext + Control.HasFocus(150)</visible>
						</control>
						<!--thumbs-->
						<control type="panel" id="150">
							<posy>20</posy>
							<posx>-30</posx>
							<width>1300</width>
							<height>400</height>
							<onleft>150</onleft>
							<onright>150</onright>
							<onup>132</onup>
							<ondown>250</ondown>
							<scrolltime>200</scrolltime>
							<orientation>horizontal</orientation>
							<animation type="WindowOpen" reversible="false">
								<effect type="slide" start="0,720" end="0,0" delay="0" tween="sine" time="1300" />
							</animation>
							<itemlayout height="267" width="180">
								<control type="group">
									<!--background frame-->
									<control type="image">
										<posy>0</posy>
										<posx>33</posx>
										<width>187</width>
										<height>253</height>
										<texture border="65" colordiffuse="$INFO[Window(home).Property(actor.ImageColor)]">buttons/roundedbutton-nofocus.png</texture>
									</control>
									<control type="group">
										<posx>51</posx>
										<posy>12</posy>
										<!--poster-->
										<control type="image">
											<posx>5</posx>
											<posy>11</posy>
											<width>141</width>
											<height>207</height>
											<texture background="true" fallback="defaultvideo3.png">$INFO[ListItem.Thumb]</texture>
											<aspectratio aligny="center">scale</aspectratio>
											<fadetime>0</fadetime>
										</control>
										<!--diffuse-->
										<control type="image">
											<posx>5</posx>
											<posy>11</posy>
											<width>141</width>
											<height>207</height>
											<texture>common/black.png</texture>
											<animation effect="fade" start="100" end="0" time="200" condition="!Control.HasFocus(150)">Conditional</animation>
											<animation effect="fade" end="55" time="0" condition="true">Conditional</animation>
											<aspectratio aligny="center">scale</aspectratio>
										</control>
										<!--local flag-->
										<control type="image">
											<width>37</width>
											<height>37</height>
											<posy>7</posy>
											<posx>113</posx>
											<texture>flags/local.png</texture>
											<visible>!IsEmpty(ListItem.Property(DBID))</visible>
										</control>
										<!--year diffuse-->
										<control type="image">
											<posy>207</posy>
											<width>36</width>
											<height>17</height>
											<texture>common/black.png</texture>
											<animation effect="fade" end="60" time="0" condition="true">Conditional</animation>
											<aspectratio aligny="center">scale</aspectratio>
											<visible>!IsEmpty(ListItem.Year)</visible>
										</control>
										<!--year label-->
										<control type="label">
											<posx>3</posx>
											<posy>207</posy>
											<width>56</width>
											<height>17</height>
											<font>font10</font>
											<aligny>center</aligny>
											<align>left</align>
											<label>$INFO[ListItem.Year]</label>
										</control>
										<control type="textbox">
											<width>152</width>
											<height>102</height>
											<posx>0</posx>
											<posy>227</posy>
											<align>center</align>
											<font>font12</font>
											<label>$INFO[ListItem.Label][CR][COLOR FF999999]$INFO[ListItem.Property(Character)][/COLOR]</label>
										</control>
									</control>
								</control>
							</itemlayout>
							<!--thumbs focus-->
							<focusedlayout height="267" width="180">
								<control type="group">
									<control type="image">
										<posy>0</posy>
										<posx>33</posx>
										<width>189</width>
										<height>255</height>
										<texture border="65" colordiffuse="$INFO[Window(home).Property(actor.ImageColor)]">buttons/roundedbutton-nofocus.png</texture>
									</control>
									<control type="image">
										<posy>0</posy>
										<posx>33</posx>
										<width>189</width>
										<height>255</height>
										<texture border="65" colordiffuse="$INFO[Window(home).Property(actor.ImageColor)]">buttons/roundedbutton-focus.png</texture>
										<animation effect="fade" start="0" end="100" time="160">Focus</animation>
										<animation effect="fade" start="0" end="100" time="0">UnFocus</animation>
									</control>
									<control type="group">
										<posx>51</posx>
										<posy>12</posy>
										<control type="image">
											<posx>5</posx>
											<posy>11</posy>
											<width>141</width>
											<height>207</height>
											<texture background="true" fallback="defaultvideo3.png">$INFO[ListItem.Thumb]</texture>
											<aspectratio aligny="center">scale</aspectratio>
											<fadetime>0</fadetime>
										</control>
										<control type="image">
											<width>37</width>
											<height>37</height>
											<posy>7</posy>
											<posx>113</posx>
											<texture>flags/local.png</texture>
											<visible>!IsEmpty(ListItem.Property(DBID))</visible>
										</control>
										<control type="image">
											<posy>207</posy>
											<width>36</width>
											<height>17</height>
											<texture>common/black.png</texture>
											<animation effect="fade" end="60" time="0" condition="true">Conditional</animation>
											<aspectratio aligny="center">scale</aspectratio>
											<visible>!IsEmpty(ListItem.Year)</visible>
										</control>
										<control type="label">
											<posx>3</posx>
											<posy>207</posy>
											<width>56</width>
											<height>17</height>
											<font>font10</font>
											<aligny>center</aligny>
											<align>left</align>
											<label>$INFO[ListItem.Year]</label>
										</control>
										<control type="textbox">
											<width>152</width>
											<height>102</height>
											<posx>0</posx>
											<posy>227</posy>
											<align>center</align>
											<font>font12</font>
											<label>$INFO[ListItem.Label][CR][COLOR FF999999]$INFO[ListItem.Property(Character)][/COLOR]</label>
										</control>
									</control>
								</control>
							</focusedlayout>
						</control>
					</control>
					<!--TV-->
					<control type="group" id="2500">
						<height>360</height>
						<visible>IntegerGreaterThan(Container(250).NumItems,0)</visible>
						<control type="label">
							<posy>4</posy>
							<posx>17</posx>
							<width>333</width>
							<height>17</height>
							<aligny>center</aligny>
							<font>regular_Big</font>
							<label>Television$INFO[Container(250).NumItems, (,)]</label>
						</control>
						<control type="image">
							<posx>0</posx>
							<posy>133</posy>
							<width>19</width>
							<height>19</height>
							<texture colordiffuse="$INFO[Window.Property(movie.ImageColor)]" flipx="true">arrowright.png</texture>
							<animation effect="slide" start="20,0" end="0,0" time="200">VisibleChange</animation>
							<animation effect="slide" start="-100" end="0" delay="640" time="320" tween="cubic">WindowOpen</animation>
							<visible>Container(250).HasPrevious + Control.HasFocus(250)</visible>
						</control>
						<control type="image">
							<posx>1255</posx>
							<posy>133</posy>
							<width>19</width>
							<height>19</height>
							<texture colordiffuse="$INFO[Window.Property(movie.ImageColor)]">arrowright.png</texture>
							<animation effect="slide" start="-20,0" end="0,0" time="200">VisibleChange</animation>
							<animation effect="slide" start="100" end="0" delay="640" time="320" tween="cubic">WindowOpen</animation>
							<visible>Container(250).HasNext + Control.HasFocus(250)</visible>
						</control>
						<control type="panel" id="250">
							<posy>20</posy>
							<posx>-30</posx>
							<width>1300</width>
							<height>400</height>
							<onleft>250</onleft>
							<onright>250</onright>
							<onup>150</onup>
							<ondown>650</ondown>
							<scrolltime>200</scrolltime>
							<orientation>horizontal</orientation>
							<animation type="WindowOpen" reversible="false">
								<effect type="slide" start="0,720" end="0,0" delay="0" tween="sine" time="1300" />
							</animation>
							<itemlayout height="267" width="180">
								<control type="group">
									<control type="image">
										<posy>0</posy>
										<posx>33</posx>
										<width>187</width>
										<height>253</height>
										<texture border="65" colordiffuse="$INFO[Window(home).Property(actor.ImageColor)]">buttons/roundedbutton-nofocus.png</texture>
									</control>
									<control type="group">
										<posx>51</posx>
										<posy>12</posy>
										<control type="image">
											<posx>5</posx>
											<posy>11</posy>
											<width>141</width>
											<height>207</height>
											<texture background="true" fallback="defaultvideo3.png">$INFO[ListItem.Thumb]</texture>
											<aspectratio aligny="center">scale</aspectratio>
											<fadetime>0</fadetime>
										</control>
										<control type="image">
											<posx>5</posx>
											<posy>11</posy>
											<width>141</width>
											<height>207</height>
											<texture>common/black.png</texture>
											<animation effect="fade" start="100" end="0" time="200" condition="!Control.HasFocus(250)">Conditional</animation>
											<animation effect="fade" end="55" time="0" condition="true">Conditional</animation>
											<aspectratio aligny="center">scale</aspectratio>
										</control>
										<control type="textbox">
											<width>152</width>
											<height>93</height>
											<posx>0</posx>
											<posy>227</posy>
											<align>center</align>
											<font>font12</font>
											<label>$INFO[ListItem.Label][CR][COLOR FF999999]$INFO[ListItem.Property(Character)][/COLOR]</label>
										</control>
										<control type="image">
											<width>37</width>
											<height>37</height>
											<posy>7</posy>
											<posx>113</posx>
											<texture>flags/local.png</texture>
											<visible>!IsEmpty(ListItem.Property(DBID))</visible>
										</control>
										<control type="image">
											<posy>207</posy>
											<width>36</width>
											<height>17</height>
											<texture>common/black.png</texture>
											<animation effect="fade" end="60" time="0" condition="true">Conditional</animation>
											<aspectratio aligny="center">scale</aspectratio>
											<visible>!IsEmpty(ListItem.Year)</visible>
										</control>
										<control type="label">
											<posx>3</posx>
											<posy>207</posy>
											<width>56</width>
											<height>17</height>
											<font>font10</font>
											<aligny>center</aligny>
											<align>left</align>
											<label>$INFO[ListItem.Year]</label>
										</control>
									</control>
								</control>
							</itemlayout>
							<focusedlayout height="267" width="180">
								<control type="group">
									<control type="image">
										<posy>0</posy>
										<posx>33</posx>
										<width>189</width>
										<height>255</height>
										<texture border="65" colordiffuse="$INFO[Window(home).Property(actor.ImageColor)]">buttons/roundedbutton-nofocus.png</texture>
									</control>
									<control type="image">
										<posy>0</posy>
										<posx>33</posx>
										<width>189</width>
										<height>255</height>
										<texture border="65" colordiffuse="$INFO[Window(home).Property(actor.ImageColor)]">buttons/roundedbutton-focus.png</texture>
										<animation effect="fade" start="0" end="100" time="160">Focus</animation>
										<animation effect="fade" start="0" end="100" time="0">UnFocus</animation>
									</control>
									<control type="group">
										<posx>51</posx>
										<posy>12</posy>
										<control type="image">
											<posx>5</posx>
											<posy>11</posy>
											<width>141</width>
											<height>207</height>
											<texture background="true" fallback="defaultvideo3.png">$INFO[ListItem.Thumb]</texture>
											<aspectratio aligny="center">scale</aspectratio>
											<fadetime>0</fadetime>
										</control>
										<control type="image">
											<width>37</width>
											<height>37</height>
											<posy>7</posy>
											<posx>113</posx>
											<texture>flags/local.png</texture>
											<visible>!IsEmpty(ListItem.Property(DBID))</visible>
										</control>
										<control type="image">
											<posy>207</posy>
											<width>36</width>
											<height>17</height>
											<texture>common/black.png</texture>
											<animation effect="fade" end="60" time="0" condition="true">Conditional</animation>
											<aspectratio aligny="center">scale</aspectratio>
											<visible>!IsEmpty(ListItem.Year)</visible>
										</control>
										<control type="label">
											<posx>3</posx>
											<posy>207</posy>
											<width>56</width>
											<height>17</height>
											<font>font10</font>
											<aligny>center</aligny>
											<align>left</align>
											<label>$INFO[ListItem.Year]</label>
										</control>
										<control type="textbox">
											<width>152</width>
											<height>93</height>
											<posx>0</posx>
											<posy>227</posy>
											<align>center</align>
											<font>font12</font>
											<label>$INFO[ListItem.Label][CR][COLOR FF999999]$INFO[ListItem.Property(Character)][/COLOR]</label>
										</control>
									</control>
								</control>
							</focusedlayout>
						</control>
					</control>
					<!--?-->
					<control type="group" id="6500">
						<height>360</height>
						<visible>IntegerGreaterThan(Container(650).NumItems,500)</visible>
						<control type="label">
							<posy>4</posy>
							<posx>17</posx>
							<width>333</width>
							<height>17</height>
							<aligny>center</aligny>
							<font>font14</font>
							<label>$INFO[Container(650).NumItems, (,)]</label>
						</control>
						<control type="image">
							<posx>0</posx>
							<posy>133</posy>
							<width>19</width>
							<height>19</height>
							<texture colordiffuse="$INFO[Window.Property(movie.ImageColor)]" flipx="true">arrowright.png</texture>
							<animation effect="slide" start="20,0" end="0,0" time="200">VisibleChange</animation>
							<animation effect="slide" start="-100" end="0" delay="640" time="320" tween="cubic">WindowOpen</animation>
							<visible>Container(650).HasPrevious + Control.HasFocus(650)</visible>
						</control>
						<control type="image">
							<posx>1255</posx>
							<posy>133</posy>
							<width>19</width>
							<height>19</height>
							<texture colordiffuse="$INFO[Window.Property(movie.ImageColor)]">arrowright.png</texture>
							<animation effect="slide" start="-20,0" end="0,0" time="200">VisibleChange</animation>
							<animation effect="slide" start="100" end="0" delay="640" time="320" tween="cubic">WindowOpen</animation>
							<visible>Container(650).HasNext + Control.HasFocus(650)</visible>
						</control>
						<control type="panel" id="650">
							<posy>20</posy>
							<posx>-30</posx>
							<width>1300</width>
							<height>400</height>
							<onleft>650</onleft>
							<onright>650</onright>
							<onup>550</onup>
							<ondown>350</ondown>
							<scrolltime>200</scrolltime>
							<orientation>horizontal</orientation>
							<animation type="WindowOpen" reversible="false">
								<effect type="slide" start="0,720" end="0,0" delay="0" tween="sine" time="1300" />
							</animation>
							<itemlayout height="267" width="180">
								<control type="group">
									<control type="image">
										<posy>0</posy>
										<posx>33</posx>
										<width>187</width>
										<height>253</height>
										<texture border="40" colordiffuse="$INFO[Window(home).Property(actor.ImageColor)]">buttons/roundedbutton-nofocus.png</texture>
									</control>
									<control type="group">
										<posx>51</posx>
										<posy>12</posy>
										<control type="image">
											<posy>7</posy>
											<width>149</width>
											<height>217</height>
											<texture background="true" fallback="DefaultVideo.png">$INFO[ListItem.Thumb]</texture>
											<aspectratio aligny="center">scale</aspectratio>
											<fadetime>0</fadetime>
										</control>
										<control type="image">
											<width>37</width>
											<height>37</height>
											<posy>7</posy>
											<posx>113</posx>
											<texture>flags/local.png</texture>
											<visible>!IsEmpty(ListItem.Property(DBID))</visible>
										</control>
										<control type="image">
											<posy>207</posy>
											<width>36</width>
											<height>17</height>
											<texture>common/black.png</texture>
											<animation effect="fade" end="60" time="0" condition="true">Conditional</animation>
											<aspectratio aligny="center">scale</aspectratio>
											<visible>!IsEmpty(ListItem.Year)</visible>
										</control>
										<control type="label">
											<posx>3</posx>
											<posy>207</posy>
											<width>56</width>
											<height>17</height>
											<font>font10</font>
											<aligny>center</aligny>
											<align>left</align>
											<label>$INFO[ListItem.Year]</label>
										</control>
										<control type="image">
											<posy>7</posy>
											<width>149</width>
											<height>217</height>
											<texture>common/black.png</texture>
											<animation effect="fade" start="100" end="0" time="0" condition="!Control.HasFocus(650)">Conditional</animation>
											<animation effect="fade" end="30" time="0" condition="true">Conditional</animation>
											<aspectratio aligny="center">scale</aspectratio>
										</control>
										<control type="textbox">
											<width>152</width>
											<height>93</height>
											<posx>0</posx>
											<posy>227</posy>
											<align>center</align>
											<font>font12</font>
											<label>$INFO[ListItem.Label][CR][COLOR FF999999]$INFO[ListItem.Property(Job)][/COLOR]</label>
										</control>
									</control>
								</control>
							</itemlayout>
							<focusedlayout height="267" width="180">
								<control type="group">
									<control type="image">
										<posy>0</posy>
										<posx>33</posx>
										<width>187</width>
										<height>253</height>
										<texture border="40" colordiffuse="$INFO[Window(home).Property(actor.ImageColor)]">buttons/roundedbutton-nofocus.png</texture>
									</control>
									<control type="image">
										<posy>0</posy>
										<posx>33</posx>
										<width>187</width>
										<height>253</height>
										<texture border="40" colordiffuse="$INFO[Window(home).Property(actor.ImageColor)]">buttons/roundedbutton-focus.png</texture>
										<animation effect="fade" start="0" end="100" time="160">Focus</animation>
										<animation effect="fade" start="0" end="100" time="0">UnFocus</animation>
									</control>
									<control type="group">
										<posx>51</posx>
										<posy>12</posy>
										<control type="image">
											<posy>7</posy>
											<width>149</width>
											<height>217</height>
											<texture background="true" fallback="DefaultVideo.png">$INFO[ListItem.Thumb]</texture>
											<aspectratio aligny="center">scale</aspectratio>
											<fadetime>0</fadetime>
										</control>
										<control type="image">
											<width>37</width>
											<height>37</height>
											<posy>7</posy>
											<posx>113</posx>
											<texture>flags/local.png</texture>
											<visible>!IsEmpty(ListItem.Property(DBID))</visible>
										</control>
										<control type="image">
											<posy>207</posy>
											<width>36</width>
											<height>17</height>
											<texture>common/black.png</texture>
											<animation effect="fade" end="60" time="0" condition="true">Conditional</animation>
											<aspectratio aligny="center">scale</aspectratio>
											<visible>!IsEmpty(ListItem.Year)</visible>
										</control>
										<control type="label">
											<posx>3</posx>
											<posy>207</posy>
											<width>56</width>
											<height>17</height>
											<font>font10</font>
											<aligny>center</aligny>
											<align>left</align>
											<label>$INFO[ListItem.Year]</label>
										</control>
										<control type="textbox">
											<width>152</width>
											<height>93</height>
											<posx>0</posx>
											<posy>227</posy>
											<align>center</align>
											<font>font12</font>
											<label>$INFO[ListItem.Label][CR][COLOR FF999999]$INFO[ListItem.Property(Job)][/COLOR]</label>
										</control>
									</control>
								</control>
							</focusedlayout>
						</control>
					</control>
					<!--youtube-->
					<control type="group">
						<visible>IntegerGreaterThan(Container(350).NumItems,0)</visible>
						<height>360</height>
						<control type="label">
							<posy>4</posy>
							<posx>17</posx>
							<width>333</width>
							<height>17</height>
							<aligny>center</aligny>
							<font>regular_Big</font>
							<label>Youtube</label>
						</control>
						<control type="image">
							<posx>0</posx>
							<posy>133</posy>
							<width>19</width>
							<height>19</height>
							<texture colordiffuse="$INFO[Window.Property(movie.ImageColor)]" flipx="true">arrowright.png</texture>
							<animation effect="slide" start="20,0" end="0,0" time="200">VisibleChange</animation>
							<animation effect="slide" start="-100" end="0" delay="640" time="320" tween="cubic">WindowOpen</animation>
							<visible>Container(350).HasPrevious + Control.HasFocus(350)</visible>
						</control>
						<control type="image">
							<posx>1255</posx>
							<posy>133</posy>
							<width>19</width>
							<height>19</height>
							<texture colordiffuse="$INFO[Window.Property(movie.ImageColor)]">arrowright.png</texture>
							<animation effect="slide" start="-20,0" end="0,0" time="200">VisibleChange</animation>
							<animation effect="slide" start="100" end="0" delay="640" time="320" tween="cubic">WindowOpen</animation>
							<visible>Container(350).HasNext + Control.HasFocus(350)</visible>
						</control>
						<control type="panel" id="350">
							<posx>-30</posx>
							<posy>20</posy>
							<width>1300</width>
							<height>467</height>
							<onleft>250</onleft>
							<onright>250</onright>
							<onup>250</onup>
							<ondown>450</ondown>
							<pagecontrol>60</pagecontrol>
							<scrolltime>300</scrolltime>
							<focusposition>0</focusposition>
							<orientation>horizontal</orientation>
							<preloaditems>2</preloaditems>
							<itemlayout height="273" width="253">
								<control type="image">
									<posy>0</posy>
									<posx>33</posx>
									<width>249</width>
									<height>173</height>
									<texture border="65" colordiffuse="$INFO[Window(home).Property(actor.ImageColor)]">buttons/roundedbutton-nofocus.png</texture>
								</control>
								<control type="group">
									<posx>51</posx>
									<posy>12</posy>
									<control type="image">
										<posx>5</posx>
										<posy>11</posy>
										<width>203</width>
										<height>127</height>
										<texture background="true" fallback="DefaultVideo.png">$INFO[ListItem.Thumb]</texture>
										<aspectratio aligny="center">scale</aspectratio>
										<fadetime>0</fadetime>
									</control>
									<control type="textbox">
										<width>215</width>
										<height>82</height>
										<posx>0</posx>
										<posy>151</posy>
										<align>center</align>
										<font>font12</font>
										<info>ListItem.Label</info>
									</control>
									<control type="image">
										<posx>5</posx>
										<posy>11</posy>
										<width>203</width>
										<height>127</height>
										<texture>common/black.png</texture>
										<animation effect="fade" start="100" end="0" time="200" condition="!Control.HasFocus(350)">Conditional</animation>
										<animation effect="fade" end="55" time="0" condition="true">Conditional</animation>
										<aspectratio aligny="center">scale</aspectratio>
									</control>
								</control>
							</itemlayout>
							<focusedlayout height="273" width="253">
								<control type="image">
									<posy>0</posy>
									<posx>33</posx>
									<width>251</width>
									<height>175</height>
									<texture border="65" colordiffuse="$INFO[Window(home).Property(actor.ImageColor)]">buttons/roundedbutton-nofocus.png</texture>
								</control>
								<control type="image">
									<posy>0</posy>
									<posx>33</posx>
									<width>251</width>
									<animation effect="fade" start="0" end="100" time="160">Focus</animation>
									<animation effect="fade" start="0" end="100" time="0">UnFocus</animation>
									<height>175</height>
									<texture border="65" colordiffuse="$INFO[Window(home).Property(actor.ImageColor)]">buttons/roundedbutton-focus.png</texture>
								</control>
								<control type="group">
									<posx>51</posx>
									<posy>12</posy>
									<control type="image">
										<posx>5</posx>
										<posy>11</posy>
										<width>203</width>
										<height>127</height>
										<texture background="true" fallback="DefaultVideo.png">$INFO[ListItem.Thumb]</texture>
										<aspectratio aligny="center">scale</aspectratio>
										<fadetime>0</fadetime>
									</control>
									<control type="textbox">
										<width>215</width>
										<height>82</height>
										<posx>0</posx>
										<posy>151</posy>
										<align>center</align>
										<font>font12</font>
										<info>ListItem.Label</info>
									</control>
								</control>
							</focusedlayout>
						</control>
					</control>
					<!--photos-->
					<control type="group" id="4500">
						<height>360</height>
						<visible>IntegerGreaterThan(Container(450).NumItems,0)</visible>
						<control type="label">
							<posy>4</posy>
							<posx>17</posx>
							<width>333</width>
							<height>17</height>
							<aligny>center</aligny>
							<font>regular_Big</font>
							<label>Photos</label>
						</control>
						<control type="panel" id="450">
							<posy>20</posy>
							<posx>-30</posx>
							<width>1300</width>
							<height>400</height>
							<onleft>450</onleft>
							<onright>450</onright>
							<onup>350</onup>
							<ondown>750</ondown>
							<scrolltime>200</scrolltime>
							<orientation>horizontal</orientation>
							<animation type="WindowOpen" reversible="false">
								<effect type="slide" start="0,720" end="0,0" delay="0" tween="sine" time="1300" />
							</animation>
							<itemlayout height="267" width="180">
								<control type="group">
									<control type="image">
										<posy>0</posy>
										<posx>33</posx>
										<width>187</width>
										<height>253</height>
										<texture border="65" colordiffuse="$INFO[Window(home).Property(actor.ImageColor)]">buttons/roundedbutton-nofocus.png</texture>
									</control>
									<control type="image">
										<posx>56</posx>
										<posy>23</posy>
										<width>141</width>
										<height>207</height>
										<texture background="true" fallback="DefaultVideo.png">$INFO[ListItem.Thumb]</texture>
										<aspectratio aligny="center">scale</aspectratio>
										<fadetime>0</fadetime>
									</control>
									<control type="image">
										<posx>56</posx>
										<posy>23</posy>
										<width>141</width>
										<height>207</height>
										<texture>common/black.png</texture>
										<animation effect="fade" start="100" end="0" time="200" condition="!Control.HasFocus(450)">Conditional</animation>
										<animation effect="fade" end="55" time="0" condition="true">Conditional</animation>
										<aspectratio aligny="center">scale</aspectratio>
									</control>
								</control>
							</itemlayout>
							<focusedlayout height="267" width="180">
								<control type="group">
									<control type="image">
										<posy>0</posy>
										<posx>33</posx>
										<width>189</width>
										<height>255</height>
										<texture border="65" colordiffuse="$INFO[Window(home).Property(actor.ImageColor)]">buttons/roundedbutton-nofocus.png</texture>
									</control>
									<control type="image">
										<posy>0</posy>
										<posx>33</posx>
										<width>189</width>
										<height>255</height>
										<texture border="65" colordiffuse="$INFO[Window(home).Property(actor.ImageColor)]">buttons/roundedbutton-focus.png</texture>
										<animation effect="fade" start="0" end="100" time="160">Focus</animation>
										<animation effect="fade" start="0" end="100" time="0">UnFocus</animation>
									</control>
									<control type="group">
										<posx>51</posx>
										<posy>12</posy>
										<control type="image">
											<posx>5</posx>
											<posy>11</posy>
											<width>141</width>
											<height>207</height>
											<texture background="true" fallback="DefaultVideo.png">$INFO[ListItem.Thumb]</texture>
											<aspectratio aligny="center">scale</aspectratio>
											<fadetime>0</fadetime>
										</control>
									</control>
								</control>
							</focusedlayout>
						</control>
					</control>
				</control>
			</control>
		</control>
	</controls>
</window>
