<?xml version="1.0" encoding="utf-8"?>
<includes>
	<include name="detail_Slide">
		<control type="group">
			<include>transition_Info</include>
			<include>toggle_Menu</include>
			<include>transition_Content</include>
			<visible>Control.IsVisible(52) | Control.IsVisible(521) | Control.IsVisible(522)</visible>
			<control type="image">
				<left>80</left>
				<top>480</top>
				<width>92</width>
				<height>48</height>
				<aspectratio align="right">keep</aspectratio>
				<texture>$VAR[flag:Studio]</texture>
			</control>
			<control type="group">
				<left>192</left>
				<top>477</top>
				<animation effect="slide" start="0" end="57" time="0" condition="Control.IsVisible(522)">Conditional</animation>
				<control type="group">
					<control type="label">
						<width>960</width>
						<label>$VAR[media:Title]</label>
						<include>detail_Title</include>
					</control>
					<control type="group">
						<top>28</top>
						<visible>!SubString(ListItem.Icon,default)</visible>
						<control type="label">
							<width>960</width>
							<label>$VAR[media:Info]</label>
							<include>detail_Sub</include>
							<visible>![Container.Content(addons) | Container.Content(programs)]</visible>
						</control>
						<control type="label">
							<width>960</width>
							<label>$LOCALIZE[19114] $INFO[ListItem.Property(Addon.Version),, • ]$LOCALIZE[31144] $INFO[ListItem.Property(Addon.Creator)]</label>
							<include>detail_Sub</include>
							<visible>[Container.Content(addons) | Container.Content(programs)]</visible>
						</control>
					</control>
					<control type="textbox">
						<top>60</top>
						<width>960</width>
						<height>110</height>
						<label>$VAR[media:Plot]</label>
						<include>detail_Text</include>
					</control>
				</control>
				<control type="grouplist">
					<top>180</top>
					<width>900</width>
					<height>64</height>
					<itemgap>10</itemgap>
					<orientation>horizontal</orientation>
					<control type="image">
						<width>128</width>
						<height>32</height>
						<texture>$VAR[rating:Global]</texture>
						<aspectratio align="center">keep</aspectratio>
						<visible>!Container.Content(files)</visible>
					</control>
					<control type="image">
						<width>96</width>
						<height>34</height>
						<aspectratio align="center">keep</aspectratio>
						<texture>$INFO[Listitem.VideoResolution,flags/video/resolution/,.png]</texture>
						<visible>!IsEmpty(Listitem.VideoResolution)</visible>
					</control>
					<control type="image">
						<width>53</width>
						<height>34</height>
						<aspectratio align="center">keep</aspectratio>
						<texture>$INFO[Listitem.AudioChannels,flags/audio/,.png]</texture>
						<visible>!IsEmpty(Listitem.AudioChannels)</visible>
					</control>
				</control>
			</control>
		</control>
	</include>
	<!--PORTRAIT-->
	<include name="view_SlidePoster">
		<control type="fixedlist" id="52">
			<viewtype label="31112">wrap</viewtype>
			<left>8</left>
			<top>105</top>
			<width>1272</width>
			<height>425</height>
			<onup>6000</onup>
			<ondown>71</ondown>
			<onleft>52</onleft>
			<onright>52</onright>
			<focusposition>1</focusposition>
			<pagecontrol>71</pagecontrol>
			<orientation>horizontal</orientation>
			<include>global_Scrolltime</include>
			<include>transition_Content</include>
			<include>transition_Info</include>
			<include>toggle_Menu</include>
			<visible>Container.Content(movies) | Container.Content(tvshows) | Container.Content(seasons) | Container.Content(sets)</visible>
			<itemlayout width="200" height="300">
				<include>viewSlidePoster-ContainerCommons</include>
			</itemlayout>
			<focusedlayout width="200" height="300">
				<include>viewSlidePoster-ContainerCommons</include>
			</focusedlayout>
		</control>
	</include>
	<include name="viewSlidePoster-ContainerCommons">
		<control type="group">
			<include>focus_SlidePoster</include>
			<control type="image">
				<width>203</width>
				<height>300</height>
				<texture border="10">frames/frame-alt.png</texture>
				<aspectratio>stretch</aspectratio>
			</control>
			<control type="group">
				<left>10</left>
				<top>10</top>
				<control type="image">
					<width>183</width>
					<height>280</height>
					<texture background="true">thumbs/default_Portrait.png</texture>
					<aspectratio align="center">stretch</aspectratio>
				</control>
				<control type="image">
					<left>43.5</left>
					<top>92</top>
					<width>96</width>
					<height>96</height>
					<include>art_DefaultIcon</include>
				</control>
				<control type="image">
					<width>183</width>
					<height>280</height>
					<texture background="true">$VAR[art:Portrait]</texture>
					<aspectratio align="center" aligny="top">scale</aspectratio>
				</control>
			</control>
			<control type="group">
				<right>7</right>
				<bottom>10</bottom>
				<width>42</width>
				<height>42</height>
				<include>status_Info</include>
			</control>
		</control>
	</include>
	<!--LANDSCAPE-->
	<include name="view_SlideLandscape">
		<control type="fixedlist" id="521">
			<viewtype label="31112">bigwrap</viewtype>
			<left>-177</left>
			<top>150</top>
			<width>1457</width>
			<height>430</height>
			<onleft>521</onleft>
			<onright>521</onright>
			<onup>6000</onup>
			<ondown>71</ondown>
			<focusposition>1</focusposition>
			<pagecontrol>71</pagecontrol>
			<preloaditems>2</preloaditems>
			<orientation>horizontal</orientation>
			<include>global_Scrolltime</include>
			<include>transition_Content</include>
			<include>transition_Info</include>
			<include>toggle_Menu</include>
			<visible>Container.Content(movies) | Container.Content(tvshows) | Container.Content(episodes) | Container.Content(musicvideos) | Container.Content(artists) | [Container.Content(files) + Container.HasFiles + !SubString(Container.FolderPath,plugin://plugin)] | Window.IsActive(tvrecordings)</visible>
			<itemlayout width="445" height="259">
				<include>view_SlideLandscape-ContainerCommons</include>
			</itemlayout>
			<focusedlayout width="445" height="259">
				<include>view_SlideLandscape-ContainerCommons</include>
			</focusedlayout>
		</control>
	</include>
	<include name="view_SlideLandscape-ContainerCommons">
		<control type="group">
			<include>focus_SlideWide</include>
			<control type="image">
				<width>446</width>
				<height>259</height>
				<texture border="10">frames/frame-alt.png</texture>
				<aspectratio>stretch</aspectratio>
			</control>
			<control type="group">
				<left>10</left>
				<top>10</top>
				<control type="image">
					<width>425</width>
					<height>239</height>
					<texture background="true">thumbs/default_Landscape.png</texture>
					<aspectratio>stretch</aspectratio>
				</control>
				<control type="image">
					<left>164.5</left>
					<top>71.5</top>
					<width>96</width>
					<height>96</height>
					<include>art_DefaultIcon</include>
				</control>
				<control type="image">
					<width>425</width>
					<height>239</height>
					<texture background="true">$VAR[art:Landscape]</texture>
					<aspectratio>scale</aspectratio>
				</control>
				<control type="image">
					<left>130</left>
					<top>155</top>
					<width>165</width>
					<height>64</height>
					<include>art_Logo</include>
				</control>
				<control type="group">
					<right>10</right>
					<bottom>10</bottom>
					<width>42</width>
					<height>42</height>
					<include>status_Info</include>
				</control>
			</control>
		</control>
	</include>
	<!--SQUARE-->
	<include name="view_SlideSquare">
		<control type="fixedlist" id="522">
			<viewtype label="31112">wrap</viewtype>
			<left>9</left>
			<top>130</top>
			<width>1271</width>
			<height>560</height>
			<onleft>522</onleft>
			<onright>522</onright>
			<onup>6000</onup>
			<ondown>71</ondown>
			<pagecontrol>71</pagecontrol>
			<focusposition>1</focusposition>
			<orientation>horizontal</orientation>
			<include>global_Scrolltime</include>
			<include>transition_Content</include>
			<include>transition_Info</include>
			<include>toggle_Menu</include>
			<visible>Container.Content(albums) | Container.Content(songs) | Container.Content(singles) | Container.Content(artists) | Container.Content(addons) | Window.IsActive(radiorecordings)</visible>
			<itemlayout height="280" width="280">
				<include>view_SlideSquare-ContainerCommons</include>
			</itemlayout>
			<focusedlayout height="280" width="280">
				<include>view_SlideSquare-ContainerCommons</include>
			</focusedlayout>
		</control>
	</include>
	<include name="view_SlideSquare-ContainerCommons">
		<control type="group">
			<include>focus_SlideMusic</include>
			<control type="image">
				<width>280</width>
				<height>280</height>
				<texture border="10">frames/frame-alt.png</texture>
				<aspectratio>stretch</aspectratio>
			</control>
			<control type="group">
				<left>10</left>
				<top>10</top>
				<control type="image">
					<width>260</width>
					<height>260</height>
					<texture background="true">thumbs/default_Square.png</texture>
					<aspectratio align="center">stretch</aspectratio>
				</control>
				<control type="image">
					<centerleft>130</centerleft>
					<centertop>130</centertop>
					<width>96</width>
					<height>96</height>
					<include>art_DefaultIcon</include>
				</control>
				<control type="image">
					<width>260</width>
					<height>260</height>
					<texture background="true">$VAR[art:Square]</texture>
					<aspectratio align="center">stretch</aspectratio>
				</control>
			</control>
		</control>
	</include>
</includes>
