<?xml version="1.0" encoding="UTF-8"?>
<window type="dialog" id="1117">
	<defaultcontrol always="true">10</defaultcontrol>
  <zorder>5</zorder>
	<controls>
   <control type="group">
		<left>310</left>
		<top>235</top>
	  <include>DialogAnimation</include>
	  <include>Dialog-OK-YesNo-Progress</include>
    <control type="label">
      <description>header label</description>
      <left>15</left>
      <top>12</top>
      <width>630</width>
	    <include>DialogsHeaderLabel</include>
		  <label>$VAR[CustomDialogOKHeadLabel]</label>
    </control>
		<control type="textbox">
		  <left>15</left>
			<top>65</top>
      <width>630</width>
			<height>90</height>
		  <align>left</align>
			<font>FontSize_22</font>
			<textcolor>99white</textcolor>
			<shadowcolor>99000000</shadowcolor>
			<autoscroll time="3000" delay="3000" repeat="5000">true</autoscroll>
	    <label>$VAR[CustomDialogOKMessage]</label>
		</control>
		<control type="button" id="11">
			<description>Yes button</description>
			<left>320</left>
			<top>172</top>
	    <include>DialogsButtonsYesNo</include>
			<label>$LOCALIZE[107]</label>
			<onleft>10</onleft>
			<onright>10</onright>
			<onup>10</onup>
			<ondown>10</ondown>
	    <onclick>Dialog.Close(all,true)</onclick>
  		<onclick>RunScript(script.skinshortcuts,type=resetall&amp;warning=false)</onclick>
			<onclick>Skin.ResetSettings</onclick>
	    <onclick>Action(reloadkeymaps)</onclick>
	    <onclick>XBMC.ReloadSkin()</onclick>
		</control>
		<control type="button" id="10">
			<description>No button</description>
			<left>490</left>
			<top>172</top>
	    <include>DialogsButtonsYesNo</include>
			<label>$LOCALIZE[106]</label>
			<onleft>11</onleft>
			<onright>11</onright>
			<onup>11</onup>
			<ondown>11</ondown>
		  <onclick>PreviousMenu</onclick>
		</control>
	 </control>
	</controls>
</window>