<?xml version="1.0" encoding="UTF-8"?>
<includes> 
	<default type="image">
		<left>0</left>
		<top>0</top>
		<texture>-</texture>
		<colorkey>0</colorkey>
	</default>
	<default type="label">
		<height>30</height>
		<label>-</label>
		<font>FontSize_18</font>
		<align>left</align>
		<aligny>center</aligny>
		<textcolor>77white</textcolor>
		<focusedcolor>white</focusedcolor>
		<selectedcolor>selected</selectedcolor>
		<disabledcolor>33white</disabledcolor>
	</default>
	<default type="fadelabel">
		<left>80</left>
		<top>60</top>
		<font>FontSize_18</font>
		<align>left</align>
		<aligny>center</aligny>
		<textcolor>77white</textcolor>
		<focusedcolor>white</focusedcolor>
		<selectedcolor>selected</selectedcolor>
		<disabledcolor>33white</disabledcolor>
	</default>
	<default type="button">
		<width>150</width>
		<height>30</height>
		<font>FontSize_18</font>
		<textcolor>77white</textcolor>
		<focusedcolor>white</focusedcolor>
	  <disabledcolor>33white</disabledcolor>
		<texturefocus>buttons/focus.png</texturefocus>
		<texturenofocus>-</texturenofocus>
		<textoffsetx>7</textoffsetx>
		<align>left</align>
		<aligny>center</aligny>
		<pulseonselect>no</pulseonselect>
	</default>
	<default type="togglebutton">
		<width>150</width>
		<height>30</height>
		<label>-</label>
		<font>FontSize_18</font>
		<textcolor>77white</textcolor>
		<focusedcolor>white</focusedcolor>
	  <disabledcolor>33white</disabledcolor>
		<textoffsetx>0</textoffsetx>
		<textoffsety>0</textoffsety>
		<align>left</align>
		<aligny>center</aligny>
		<pulseonselect>no</pulseonselect>
	</default>
	<default type="radiobutton">
		<radiowidth>57</radiowidth>
		<radioheight>41</radioheight>
		<label>-</label>
		<font>FontSize_18</font>
		<textcolor>77white</textcolor>
		<focusedcolor>white</focusedcolor>
	  <disabledcolor>33white</disabledcolor>
		<texturefocus>buttons/focus.png</texturefocus>
		<texturenofocus>-</texturenofocus>
		<textureradioonfocus>buttons/radio_button_on.png</textureradioonfocus>
		<textureradioonnofocus>buttons/radio_button_on.png</textureradioonnofocus>
		<textureradioofffocus>buttons/radio_button_off.png</textureradioofffocus>
		<textureradiooffnofocus>buttons/radio_button_off.png</textureradiooffnofocus>
		<align>left</align>
		<aligny>center</aligny>
		<pulseonselect>no</pulseonselect>
	</default>
	<default type="selectbutton">
		<width>300</width>
		<height>50</height>
		<label>-</label>
		<font>FontSize_18</font>
		<textcolor>77white</textcolor>
		<focusedcolor>white</focusedcolor>
	  <disabledcolor>33white</disabledcolor>
		<texturefocus>-</texturefocus>
		<texturenofocus>-</texturenofocus>
		<texturebg>-</texturebg>
    <textureleft>buttons/arrow_left.png</textureleft>
    <textureleftfocus>buttons/arrow_left.png</textureleftfocus>
    <textureright>buttons/arrow_right.png</textureright>
    <texturerightfocus>buttons/arrow_right.png</texturerightfocus>
		<align>left</align>
		<aligny>center</aligny>
		<pulseonselect>no</pulseonselect>
	</default>
	<default type="spincontrol">
		<spinwidth>30</spinwidth>
		<spinheight>44</spinheight>
		<label>-</label>
		<font>FontSize_18</font>
		<textcolor>77white</textcolor>
		<focusedcolor>white</focusedcolor>
	  <disabledcolor>33white</disabledcolor>
		<texturefocus>buttons/focus.png</texturefocus>
		<texturenofocus>-</texturenofocus>
		<textureup>buttons/arrow_up_nf.png</textureup>
		<texturedown>buttons/arrow_down_nf.png</texturedown>
		<textureupfocus>buttons/arrow_up_fo.png</textureupfocus>
		<texturedownfocus>buttons/arrow_down_fo.png</texturedownfocus>
		<spinposx>0</spinposx>
		<spinposy>0</spinposy>
    <align>left</align>
		<aligny>center</aligny>
		<reverse>yes</reverse>
		<subtype>text</subtype>
		<pulseonselect>no</pulseonselect>
	</default>
	<default type="spincontrolex">
		<spinwidth>30</spinwidth>
		<spinheight>44</spinheight>
		<label>-</label>
		<font>FontSize_18</font>
		<textcolor>77white</textcolor>
		<focusedcolor>white</focusedcolor>
	  <disabledcolor>33white</disabledcolor>
		<texturefocus>buttons/focus.png</texturefocus>
		<texturenofocus>-</texturenofocus>
		<textureup>buttons/arrow_up_nf.png</textureup>
		<texturedown>buttons/arrow_down_nf.png</texturedown>
		<textureupfocus>buttons/arrow_up_fo.png</textureupfocus>
		<texturedownfocus>buttons/arrow_down_fo.png</texturedownfocus>
		<spinposx>0</spinposx>
		<spinposy>0</spinposy>
		<align>left</align>
		<aligny>center</aligny>
		<reverse>yes</reverse>
		<pulseonselect>no</pulseonselect>
	</default>
	<default type="sliderex">
		<height>40</height>
		<font>FontSize_18</font>
		<textcolor>77white</textcolor>
		<focusedcolor>white</focusedcolor>
	  <disabledcolor>33white</disabledcolor>
		<texturefocus>buttons/focus.png</texturefocus>
		<texturenofocus>-</texturenofocus>
		<texturesliderbar>osd/osd_slider_bg.png</texturesliderbar>
		<textureslidernib>osd/osd_slider_nib_nf.png</textureslidernib>
		<textureslidernibfocus>osd/osd_slider_nib_fo.png</textureslidernibfocus>
		<sliderwidth>200</sliderwidth>
		<sliderheight>25</sliderheight>
    <align>left</align>
		<aligny>center</aligny>
		<pulseonselect>no</pulseonselect>
	</default>
	<default type="textbox">
		<width>410</width>
		<height>215</height>
		<font>FontSize_18</font>
		<textcolor>white</textcolor>
		<align>left</align>
	</default>
	<default type="progress">
		<texturebg>osd/osd_bg_progress.png</texturebg>
		<lefttexture>osd/osd_left_progress.png</lefttexture>
		<midtexture>osd/osd_center_progress.png</midtexture>
		<righttexture>osd/osd_right_progress.png</righttexture>
		<overlaytexture>-</overlaytexture>
	</default>
	<default type="slider">
		<controloffsetx>75</controloffsetx>
		<controloffsety>0</controloffsety>
	</default>
	<default type="mover">
		<texturefocus>buttons/focus.png</texturefocus>
		<texturenofocus>-</texturenofocus>
	</default>
	<default type="resize">
		<texturefocus>buttons/focus.png</texturefocus>
		<texturenofocus>-</texturenofocus>
	</default>
	<default type="edit">
		<width>300</width>
		<height>42</height>
		<texturefocus>buttons/focus.png</texturefocus>
		<texturenofocus>-</texturenofocus>
		<font>FontSize_18</font>
		<textcolor>white</textcolor>
		<disabledcolor>grey3</disabledcolor>
		<invalidcolor>invalid</invalidcolor>
		<textoffsetx>7</textoffsetx>
		<aligny>center</aligny>
		<pulseonselect>no</pulseonselect>
	</default>
</includes>