<?xml version="1.0" encoding="UTF-8"?>
<window  id="2008">
	<defaultcontrol>450</defaultcontrol>
	<controls>
		
	 <control type="group">
		<left>45</left>
		<top>25</top>
	  <include>TopOptionsSlideAnimations</include>
	  <control type="list" id="450">
			<left>0</left>
			<top>50</top>
			<width>460</width>
			<height>85</height>
			<itemgap>0</itemgap>
			<onleft>Close</onleft>
			<onright>Close</onright>
			<onup>450</onup>
			<ondown>450</ondown>
			<itemlayout width="460" height="40">
			<control type="label">
				<left>0</left>
				<width>460</width>
				<height>40</height>
				<font>FontSize_20</font>
				<textcolor>77white</textcolor>
			  <shadowcolor>99000000</shadowcolor>
				<align>left</align>
				<aligny>center</aligny>
				<label>$INFO[ListItem.Label,․  $LOCALIZE[208]... ]</label>
			</control>
			</itemlayout>
			<focusedlayout width="460" height="40">
			<control type="label">
				<left>0</left>
				<width>460</width>
				<height>40</height>
				<font>FontSize_20</font>
				<textcolor>white</textcolor>
			  <shadowcolor>99000000</shadowcolor>
				<align>left</align>
				<aligny>center</aligny>
				<label>$INFO[ListItem.Label,․  $LOCALIZE[208]... ]</label>
				</control>
			</focusedlayout>
		</control>
	 </control>		
		

	  <control type="group">
				<left>45</left>
				<top>25</top>
		    <include>TopOptionsSlideAnimations</include>
			<control type="grouplist">
				<left>0</left>
				<top>0</top>
				<height>70</height>
				<width>1000</width>
				<align>left</align>
				<aligny>center</aligny>
				<itemgap>20</itemgap>
				<orientation>horizontal</orientation>
				<control type="label">
				  <include>TopBigLabel</include>
					<label>$LOCALIZE[14000] $LOCALIZE[33061]</label>
				</control>
				<control type="label">
				  <include>TopZoomedSmallLabel</include>
			    <label>342</label>
	       <visible>Container.Content(Movies)</visible>
				</control>
			</control>
	  </control>

	</controls>
</window>