<?xml version="1.0" encoding="UTF-8"?>
<window  id="2001">
	<defaultcontrol always="true">9000</defaultcontrol>
	<allowoverlay>no</allowoverlay>
	<controls>

		<control type="group">
			<visible>!Window.IsActive(FileBrowser) + !Window.IsActive(SelectDialog) + !Window.IsActive(DialogSelect.xml)</visible>
			<include>DialogAnimation</include>
			<control type="group">
				<left>45</left>
				<top>170</top>
				<include>VisibleFadeEffect</include>
				<control type="image">
					<left>0</left>
					<top>0</top>
					<width>386</width>
					<height>386</height>
					<aspectratio align="center" aligny="center" scalediffuse="false">scale</aspectratio>
					<texture background="true" fallback="thumbs/fallback_square.png" diffuse="thumbs/music_diffuse_big.png">$INFO[ListItem.Icon]</texture>
				</control>
				<control type="image">
					<left>-12</left>
					<top>-12</top>
					<width>410</width>
					<height>410</height>
					<aspectratio align="center" aligny="center">stretch</aspectratio>
					<texture background="true">thumbs/music_overlay_big.png</texture>
				</control>				
				<!-- StarRating -->
				<control type="image">
					<left>1050</left>
					<top>8</top>
					<width>140</width>
					<height>30</height>
					<aspectratio>keep</aspectratio>
					<texture fallback="rating/rating0.png">$INFO[ListItem.StarRating,rating/,]</texture>
				</control>
				<control type="label">
					<description>Title</description>
					<left>408</left>
					<top>5</top>
					<width>650</width>
					<height>30</height>
					<font>FontSize_40</font>
					<label>$INFO[Listitem.Album]</label>
					<align>left</align>
					<aligny>center</aligny>
					<textcolor>white</textcolor>
					<shadowcolor>99000000</shadowcolor>
					<visible>Container.Content(Albums)</visible>
				</control>
				<control type="label">
					<description>Title</description>
					<left>408</left>
					<top>5</top>
					<width>650</width>
					<height>30</height>
					<font>FontSize_40</font>
					<label>$INFO[Listitem.Artist]</label>
					<align>left</align>
					<aligny>center</aligny>
					<textcolor>white</textcolor>
					<shadowcolor>99000000</shadowcolor>
					<visible>Container.Content(Artists)</visible>
				</control>
				<control type="label">
					<description>Under Title</description>
					<left>410</left>
					<top>37</top>
					<width>775</width>
					<height>30</height>
					<font>FontSize_22</font>
					<label>$VAR[DialogsInfo]</label>
					<align>left</align>
					<aligny>center</aligny>
					<textcolor>99white</textcolor>
					<shadowcolor>99000000</shadowcolor>
				</control>
				<control type="group">
					<left>410</left>
					<top>80</top>
					<visible>Container.Content(Albums)</visible>
					<!-- Genre label -->
					<control type="grouplist">
						<left>0</left>
						<top>0</top>
						<width>775</width>
						<height>30</height>
						<orientation>horizontal</orientation>
						<control type="label">
							<textcolor>white</textcolor>
							<shadowcolor>99000000</shadowcolor>
							<font>FontSize_22</font>
							<width min="10" max="705">auto</width>
							<height>30</height>
							<label>$LOCALIZE[515]: </label>
						</control>
						<control type="label">
							<textcolor>99white</textcolor>
							<shadowcolor>99000000</shadowcolor>
							<font>FontSize_22</font>
							<width min="10" max="705">auto</width>
							<height>30</height>
							<label fallback="195">$INFO[ListItem.Genre]</label>
						</control>
					</control>
					<!-- Year label -->
					<control type="grouplist">
						<left>0</left>
						<top>25</top>
						<width>775</width>
						<height>30</height>
						<orientation>horizontal</orientation>
						<control type="label">
							<textcolor>white</textcolor>
							<shadowcolor>99000000</shadowcolor>
							<font>FontSize_22</font>
							<width min="10" max="705">auto</width>
							<label>$LOCALIZE[345]: </label>
						</control>
						<control type="label">
							<textcolor>99white</textcolor>
							<shadowcolor>99000000</shadowcolor>
							<font>FontSize_22</font>
							<width min="10" max="715">auto</width>
							<height>30</height>
							<label fallback="195">$INFO[ListItem.Year]</label>
						</control>
					</control>
					<!-- Type label -->
					<control type="grouplist">
						<left>0</left>
						<top>50</top>
						<width>775</width>
						<height>30</height>
						<orientation>horizontal</orientation>
						<control type="label">
							<textcolor>white</textcolor>
							<shadowcolor>99000000</shadowcolor>
							<font>FontSize_22</font>
							<width min="10" max="715">auto</width>
							<height>30</height>
							<label>$LOCALIZE[146] </label>
						</control>
						<control type="label">
							<textcolor>99white</textcolor>
							<shadowcolor>99000000</shadowcolor>
							<font>FontSize_22</font>
							<width min="10" max="715">auto</width>
							<height>30</height>
							<label fallback="195">$INFO[ListItem.Property(Album_Type)]</label>
						</control>
					</control>					
					<!-- Music Label label -->
					<control type="grouplist">
						<left>0</left>
						<top>75</top>
						<width>775</width>
						<height>30</height>
						<orientation>horizontal</orientation>
						<control type="label">
							<textcolor>white</textcolor>
							<shadowcolor>99000000</shadowcolor>
							<font>FontSize_22</font>
							<width min="10" max="715">auto</width>
							<height>30</height>
							<label>$LOCALIZE[21899]: </label>
						</control>
						<control type="label">
							<textcolor>99white</textcolor>
							<shadowcolor>99000000</shadowcolor>
							<font>FontSize_22</font>
							<width min="10" max="715">auto</width>
							<height>30</height>
							<label fallback="195">$INFO[ListItem.Property(Album_Label)]</label>
						</control>
					</control>
					<!-- Path Label label -->
					<control type="grouplist">
						<left>0</left>
						<top>100</top>
						<width>775</width>
						<height>30</height>
						<orientation>horizontal</orientation>
						<control type="label">
							<textcolor>white</textcolor>
							<shadowcolor>99000000</shadowcolor>
							<font>FontSize_22</font>
							<width min="10" max="720">auto</width>
							<height>30</height>
							<label>$LOCALIZE[15311] </label>
						</control>
						<control type="label">
							<textcolor>99white</textcolor>
							<shadowcolor>99000000</shadowcolor>
							<font>FontSize_22</font>
							<width min="10" max="720">auto</width>
							<height>30</height>
							<haspath>true</haspath>
							<label fallback="195">$INFO[ListItem.FilenameAndPath]</label>
						</control>
					</control>
				</control>
				<control type="group">
					<left>410</left>
					<top>77</top>
					<visible>Container.Content(Artists)</visible>
					<!-- Artist Formed label -->
					<control type="grouplist">
						<left>0</left>
						<top>0</top>
						<width>775</width>
						<height>30</height>
						<orientation>horizontal</orientation>
						<control type="label">
							<textcolor>white</textcolor>
							<shadowcolor>99000000</shadowcolor>
							<font>FontSize_22</font>
							<width min="10" max="695">auto</width>
							<height>30</height>
							<label>$LOCALIZE[21894]: </label>
						</control>
						<control type="label">
							<textcolor>99white</textcolor>
							<shadowcolor>99000000</shadowcolor>
							<font>FontSize_22</font>
							<width min="10" max="695">auto</width>
							<height>30</height>
							<label fallback="195">$INFO[ListItem.Property(Artist_Formed)]</label>
						</control>
					</control>
					<!-- Years Active label -->
					<control type="grouplist">
						<left>0</left>
						<top>25</top>
						<width>775</width>
						<height>30</height>
						<orientation>horizontal</orientation>
						<control type="label">
							<textcolor>white</textcolor>
							<shadowcolor>99000000</shadowcolor>
							<font>FontSize_22</font>
							<width min="10" max="660">auto</width>
							<height>30</height>
							<label>$LOCALIZE[21898]: </label>
						</control>
						<control type="label">
							<textcolor>99white</textcolor>
							<shadowcolor>99000000</shadowcolor>
							<font>FontSize_22</font>
							<width min="10" max="660">auto</width>
							<height>30</height>
							<label fallback="195">$INFO[ListItem.Property(Artist_YearsActive)]</label>
						</control>
					</control>
					<!-- Disbanded label -->
					<control type="grouplist">
						<left>0</left>
						<top>50</top>
						<width>775</width>
						<height>30</height>
						<orientation>horizontal</orientation>
						<control type="label">
							<textcolor>white</textcolor>
							<shadowcolor>99000000</shadowcolor>
							<font>FontSize_22</font>
							<width min="10" max="670">auto</width>
							<height>30</height>
							<label>$LOCALIZE[21896]: </label>
						</control>
						<control type="label">
							<textcolor>99white</textcolor>
							<shadowcolor>99000000</shadowcolor>
							<font>FontSize_22</font>
							<width min="10" max="670">auto</width>
							<height>30</height>
							<label fallback="195">$INFO[ListItem.Property(Artist_Disbanded)]</label>
						</control>
					</control>				
					<!-- Moods label -->
					<control type="grouplist">
						<left>0</left>
						<top>75</top>
						<width>775</width>
						<height>30</height>
						<orientation>horizontal</orientation>
						<control type="label">
							<textcolor>white</textcolor>
							<shadowcolor>99000000</shadowcolor>
							<font>FontSize_22</font>
							<width min="10" max="705">auto</width>
							<label>$LOCALIZE[175]: </label>
						</control>
						<control type="label">
							<textcolor>99white</textcolor>
							<shadowcolor>99000000</shadowcolor>
							<font>FontSize_22</font>
							<width min="10" max="705">auto</width>
							<height>30</height>
							<label fallback="195">$INFO[ListItem.Property(Artist_Mood)]</label>
						</control>
					</control>
					<!-- Styles label -->
					<control type="grouplist">
						<left>0</left>
						<top>100</top>
						<width>775</width>
						<height>30</height>
						<orientation>horizontal</orientation>
						<control type="label">
							<textcolor>white</textcolor>
							<shadowcolor>99000000</shadowcolor>
							<font>FontSize_22</font>
							<width min="10" max="710">auto</width>
							<height>30</height>
							<label>$LOCALIZE[176]: </label>
						</control>
						<control type="label">
							<textcolor>99white</textcolor>
							<shadowcolor>99000000</shadowcolor>
							<font>FontSize_22</font>
							<width min="10" max="710">auto</width>
							<height>30</height>
							<label fallback="195">$INFO[ListItem.Property(Artist_Style)]</label>
						</control>
					</control>
				</control>

			</control>


			<control type="group" id="4">
				<control type="textbox">
					<description>Description Value</description>
					<left>455</left>
					<top>395</top>
					<width>775</width>
					<height>155</height>
					<font>FontSize_22</font>
					<align>justify</align>
					<textcolor>99white</textcolor>
					<shadowcolor>99000000</shadowcolor>
					<label fallback="195">$VAR[GlobalPlotDescription]</label>
					<autoscroll time="3000" delay="5000" repeat="5000">Skin.HasSetting(AutoScroll)</autoscroll>
					<animation effect="fade" start="0" end="100" time="200" reversible="false" condition="!Control.IsVisible(50)">Conditional</animation>
					<animation effect="fade" start="100" end="0" time="200" reversible="false" condition="Control.IsVisible(50)">Conditional</animation>
				</control>
			</control>

			<!-- Albums\Tracks List -->
			<control type="group">
				<left>445</left>
				<top>400</top>
				<animation effect="slide" start="0,0" end="0,-25" time="150" condition="Control.HasFocus(50) | Control.HasFocus(150)">Conditional</animation>
				<animation effect="fade" start="100" end="0" time="300" reversible="false" condition="!Control.IsVisible(50)">Conditional</animation>
				<animation effect="fade" start="0" end="100" time="300" reversible="false" condition="Control.IsVisible(50)">Conditional</animation>
				<control type="button" id="150">
					<include>TopButton</include>
					<onfocus condition="Container.Content(Artists)">SetFocus(50)</onfocus>
					<onleft condition="Container.Content(Albums)">Control.Move(50,-1)</onleft>
					<onright condition="Container.Content(Albums)">Control.Move(50,1)</onright>
					<onup>9000</onup>
					<ondown>9000</ondown>
					<onclick condition="Container.Content(Albums) + System.HasAddon(script.playalbum)">RunScript(script.playalbum,albumid=$INFO[ListItem.DBID]&amp;tracknr=$INFO[Container(50).ListItem.TrackNumber])</onclick>
				</control>
				<control type="wraplist" id="50">
					<description>Albums\Tracks</description>
					<left>0</left>
					<top>0</top>
					<width>800</width>
					<height>250</height>
					<focusposition>0</focusposition>
					<orientation>horizontal</orientation>
					<scrolltime tween="Cubic" easing="out">500</scrolltime>
					<onleft>50</onleft>
					<onright>50</onright>
					<onup>9000</onup>
					<ondown>9000</ondown>
					<itemlayout width="159" height="250">
						<control type="image">
							<left>10</left>
							<top>10</top>
							<width>140</width>
							<height>140</height>
							<aspectratio align="center" aligny="center" scalediffuse="false">stretch</aspectratio>
							<texture diffuse="thumbs/music_diffuse.png">thumbs/thumb_back.png</texture>
						</control>
						<control type="image">
							<left>10</left>
							<top>10</top>
							<width>140</width>
							<height>140</height>
							<aspectratio align="center" aligny="center" scalediffuse="false">scale</aspectratio>
							<texture fallback="DefaultMusicSongs.png" diffuse="thumbs/music_diffuse.png">$INFO[ListItem.Icon]</texture>
						</control>
						<control type="image">
							<left>5</left>
							<top>5</top>
							<width>150</width>
							<height>150</height>
							<aspectratio align="center" aligny="center" scalediffuse="false">stretch</aspectratio>
							<texture diffuse="thumbs/music_diffuse.png">thumbs/music_overlay_noglass.png</texture>
						</control>
					</itemlayout>
					<focusedlayout width="159" height="250">
						<control type="image">
							<left>10</left>
							<top>10</top>
							<width>140</width>
							<height>140</height>
							<aspectratio align="center" aligny="center" scalediffuse="false">stretch</aspectratio>
							<texture diffuse="thumbs/music_diffuse.png">thumbs/thumb_back.png</texture>
						</control>
						<control type="image">
							<left>10</left>
							<top>10</top>
							<width>140</width>
							<height>140</height>
							<aspectratio align="center" aligny="center" scalediffuse="false">scale</aspectratio>
							<texture fallback="DefaultMusicSongs.png" diffuse="thumbs/music_diffuse.png">$INFO[ListItem.Icon]</texture>
						</control>
						<control type="image">
							<left>5</left>
							<top>5</top>
							<width>150</width>
							<height>150</height>
							<aspectratio align="center" aligny="center" scalediffuse="false">stretch</aspectratio>
							<texture diffuse="thumbs/music_diffuse.png">thumbs/music_overlay_noglass.png</texture>
						</control>
						<control type="image">
							<left>-8</left>
							<top>-8</top>
							<width>176</width>
							<height>176</height>
							<aspectratio align="center" aligny="center">stretch</aspectratio>
							<texture border="30" diffuse="thumbs/music_diffuse.png">dialogs/albuminfo/focus.png</texture>
							<visible>Control.HasFocus(50) | Control.HasFocus(150)</visible>
						</control>
						<control type="group">
							<left>12</left>
							<top>150</top>
							<animation effect="fade" start="0" end="100" time="400" reversible="false" condition="Control.HasFocus(50) | Control.HasFocus(150)">Conditional</animation>
							<animation effect="fade" start="100" end="0" time="0" reversible="false" condition="![Control.HasFocus(50) | Control.HasFocus(150)]">Conditional</animation>
							<control type="label">
								<width>590</width>
								<height>40</height>
								<font>FontSize_22</font>
								<align>left</align>
								<aligny>center</aligny>
								<textcolor>blue</textcolor>
								<shadowcolor>99000000</shadowcolor>
								<scroll>false</scroll>
								<label>$INFO[ListItem.Label]$INFO[ListItem.Label2, (,) ]</label>
								<visible>Container.Content(Artists)</visible>
							</control>
							<control type="label">
								<width>590</width>
								<height>40</height>
								<font>FontSize_22</font>
								<align>left</align>
								<aligny>center</aligny>
								<textcolor>blue</textcolor>
								<shadowcolor>99000000</shadowcolor>
								<scroll>false</scroll>
								<label>$INFO[ListItem.TrackNumber]$INFO[ListItem.Label,. ]$INFO[ListItem.Duration, (,) ]</label>
								<visible>IntegerGreaterThan(ListItem.TrackNumber,9) + Container.Content(Albums)</visible>
							</control>
							<control type="label">
								<width>590</width>
								<height>40</height>
								<font>FontSize_22</font>
								<align>left</align>
								<aligny>center</aligny>
								<textcolor>blue</textcolor>
								<shadowcolor>99000000</shadowcolor>
								<scroll>false</scroll>
								<label>0$INFO[ListItem.TrackNumber]$INFO[ListItem.Label,. ]$INFO[ListItem.Duration, (,) ]</label>
								<visible>!IntegerGreaterThan(ListItem.TrackNumber,9) + Container.Content(Albums)</visible>
							</control>
						</control>
						<control type="button">
							<include>TopButton</include>
							<onfocus condition="Container.Content(Albums)">SetFocus(150)</onfocus>
						</control>
					</focusedlayout>
				</control>
			</control>
		</control>



		<!-- ================== -->
		<!-- Top Buttons Labels -->
		<!-- ================== -->    
		<control type="group">
			<left>45</left>
			<top>25</top>
			<animation type="WindowOpen" reversible="false">
				<effect type="fade" start="0" end="100" time="300" tween="sine" easing="in"  />
				<effect type="slide" start="0,-55" end="0,0" time="350" tween="cubic" easing="out" />
			</animation>
			<animation type="WindowClose" condition="!Window.IsActive(shutdownmenu)" reversible="false">
				<effect type="fade" start="100" end="0" time="300" tween="sine" easing="out" />
				<effect type="slide" start="0,0" end="0,-55" time="350" tween="sine" easing="out" />
			</animation>
			<animation type="WindowClose" condition="Window.IsActive(shutdownmenu)" reversible="false">
				<effect type="fade" start="100" end="0" time="300" tween="sine" easing="out" />
				<effect type="slide" start="0,0" end="0,55" time="350" tween="sine" easing="out" />
			</animation>
			<!-- Buttons -->
			<control type="grouplist" id="9000">
				<left>0</left>
				<top>0</top>
				<width>0</width>
				<height>0</height>
				<itemgap>0</itemgap>
				<align>left</align>
				<orientation>horizontal</orientation>
				<onleft>9000</onleft>
				<onright>9000</onright>
				<ondown>50</ondown>
				<control type="button" id="15">
					<description>Play Album</description>
					<include>TopButton</include>
					<label>208</label>
					<onclick>RunScript(script.playalbum,albumid=$INFO[ListItem.DBID])</onclick>
					<visible>[System.HasAddon(script.playalbum) + Container.Content(Albums)]</visible>
				</control>
				<control type="button" id="5">
					<description>Albums/Biography/Tracks/Review</description>
					<include>TopButton</include>
					<label>-</label>
				</control>
				<control type="button" id="10">
					<description>Get Thumb</description>
					<include>TopButton</include>
					<label>13405</label>
				</control>
				<control type="button" id="12">
					<description>Get Fanart</description>
					<include>TopButton</include>
					<label>20413</label>
				</control>
				<control type="button" id="14">
					<description>Library Editor</description>
					<label>31125</label>
					<include>TopButton</include>
					<onclick>RunScript(script.libraryeditor,DBID=$INFO[ListItem.DBID])</onclick>
					<visible>[Container.Content(artists) | Container.Content(albums) | Container.Content(songs)] + System.HasAddon(script.libraryeditor)</visible>
				</control>
				<control type="button" id="6">
					<description>Refresh</description>
					<include>TopButton</include>
					<label>184</label>
				</control>
				<control type="button" id="16">
					<description>Search YouTube</description>
					<label>31254</label>
					<include>TopButton</include>
					<include>OnClickDialogsClose</include>
					<onclick>ActivateWindow(videos,plugin://plugin.video.youtube/kodion/search/query/?q=$INFO[ListItem.Label],return)</onclick>
					<visible>Container.Content(artists)</visible>
				</control>
			</control>
			<!-- Labels -->
			<control type="grouplist">
				<animation type="Visible" reversible="false">
					<effect type="fade" start="0" end="100" time="300" tween="sine" easing="out"  />
					<effect type="slide" start="0,35" end="0,0" time="350" tween="sine" easing="out" />
				</animation>
				<animation type="Hidden" reversible="false">
					<effect type="fade" start="100" end="0" time="300" tween="sine" easing="out" />
					<effect type="slide" start="0,0" end="0,35" time="350" tween="sine" easing="out" />
				</animation>			
				<left>0</left>
				<top>0</top>
				<height>70</height>
				<width>1190</width>
				<itemgap>15</itemgap>
				<align>left</align>
				<orientation>horizontal</orientation>
				<control type="label">
					<include>TopBigLabel</include>
					<label>$LOCALIZE[544]:</label>
				</control>
				<control type="label">
					<description>Play Album</description>
					<include>TopSmallLabel</include>
					<label>$INFO[Control.GetLabel(15)]</label>
					<animation effect="fade" start="100" end="70" time="200" tween="cubic" easing="inout" condition="!Control.HasFocus(15)" reversible="true">Conditional</animation>
					<animation effect="zoom" start="100" end="90" time="200" tween="cubic" easing="inout" center="auto" condition="!Control.HasFocus(15)" reversible="true">Conditional</animation>
					<visible>Container.Content(Albums) + System.HasAddon(script.playalbum)</visible>
				</control>
				<control type="label">
					<description>Albums/Biography/Tracks/Review</description>
					<include>TopSmallLabel</include>
					<label>$INFO[Control.GetLabel(5)]</label>
					<animation effect="fade" start="100" end="60" time="200" tween="cubic" easing="inout" condition="!Control.IsEnabled(5)" reversible="true">Conditional</animation>
					<animation effect="fade" start="100" end="70" time="200" tween="cubic" easing="inout" condition="!Control.HasFocus(5)" reversible="true">Conditional</animation>
					<animation effect="zoom" start="100" end="90" time="200" tween="cubic" easing="inout" center="auto" condition="!Control.HasFocus(5)" reversible="true">Conditional</animation>
				</control>
				<control type="label">
					<description>Get Thumb</description>
					<include>TopSmallLabel</include>
					<label>$INFO[Control.GetLabel(10)]</label>
					<animation effect="fade" start="100" end="60" time="200" tween="cubic" easing="inout" condition="!Control.IsEnabled(10)" reversible="true">Conditional</animation>
					<animation effect="fade" start="100" end="70" time="200" tween="cubic" easing="inout" condition="!Control.HasFocus(10)" reversible="true">Conditional</animation>
					<animation effect="zoom"  start="100" end="90" time="200" tween="cubic" easing="inout" center="auto" condition="!Control.HasFocus(10)" reversible="true">Conditional</animation>
				</control>
				<control type="label">
					<description>Get Fanart</description>
					<include>TopSmallLabel</include>
					<label>$INFO[Control.GetLabel(12)]</label>
					<animation effect="fade" start="100" end="60" time="200" tween="cubic" easing="inout" condition="!Control.IsEnabled(12)" reversible="true">Conditional</animation>
					<animation effect="fade" start="100" end="70" time="200" tween="cubic" easing="inout" condition="!Control.HasFocus(12)" reversible="true">Conditional</animation>
					<animation effect="zoom"  start="100" end="90" time="200" tween="cubic" easing="inout" center="auto" condition="!Control.HasFocus(12)" reversible="true">Conditional</animation>
				</control>
				<control type="label">
					<description>Library Editor</description>
					<include>TopSmallLabel</include>
					<label>$INFO[Control.GetLabel(14)]</label>
					<animation effect="fade" start="100" end="70" time="200" tween="cubic" easing="inout" condition="!Control.HasFocus(14)" reversible="true">Conditional</animation>
					<animation effect="zoom"  start="100" end="90" time="200" tween="cubic" easing="inout" center="auto" condition="!Control.HasFocus(14)" reversible="true">Conditional</animation>
					<visible>[Container.Content(artists) | Container.Content(albums)] + System.HasAddon(script.libraryeditor)</visible>
				</control>
				<control type="label">
					<description>Refresh</description>
					<include>TopSmallLabel</include>
					<label>$INFO[Control.GetLabel(6)]</label>
					<animation effect="fade" start="100" end="60" time="200" tween="cubic" easing="inout" condition="!Control.IsEnabled(6)" reversible="true">Conditional</animation>
					<animation effect="fade" start="100" end="70" time="200" tween="cubic" easing="inout" condition="!Control.HasFocus(6)" reversible="true">Conditional</animation>
					<animation effect="zoom"  start="100" end="90" time="200" tween="cubic" easing="inout" center="auto" condition="!Control.HasFocus(6)" reversible="true">Conditional</animation>
				</control>
				<control type="label">
					<description>Search YouTube</description>
					<include>TopSmallLabel</include>
					<label>$INFO[Control.GetLabel(16)]</label>
					<animation effect="fade" start="100" end="70" time="200" tween="cubic" easing="inout" condition="!Control.HasFocus(16)" reversible="true">Conditional</animation>
					<animation effect="zoom"  start="100" end="90" time="200" tween="cubic" easing="inout" center="auto" condition="!Control.HasFocus(16)" reversible="true">Conditional</animation>
					<visible>Container.Content(artists)</visible>
				</control>
			</control>
		</control>

		<!-- ================ -->
		<!-- Top Content Info -->
		<!-- ================ -->
		<control type="group">
			<left>47</left>
			<top>70</top>
			<include>TopOptionsSlideAnimations</include>
			<control type="label">
				<width>300</width>
				<height>20</height>
				<font>FontSize_18</font>
				<textcolor>blue</textcolor>
				<scroll>false</scroll>
				<align>left</align>
				<aligny>center</aligny>
				<label>132</label>
				<visible>Container.Content(Albums)</visible>
			</control>
			<control type="label">
				<width>300</width>
				<height>20</height>
				<font>FontSize_18</font>
				<textcolor>blue</textcolor>
				<scroll>false</scroll>
				<align>left</align>
				<aligny>center</aligny>
				<label>133</label>
				<visible>Container.Content(Artists)</visible>
			</control>
		</control>



	</controls>
</window>