<?xml version="1.0" encoding="UTF-8"?>
<window  id="151">
	<defaultcontrol></defaultcontrol>
	<onload condition="!IsEmpty(Window.Property(UpdateInProgress))">ClearProperty(UpdateInProgress)</onload>
	<onload condition="Library.IsScanningVideo">SetProperty(UpdateInProgress,1)</onload>
	<onunload condition="!IsEmpty(Window.Property(UpdateInProgress)) + Skin.HasSetting(AutoUpdateArt)">XBMC.RunScript(script.artwork.downloader,silent=true)</onunload>
	<onunload condition="!IsEmpty(Window.Property(UpdateInProgress)) + StringCompare(Skin.String(AutoUpdateRatings),top250)">RunScript(script.imdbupdate,top250,hidden)</onunload>	
	<onunload condition="!IsEmpty(Window.Property(UpdateInProgress)) + StringCompare(Skin.String(AutoUpdateRatings),ratings)">RunScript(script.imdbupdate,movies,hidden)</onunload>	
	<onunload condition="!IsEmpty(Window.Property(UpdateInProgress)) + StringCompare(Skin.String(AutoUpdateRatings),mpaa)">RunScript(script.imdbupdate,mpaa,hidden)</onunload>	
	<onunload condition="!IsEmpty(Window.Property(UpdateInProgress)) + StringCompare(Skin.String(AutoUpdateRatings),all)">RunScript(script.imdbupdate,movies|top250|mpaa,hidden)</onunload>	
	<onunload condition="!IsEmpty(Window.Property(UpdateInProgress)) + StringCompare(Skin.String(AutoUpdateRatings),onlymovies)">RunScript(script.imdbupdate,movies|top250,hidden)</onunload>	
	<onunload condition="!IsEmpty(Window.Property(UpdateInProgress))">ClearProperty(UpdateInProgress)</onunload>
	<controls>
		<control type="group">
			<left>45</left>
			<top>640</top>
			<include>NowPlaying</include>
			<include>KaiToastSlideAnimations</include>
			<visible>!SubString(Player.Filenameandpath,extras/intro/intro.mp4) + !SubString(Player.Filenameandpath,extras\intro\intro.mp4) + !Window.IsActive(ShutdownMenu) + !Window.IsVisible(startup)</visible>
			<animation effect="slide" start="0,0" end="0,150" time="260" tween="sine" easing="inout" condition="[Window.IsActive(Favourites) + Window.IsActive(ContextMenu)]">Conditional</animation>
			<animation type="Conditional" reversible="false" condition="![Window.IsActive(fullscreenvideo) | Window.IsActive(visualisation)]">
				<effect type="fade" start="0" end="100" time="400" delay="250" tween="sine" easing="in"  />
				<effect type="slide" start="0,55" end="0,0" time="450" delay="250" tween="cubic" easing="out" />
			</animation>
			<animation type="Conditional" reversible="false" condition="Window.IsActive(fullscreenvideo) | Window.IsActive(visualisation)">
				<effect type="fade" start="100" end="0"/>
			</animation>
			<control type="grouplist">
				<left>0</left>
				<top>0</top>
				<height>60</height>
				<width>1195</width>
				<align>right</align>
				<aligny>center</aligny>
				<itemgap>5</itemgap>
				<orientation>horizontal</orientation>
				<control type="group">
					<width>840</width>
					<control type="label" id="30">
						<top>0</top>
						<description>Header Label</description>
						<height>33</height>
						<width>840</width>
						<font>NotificationsFont</font>
						<textcolor>white</textcolor>
						<shadowcolor>77000000</shadowcolor>
						<align>right</align>
						<aligny>center</aligny>
						<scroll>false</scroll>
					</control>
					<control type="label" id="31">
						<description>Title Label</description>
						<top>20</top>
						<height>35</height>
						<width>840</width>
						<font>NotificationsFont</font>
						<textcolor>99white</textcolor>
						<shadowcolor>77000000</shadowcolor>
						<align>right</align>
						<aligny>center</aligny>
						<scroll>false</scroll>
					</control>
				</control>
				<control type="label" id="1">
					<height>53</height>
					<width min="10" max="200">auto</width>
					<font>FontSize_50</font>
					<textcolor>white</textcolor>
					<shadowcolor>77000000</shadowcolor>
					<align>left</align>
					<aligny>center</aligny>
					<scroll>false</scroll>
					<label>$INFO[Control.GetLabel(32),,%]</label>
				</control>
				<control type="progress" id="32">
					<description>progress control</description>
					<texturebg>-</texturebg>
					<lefttexture>-</lefttexture>
					<midtexture>-</midtexture>
					<righttexture>-</righttexture>
					<overlaytexture>-</overlaytexture>
					<visible>false</visible>
				</control>
			</control>
		</control>
	</controls>
</window>
