<?xml version="1.0" encoding="UTF-8"?>
<window  id="132">
	<defaultcontrol always="true">20</defaultcontrol>
	<controls>
		<control type="group">
	    <include>DialogAnimation</include>
		  <visible>!Window.IsActive(AddonSettings)</visible>
  	  <control type="image">
  			<left>346</left>
  			<top>105</top>
  		  <width>589</width>
  		  <height>57</height>
  		  <colordiffuse>blue</colordiffuse>
  		  <texture background="true" border="9">dialogs/other/header.png</texture>
  	  </control>
  	  <control type="image">
  			<left>346</left>
  			<top>159</top>
  		  <width>589</width>
  		  <height>443</height>
  		  <texture background="true" border="39,19,39,19">dialogs/other/body.png</texture>
  	  </control>
  		<control type="image">
  			<left>348</left>
  			<top>158</top>
  			<width>585</width>
  			<height>4</height>
  			<aspectratio>stretch</aspectratio>
  			<texture background="true">dialogs/other/header_line.png</texture>
  		</control>
			<control type="image">
				<description>background image</description>
				<include>FullscreenDimensions</include>
				<texture background="true">dialogs/other/bg_contentsettings.png</texture>
			</control>
  		<control type="label">
  			<description>header label</description>
				<left>360</left>
				<top>119</top>
				<width>550</width>
  	    <include>DialogsHeaderLabel</include>
        <label>$LOCALIZE[20333]</label>
  		</control>

		  <control type="group" id="10010">
  			<control type="spincontrolex" id="20">
  				<description>Content Picker</description>
  				<left>363</left>
  				<top>176</top>
  				<width>555</width>
  				<onup>5</onup>
  				<ondown>21</ondown>
  				<onleft>3</onleft>
  				<onright>10000</onright>
  				<label>20344</label>
  	      <include>DialogsSpincontrolex</include>
  			</control>
  			<control type="image">
  				<description>Used Scraper Image</description>
  				<left>362</left>
  				<top>226</top>
  				<width>150</width>
  				<height>151</height>
  				<aspectratio>stretch</aspectratio>
  				<texture>$INFO[ListItem.Icon]</texture>
  				<bordersize>6</bordersize>
  			</control>
  			<control type="list" id="21">
  				<left>515</left>
  				<top>227</top>
  				<width>403</width>
  				<height>153</height>
  				<onup>20</onup>
  				<onleft>21</onleft>
  				<onright>10000</onright>
  				<ondown>5</ondown>
  				<pagecontrol>60</pagecontrol>
  				<scrolltime>200</scrolltime>
  				<itemlayout height="51" width="552">
  					<control type="image">
  						<left>1</left>
  						<top>1</top>
  						<width>45</width>
  						<height>45</height>
  						<texture>$INFO[Listitem.Icon]</texture>
  						<bordertexture border="6">thumbs/thumb_border.png</bordertexture>
  						<bordersize>6</bordersize>
  					</control>
  					<control type="label">
  						<left>50</left>
  						<top>0</top>
  						<width>350</width>
  						<height>47</height>
  						<font>FontSize_20</font>
  						<align>left</align>
  						<aligny>center</aligny>
  						<textcolor>77white</textcolor>
  						<selectedcolor>selected</selectedcolor>
  						<info>ListItem.Label</info>
  					</control>
  				</itemlayout>
  				<focusedlayout height="51" width="552">
  					<control type="image">
  						<left>0</left>
  						<top>0</top>
  						<width>403</width>
  						<height>47</height>
  						<texture>buttons/focus.png</texture>
  						<visible>Control.HasFocus(21)</visible>
  					</control>
  					<control type="image">
  						<left>1</left>
  						<top>1</top>
  						<width>45</width>
  						<height>45</height>
  						<texture>$INFO[Listitem.Icon]</texture>
  						<bordertexture border="6">thumbs/thumb_border.png</bordertexture>
  						<bordersize>6</bordersize>
  					</control>
  					<control type="label">
  						<left>50</left>
  						<top>0</top>
  						<width>350</width>
  						<height>47</height>
  						<font>FontSize_20</font>
  						<align>left</align>
  						<aligny>center</aligny>
  						<textcolor>white</textcolor>
  						<selectedcolor>selected</selectedcolor>
  						<info>ListItem.Label</info>
  					</control>
  				</focusedlayout>
  			</control>
  			<control type="grouplist" id="5">
  				<description>control area</description>
  				<left>364</left>
  				<top>380</top>
  				<width>555</width>
  				<height>200</height>
  				<itemgap>4</itemgap>
  				<onup>21</onup>
  				<ondown>20</ondown>
  				<onleft>5</onleft>
  				<onright>10000</onright>
  			</control>
  			<control type="button" id="7">
  				<description>Default Button</description>
  	      <include>DialogsButton</include>
  			</control>
  			<control type="radiobutton" id="8">
  				<description>Default RadioButton</description>
  	      <include>DialogsRadioButton</include>
  			</control>
			</control>

      <!-- Control Buttons -->
  	  <control type="group" id="10000">
  			<left>940</left>
  			<top>556</top>
    		<control type="button" id="28">
  				<description>Save</description>
      		<width>150</width>
  	      <include>DialogsButtonsText</include>
      		<texturefocus border="49,0,49,0">dialogs/buttons/save_focus.png</texturefocus>
      		<texturenofocus border="49,0,49,0">dialogs/buttons/save_nofocus.png</texturenofocus>
    			<onleft>10010</onleft>
    			<onright>10010</onright>
    			<onup>29</onup>
    			<ondown>22</ondown>
  				<label>$LOCALIZE[190]</label>
    		</control>
    		<control type="button" id="29">
  				<description>Cancel</description>
    			<top>-50</top>
      		<width>150</width>
  	      <include>DialogsButtonsText</include>
      		<texturefocus border="49,0,49,0">dialogs/buttons/cancel_focus.png</texturefocus>
      		<texturenofocus border="49,0,49,0">dialogs/buttons/cancel_nofocus.png</texturenofocus>
    			<onleft>10010</onleft>
    			<onright>10010</onright>
    			<onup>22</onup>
    			<ondown>28</ondown>
  				<label>$LOCALIZE[222]</label>
    		</control>
    		<control type="button" id="22">
  				<description>Settings</description>
    			<top>-100</top>
      		<width>150</width>
  	      <include>DialogsButtonsText</include>
      		<texturefocus border="49,0,49,0">dialogs/buttons/settings_focus.png</texturefocus>
      		<texturenofocus border="49,0,49,0">dialogs/buttons/settings_nofocus.png</texturenofocus>
    			<onleft>10010</onleft>
    			<onright>10010</onright>
    			<onup>28</onup>
    			<ondown>29</ondown>
  				<label>$LOCALIZE[5]</label>
    		</control>
  	  </control>

		</control>
	</controls>
</window>
