<?xml version="1.0" encoding="UTF-8"?>
<window  id="140">
 <defaultcontrol always="true">9</defaultcontrol>
 <controls>

	<control type="group">
	 <animation type="WindowOpen" condition="Window.IsVisible(contentsettings) | Window.IsVisible(okdialog) | Window.IsVisible(progressdialog) | Window.IsVisible(1112) | Window.IsVisible(SubtitleSearch)" reversible="false">
		<effect type="fade" start="0" end="100" time="0" delay="300" />
	 </animation>

	 <control type="group">
		<visible>!Window.IsActive(virtualkeyboard) + !Window.IsActive(textviewer) + !Window.IsActive(okdialog) + !Window.IsActive(progressdialog) + !Window.IsActive(filebrowser) + !Window.IsActive(sliderdialog) + !Window.IsActive(selectdialog) + !Window.IsActive(DialogSelect.xml)</visible>
	  <include>DialogAnimation</include>
		<control type="image">
			<include>FullscreenDimensions</include>
		  <texture background="true">windows/settings/bg_addon_settings.png</texture>
			<visible>!Window.IsVisible(MusicOSD) + !Window.IsVisible(SubtitleSearch)</visible>
		</control>
		<control type="image">
			<include>FullscreenDimensions</include>
		  <texture background="true">windows/settings/bg_addon_settings.png</texture>
			<visible>Window.IsVisible(MusicOSD) | Window.IsVisible(SubtitleSearch)</visible>
			<colordiffuse>FAFFFFFF</colordiffuse>
		</control>		

		<control type="label"  id="20">
			<description>header label</description>
			<left>200</left>
			<top>143</top>
			<width>880</width>
			<height>50</height>
			<font>FontSize_36</font>
			<label>-</label>
			<align>center</align>
			<aligny>center</aligny>
			<textcolor>white</textcolor>
			<shadowcolor>99000000</shadowcolor>
			<scroll>true</scroll>
			<scrollspeed>20</scrollspeed>
		</control>
			
	  <control type="group" id="9000">
		 <top>196</top>
	   <control type="group">
			<left>200</left>
			<control type="grouplist" id="9">
				<description>category area</description>
				<left>0</left>
				<top>0</top>
				<width>252</width>
				<height>362</height>
				<itemgap>2</itemgap>
				<onleft>10000</onleft>
				<onright>2</onright>
				<onup>9</onup>
				<ondown>10000</ondown>
			</control>
			<control type="button" id="13">
				<description>default category button</description>
				<width>252</width>
				<height>50</height>
				<font>FontSize_20</font>
				<textcolor>77white</textcolor>
				<focusedcolor>white</focusedcolor>
			  <disabledcolor>33white</disabledcolor>
				<texturefocus>buttons/catbullet_fo_small.png</texturefocus>
				<texturenofocus>buttons/catbullet_nf_small.png</texturenofocus>
				<align>left</align>
				<aligny>center</aligny>
			  <textwidth>240</textwidth>
				<textoffsetx>40</textoffsetx>
				<pulseonselect>false</pulseonselect>			
			</control>
		 </control>

	   <control type="group">
			<left>455</left>
			<control type="grouplist" id="2">
				<description>control area</description>
				<left>0</left>
				<top>0</top>
				<width>625</width>
				<height>362</height>
				<itemgap>2</itemgap>
				<onup>2</onup>
				<ondown>2</ondown>
				<onleft>9</onleft>
				<onright>10000</onright>
			</control>
			<control type="button" id="3">
				<description>Default Button</description>
		    <include>SettingsButton</include>
			</control>
			<control type="radiobutton" id="4">
				<description>Default RadioButton</description>
				<radioposx>558</radioposx>
				<textwidth>558</textwidth>
		    <include>SettingsRadioButton</include>
			</control>
			<control type="spincontrolex" id="5">
				<description>Default spincontrolex</description>
				<textwidth>400</textwidth>
		    <include>SettingsSpincontrolex</include>
			</control>
			<control type="sliderex" id="8">
				<description>Default Slider</description>
					<textwidth>400</textwidth>
    			<sliderwidth>150</sliderwidth>
    			<sliderheight>20</sliderheight>
		    <include>SettingsSliderex</include>
			</control>
			<control type="label" id="7">
			  <width>565</width>
				<height>50</height>
			  <font>FontSize_20</font>
				<label>-</label>
				<textcolor>white</textcolor>
				<align>left</align>
				<aligny>center</aligny>
    	  <textoffsetx>12</textoffsetx>
			</control>
			<control type="image" id="6">
				<description>Default Seperator</description>
				<height>0</height>
				<texture>-</texture>
        <visible>false</visible>				
			</control>
	   </control>
	  </control>


	  <control type="group" id="10000">
			<left>220</left>
			<top>552</top>
      <!-- Buttons -->
			<control type="grouplist" id="10001">
				<left>0</left>
				<top>0</top>
				<width>0</width>
				<height>0</height>
				<itemgap>0</itemgap>
				<align>left</align>
				<orientation>horizontal</orientation>
				<onleft>10001</onleft>
				<onright>10001</onright>
				<onup>9000</onup>
				<ondown>9000</ondown>
				<control type="button" id="10">
					<description>Save</description>
				  <label>-</label>
				  <include>TopButton</include>
				</control>
				<control type="button" id="11">
					<description>Cancel</description>
				  <label>-</label>
				  <include>TopButton</include>
				</control>
				<control type="button" id="12">
					<description>Defaults</description>
				  <label>-</label>
				  <include>TopButton</include>
				</control>
			</control>
      <!-- Buttons Labels -->
			<control type="grouplist">
				<left>0</left>
				<top>0</top>
				<height>70</height>
				<width>552</width>
				<itemgap>25</itemgap>
				<align>left</align>
				<orientation>horizontal</orientation>
				<control type="label">
					<description>Save Label</description>
					<height>62</height>
					<width min="10" max="552">auto</width>
					<font>FontSize_20</font>
					<textcolor>white</textcolor>
					<shadowcolor>99000000</shadowcolor>
			    <align>left</align>
			    <aligny>center</aligny>
					<scroll>false</scroll>
          <label>․  $LOCALIZE[190]</label>
					<animation effect="fade" start="100" end="30" time="200" tween="sine" easing="inout" condition="!Control.HasFocus(10)" reversible="true">Conditional</animation>
          <animation effect="zoom" start="100" end="95" time="200" tween="sine" easing="inout" center="15,0" condition="!Control.HasFocus(10)" reversible="true">Conditional</animation>
				</control>
				<control type="label">
					<description>Cancel Label</description>
					<height>62</height>
					<width min="10" max="552">auto</width>
					<font>FontSize_20</font>
					<textcolor>white</textcolor>
					<shadowcolor>99000000</shadowcolor>
			    <align>left</align>
			    <aligny>center</aligny>
					<scroll>false</scroll>
          <label>․  $LOCALIZE[222]</label>
					<animation effect="fade" start="100" end="30" time="200" tween="sine" easing="inout" condition="!Control.HasFocus(11)" reversible="true">Conditional</animation>
          <animation effect="zoom" start="100" end="95" time="200" tween="sine" easing="inout" center="15,0" condition="!Control.HasFocus(11)" reversible="true">Conditional</animation>
				</control>
				<control type="label">
					<description>Defaults Label</description>
					<height>62</height>
					<width min="10" max="552">auto</width>
					<font>FontSize_20</font>
					<textcolor>white</textcolor>
					<shadowcolor>99000000</shadowcolor>
			    <align>left</align>
			    <aligny>center</aligny>
					<scroll>false</scroll>
          <label>․  $LOCALIZE[409]</label>
					<animation effect="fade" start="100" end="30" time="200" tween="sine" easing="inout" condition="!Control.HasFocus(12)" reversible="true">Conditional</animation>
          <animation effect="zoom" start="100" end="95" time="200" tween="sine" easing="inout" center="15,0" condition="!Control.HasFocus(12)" reversible="true">Conditional</animation>
				</control>
			</control>
	  </control>
	 </control>
  </control>
 </controls>
</window>
