<?xml version="1.0" encoding="UTF-8"?>
<includes> 

	<!-- ============================= -->
	<!-- ========= TOP INFO ========== -->
	<!-- ============================= -->
	<include name="WeatherTopInfo">			
		<control type="group">
			<include>Window_OpenClose_Animation</include>
			<include>DialogZoomInOutAnimation</include>

			<control type="group">
				<include>Window_OpenClose_Animation</include>
				<visible>Weather.IsFetched + !SubString(Window(Weather).Property(Current.ConditionIcon),na) + ![IsEmpty(Window(Weather).Property(Current.Condition)) | IsEmpty(Window(Weather).Property(Location))]</visible>
				<!-- Top Info Left -->
				<control type="group">
					<top>65</top>
					<control type="image">
						<description>current weather icon</description>
						<left>230</left>
						<top>10</top>
						<height>190</height>
						<width>190</width>
						<texture>$INFO[Window.Property(Current.ConditionIcon)]</texture>
					</control>
					<!-- *Disabled* -->
					<control type="multiimage.">
						<description>current weather icon</description>
						<left>230</left>
						<top>10</top>
						<height>190</height>
						<width>190</width>
						<imagepath>special://skin/extras/animations/weather/$INFO[Window.Property(Current.FanartCode)]</imagepath>					
						<timeperimage>100</timeperimage>
						<randomize>false</randomize>
						<fadetime>0</fadetime>
						<visible>Skin.HasSetting(weatherwindowanimated)</visible>
					</control>
					<control type="grouplist">
						<left>37</left>
						<top>35</top>
						<width>1000</width>
						<height>150</height>
						<itemgap>0</itemgap>
						<align>left</align>
						<orientation>horizontal</orientation>
						<control type="label">
							<description>big current temp value</description>
							<height>130</height>
							<width min="10" max="500">auto</width>
							<font>FontSize_140</font>
							<align>left</align>
							<aligny>center</aligny>
							<label>$INFO[Window.Property(Current.Temperature)]</label>
							<textcolor>white</textcolor>
							<shadowcolor>99000000</shadowcolor>
						</control>
						<control type="label">
							<description>temperature units value</description>
							<height>55</height>
							<width min="10" max="500">auto</width>
							<font>FontSize_40</font>
							<align>left</align>
							<aligny>center</aligny>
							<label>$INFO[System.TemperatureUnits]</label>
							<textcolor>white</textcolor>
							<shadowcolor>99000000</shadowcolor>
						</control>
					</control>
					<control type="grouplist">
						<left>43</left>
						<top>165</top>
						<width>1000</width>
						<height>50</height>
						<itemgap>15</itemgap>
						<align>left</align>
						<orientation>horizontal</orientation>
						<control type="label">
							<description>current condition</description>
							<height>40</height>
							<width min="10" max="500">auto</width>
							<font>FontSize_40</font>
							<align>left</align>
							<aligny>center</aligny>
							<label>$INFO[Window.Property(Current.Condition)]</label>
							<textcolor>white</textcolor>
							<shadowcolor>99000000</shadowcolor>
						</control>
						<control type="label">
							<description>Feels Like</description>
							<height>55</height>
							<width min="10" max="500">auto</width>
							<font>FontSize_22</font>
							<align>left</align>
							<aligny>center</aligny>
							<label>$INFO[Window.Property(Current.FeelsLike),[COLOR=ddC6C6C8]$LOCALIZE[402]:[/COLOR] ]$INFO[System.TemperatureUnits], $INFO[Window.Property(Current.Humidity),[COLOR=ddC6C6C8]$LOCALIZE[406]:[/COLOR] ]</label>
							<textcolor>ffffffff</textcolor>
							<shadowcolor>ff0d0d0d</shadowcolor>
						</control>
					</control>
				</control>
				<!-- Day/Date/Year Right -->	
				<control type="group">
					<left>748</left>
					<top>10</top>
					<control type="label">
						<description>Date</description>
						<left>98</left>
						<top>110</top>
						<width>365</width>
						<height>50</height>
						<font>FontSize_85</font>
						<align>right</align>
						<aligny>center</aligny>
						<label>$INFO[System.Date(dd)]</label>
						<textcolor>white</textcolor>
						<shadowcolor>ff0d0d0d</shadowcolor>
					</control>
					<control type="label">
						<description>Year</description>
						<left>420</left>
						<top>140</top>
						<width>100</width>
						<height>30</height>
						<font>FontSize_28</font>
						<textcolor>white</textcolor>
						<align>right</align>
						<aligny>top</aligny>
						<label>$INFO[System.Date(yyyy)]</label>
						<animation effect="rotate" start="0" end="90" center="auto" time="0">WindowOpen</animation>
						<animation effect="rotate" start="0" end="90" center="auto" time="0">WindowClose</animation>
						<shadowcolor>ff0d0d0d</shadowcolor>
					</control>
					<control type="label">
						<description>Weekday</description>
						<left>18</left>
						<top>105</top>
						<width>350</width>
						<height>30</height>
						<font>FontSize_34</font>
						<textcolor>white</textcolor>
						<align>right</align>
						<aligny>center</aligny>
						<label>$INFO[System.Date(DDD)]</label>
						<shadowcolor>ff0d0d0d</shadowcolor>
					</control>
					<control type="label">
						<description>Month</description>
						<left>18</left>
						<top>139</top>
						<width>350</width>
						<height>30</height>
						<font>FontSize_34</font>
						<textcolor>white</textcolor>
						<align>right</align>
						<aligny>center</aligny>
						<label>$INFO[System.Date(MMM)]</label>
						<shadowcolor>ff0d0d0d</shadowcolor>
					</control>
				</control>
				<!-- Sunrise/Sunset/Provider Right -->	
				<control type="group">
					<left>856</left>
					<top>195</top>
					<control type="label">
						<description>Sunrise-Sunset</description>
						<left>-100</left>
						<top>0</top>
						<width>480</width>
						<height>30</height>
						<font>FontSize_20</font>
						<textcolor>white</textcolor>
						<align>right</align>
						<aligny>center</aligny>
						<scroll>false</scroll>
						<label>$INFO[Window.Property(Today.Sunrise),[COLOR=ddC6C6C8]$LOCALIZE[33027]: [/COLOR]],  $INFO[Window.Property(Today.Sunset),[COLOR=ddC6C6C8]$LOCALIZE[33028]: [/COLOR]]</label>
						<visible>!IsEmpty(Window.Property(Today.Sunrise)) + !IsEmpty(Window.Property(Today.Sunset))</visible>
						<shadowcolor>ff0d0d0d</shadowcolor>
					</control>
					<control type="label">
						<description>last update</description>
						<left>0</left>
						<top>23</top>
						<width>380</width>
						<height>30</height>
						<font>FontSize_20</font>
						<textcolor>white</textcolor>
						<align>right</align>
						<aligny>center</aligny>
						<scroll>false</scroll>
						<label>$INFO[Window.Property(Updated),[COLOR=ddC6C6C8]$LOCALIZE[31229]: [/COLOR]]</label>
						<shadowcolor>ff0d0d0d</shadowcolor>
					</control>
					<!-- Current Weather Provider -->	
					<control type="label">
						<description>current provider</description>
						<left>0</left>
						<top>46</top>
						<width>380</width>
						<height>30</height>
						<font>FontSize_20</font>
						<textcolor>white</textcolor>
						<align>right</align>
						<aligny>center</aligny>
						<scroll>false</scroll>
						<label>$INFO[Window.Property(WeatherProvider),[COLOR=ddC6C6C8]$LOCALIZE[31230]: [/COLOR]]</label>
						<shadowcolor>ff0d0d0d</shadowcolor>
					</control>
				</control>
			</control>
		</control>
	</include>


	<!-- ================================================================ -->
	<!-- ================== DEFAULT WEATHER ADDON ======================= -->
	<!-- ================================================================ -->
	<include name="WeatherDefault">
		<control type="group">
			<include>Window_OpenClose_Animation</include>
			<include>DialogZoomInOutAnimation</include>
			<control type="group" id="50">
				<visible>Weather.IsFetched + !SubString(Window(Weather).Property(Current.ConditionIcon),na) + ![IsEmpty(Window(Weather).Property(Current.Condition)) | IsEmpty(Window(Weather).Property(Location))]</visible>
				<include>Window_OpenClose_Animation</include>
				<control type="list" id="52">
					<left>40</left>
					<top>280</top>
					<width>1200</width>
					<height>335</height>
					<onleft>52</onleft>
					<onright>52</onright>
					<onup condition="!SubString(Window(Weather).Property(Current.ConditionIcon),na)">9111</onup>
					<ondown>noop</ondown>
					<itemgap>3</itemgap>
					<preloaditems>4</preloaditems>
					<orientation>horizontal</orientation>
					<viewtype label="535">list</viewtype>
					<scrolltime tween="cubic" easing="out">350</scrolltime>
					<itemlayout height="325" width="300">
						<control type="image">
							<left>4</left>
							<top>14</top>
							<width>292</width>
							<height>317</height>
							<aspectratio align="center" aligny="center">stretch</aspectratio>
							<texture border="30">views/other/panel.png</texture>
						</control>
						<control type="label">
							<left>15</left>
							<top>25</top>
							<width>270</width>
							<height>30</height>
							<font>FontSize_26</font>
							<textcolor>ddC6C6C8</textcolor>
							<shadowcolor>99000000</shadowcolor>
							<align>center</align>
							<aligny>center</aligny>
							<label>$INFO[ListItem.Label]</label>
						</control>
						<control type="label">
							<left>15</left>
							<top>55</top>
							<width>270</width>
							<height>30</height>
							<font>FontSize_26</font>
							<textcolor>white</textcolor>
							<shadowcolor>99000000</shadowcolor>
							<align>center</align>
							<aligny>center</aligny>
							<label>$INFO[ListItem.Label2]</label>
						</control>
						<control type="label">
							<left>15</left>
							<top>255</top>
							<width>270</width>
							<height>30</height>
							<font>FontSize_26</font>
							<textcolor>white</textcolor>
							<shadowcolor>99000000</shadowcolor>
							<align>center</align>
							<aligny>center</aligny>
							<label>$INFO[ListItem.Property(HighTemperature)]</label>
						</control>
						<control type="label">
							<left>15</left>
							<top>285</top>
							<width>270</width>
							<height>30</height>
							<font>FontSize_26</font>
							<textcolor>white</textcolor>
							<shadowcolor>99000000</shadowcolor>
							<align>center</align>
							<aligny>center</aligny>
							<label>$INFO[ListItem.Property(LowTemperature)]</label>
						</control>
						<control type="image">
							<left>61</left>
							<top>75</top>
							<width>180</width>
							<height>180</height>
							<aspectratio>keep</aspectratio>
							<texture>$INFO[ListItem.Icon]</texture>
						</control>
					</itemlayout>
					<focusedlayout height="325" width="300">
						<control type="image">
							<left>4</left>
							<top>14</top>
							<width>292</width>
							<height>317</height>
							<aspectratio align="center" aligny="center">stretch</aspectratio>
							<texture border="30">views/other/panel.png</texture>
						</control>
						<control type="image">
							<left>4</left>
							<top>14</top>
							<width>292</width>
							<height>317</height>
							<aspectratio align="center" aligny="center">stretch</aspectratio>
							<texture border="30">views/other/focus_blue.png</texture>
							<include>ThumbnailsFocusAnimation</include>
						</control>
						<control type="label">
							<left>15</left>
							<top>25</top>
							<width>270</width>
							<height>30</height>
							<font>FontSize_26</font>
							<textcolor>ddC6C6C8</textcolor>
							<shadowcolor>99000000</shadowcolor>
							<align>center</align>
							<aligny>center</aligny>
							<label>$INFO[ListItem.Label]</label>
						</control>
						<control type="label">
							<left>15</left>
							<top>55</top>
							<width>270</width>
							<height>30</height>
							<font>FontSize_26</font>
							<textcolor>white</textcolor>
							<shadowcolor>99000000</shadowcolor>
							<align>center</align>
							<aligny>center</aligny>
							<label>$INFO[ListItem.Label2]</label>
						</control>
						<control type="label">
							<left>15</left>
							<top>255</top>
							<width>270</width>
							<height>30</height>
							<font>FontSize_26</font>
							<textcolor>white</textcolor>
							<shadowcolor>99000000</shadowcolor>
							<align>center</align>
							<aligny>center</aligny>
							<label>$INFO[ListItem.Property(HighTemperature)]</label>
						</control>
						<control type="label">
							<left>15</left>
							<top>285</top>
							<width>270</width>
							<height>30</height>
							<font>FontSize_26</font>
							<textcolor>white</textcolor>
							<shadowcolor>99000000</shadowcolor>
							<align>center</align>
							<aligny>center</aligny>
							<label>$INFO[ListItem.Property(LowTemperature)]</label>
						</control>
						<control type="image">
							<left>61</left>
							<top>75</top>
							<width>180</width>
							<height>180</height>
							<aspectratio>keep</aspectratio>
							<texture>$INFO[ListItem.Icon]</texture>
						</control>
					</focusedlayout>
					<content>
						<include>Weather_DefaultForecast</include>
					</content>
				</control>

			</control>
		</control>		  
	</include>


	<!-- ======================================================= -->
	<!-- ================== WEATHER EXTENDED =================== -->
	<!-- ======================================================= -->
	<include name="WeatherExtended">
		<control type="button" id="50">
			<description>Get Focus Fake Button</description>
			<include>TopButton</include>
			<onup>9111</onup>
			<ondown>noop</ondown>
			<onleft>noop</onleft>
			<onright>noop</onright>
			<visible>!Skin.String(WeatherExtended,1) + !Skin.String(WeatherExtended,4) + !SubString(Window(Weather).Property(Current.ConditionIcon),na)</visible>
		</control>
		<control type="group">
			<include>Window_OpenClose_Animation</include>
			<include>DialogZoomInOutAnimation</include>
			<visible>!SubString(Window(Weather).Property(Current.ConditionIcon),na)</visible>

			<!-- Current Weather Conditions -->
			<control type="group">
				<description>Current Weather</description>
				<visible>Skin.String(WeatherExtended,1) + Weather.IsFetched + !IsEmpty(Window(Weather).Property(Daily.IsFetched)) + ![IsEmpty(Window(Weather).Property(Current.Condition)) | IsEmpty(Window(Weather).Property(Location))]</visible>
				<include>Window_OpenClose_Animation</include>
				<control type="group">
					<left>0</left>
					<top>300</top>
					<!-- Today -->
					<control type="group">
						<left>31</left>
						<top>0</top>
						<control type="image">
							<left>14</left>
							<top>-5</top>
							<width>306</width>
							<height>317</height>
							<aspectratio align="center" aligny="center">stretch</aspectratio>
							<texture border="30">views/other/panel.png</texture>
						</control>
						<control type="label">
							<left>0</left>
							<top>10</top>
							<width>300</width>
							<height>30</height>
							<font>FontSize_30B</font>
							<textcolor>white</textcolor>
							<align>right</align>
							<aligny>center</aligny>
							<label>$LOCALIZE[33006]</label>
						</control>
						<control type="label">
							<left>0</left>
							<top>60</top>
							<width>300</width>
							<height>30</height>
							<font>FontSize_20</font>
							<textcolor>white</textcolor>
							<align>right</align>
							<aligny>center</aligny>
							<label>$INFO[Window.Property(Daily.1.HighTemperature),[COLOR=ddC6C6C8]$LOCALIZE[393]: [/COLOR]]</label>
						</control>
						<control type="label">
							<left>0</left>
							<top>85</top>
							<width>300</width>
							<height>30</height>
							<font>FontSize_20</font>
							<textcolor>white</textcolor>
							<align>right</align>
							<aligny>center</aligny>
							<label>$INFO[Window.Property(Daily.1.LowTemperature),[COLOR=ddC6C6C8]$LOCALIZE[391]: [/COLOR]]</label>
						</control>
						<control type="label">
							<left>30</left>
							<top>160</top>
							<width>270</width>
							<height>20</height>
							<font>FontSize_26</font>
							<textcolor>white</textcolor>
							<selectedcolor>selected</selectedcolor>
							<align>left</align>
							<aligny>center</aligny>
							<label>$INFO[Window.Property(Daily.1.ShortOutlook)]</label>
						</control>
						<control type="label">
							<left>30</left>
							<top>200</top>
							<width>270</width>
							<height>20</height>
							<font>FontSize_18</font>
							<textcolor>white</textcolor>
							<selectedcolor>selected</selectedcolor>
							<align>left</align>
							<aligny>center</aligny>
							<label>[COLOR=ddC6C6C8]$LOCALIZE[402]:[/COLOR] $INFO[Window.Property(Daily.1.FeelsLike)]</label>
						</control>
						<control type="label">
							<left>30</left>
							<top>224</top>
							<width>270</width>
							<height>20</height>
							<font>FontSize_18</font>
							<textcolor>white</textcolor>
							<selectedcolor>selected</selectedcolor>
							<align>left</align>
							<aligny>center</aligny>
							<label>[COLOR=ddC6C6C8]$LOCALIZE[405]:[/COLOR] $INFO[Window.Property(Daily.1.DewPoint)]$COMMA [COLOR=ddC6C6C8]$LOCALIZE[33023]:[/COLOR] $INFO[Window.Property(Daily.1.Humidity)]</label>
						</control>
						<control type="label">
							<left>30</left>
							<top>250</top>
							<width>270</width>
							<height>20</height>
							<font>FontSize_18</font>
							<textcolor>white</textcolor>
							<selectedcolor>selected</selectedcolor>
							<align>left</align>
							<aligny>center</aligny>
							<label>[COLOR=ddC6C6C8]$LOCALIZE[383]:[/COLOR] $LOCALIZE[31227] $INFO[Window.Property(Daily.1.WindDirection)] $LOCALIZE[31228] $INFO[Window.Property(Daily.1.WindSpeed)]</label>
						</control>
						<control type="label">
							<left>30</left>
							<top>275</top>
							<width>270</width>
							<height>20</height>
							<font>FontSize_18</font>
							<textcolor>white</textcolor>
							<selectedcolor>selected</selectedcolor>
							<align>left</align>
							<aligny>center</aligny>
							<label>$INFO[Window.Property(Daily.1.Outlook),[COLOR=ddC6C6C8]$LOCALIZE[31236]: [/COLOR]]</label>
						</control>
						<control type="image">
							<left>30</left>
							<top>0</top>
							<width>150</width>
							<height>150</height>
							<aspectratio>keep</aspectratio>
							<texture>$INFO[Window.Property(Daily.1.OutlookIcon)]</texture>
						</control>
					</control>
					<!-- Tomorrow -->
					<control type="group">
						<left>345</left>
						<top>0</top>
						<control type="image">
							<left>14</left>
							<top>-5</top>
							<width>306</width>
							<height>317</height>
							<aspectratio align="center" aligny="center">stretch</aspectratio>
							<texture border="30">views/other/panel.png</texture>
						</control>
						<control type="label">
							<left>0</left>
							<top>10</top>
							<width>300</width>
							<height>30</height>
							<font>FontSize_30B</font>
							<textcolor>white</textcolor>
							<align>right</align>
							<aligny>center</aligny>
							<label>$LOCALIZE[33007]</label>
						</control>
						<control type="label">
							<left>0</left>
							<top>60</top>
							<width>300</width>
							<height>30</height>
							<font>FontSize_20</font>
							<textcolor>white</textcolor>
							<align>right</align>
							<aligny>center</aligny>
							<label>$INFO[Window.Property(Daily.2.HighTemperature),[COLOR=ddC6C6C8]$LOCALIZE[393]: [/COLOR]]</label>
						</control>
						<control type="label">
							<left>0</left>
							<top>85</top>
							<width>300</width>
							<height>30</height>
							<font>FontSize_20</font>
							<textcolor>white</textcolor>
							<align>right</align>
							<aligny>center</aligny>
							<label>$INFO[Window.Property(Daily.2.LowTemperature),[COLOR=ddC6C6C8]$LOCALIZE[391]: [/COLOR]]</label>
						</control>
						<control type="label">
							<left>30</left>
							<top>160</top>
							<width>270</width>
							<height>20</height>
							<font>FontSize_26</font>
							<textcolor>white</textcolor>
							<selectedcolor>selected</selectedcolor>
							<align>left</align>
							<aligny>center</aligny>
							<label>$INFO[Window.Property(Daily.2.ShortOutlook)]</label>
						</control>
						<control type="label">
							<left>30</left>
							<top>200</top>
							<width>270</width>
							<height>20</height>
							<font>FontSize_18</font>
							<textcolor>white</textcolor>
							<selectedcolor>selected</selectedcolor>
							<align>left</align>
							<aligny>center</aligny>
							<label>[COLOR=ddC6C6C8]$LOCALIZE[402]:[/COLOR] $INFO[Window.Property(Daily.2.FeelsLike)]</label>
						</control>
						<control type="label">
							<left>30</left>
							<top>224</top>
							<width>270</width>
							<height>20</height>
							<font>FontSize_18</font>
							<textcolor>white</textcolor>
							<selectedcolor>selected</selectedcolor>
							<align>left</align>
							<aligny>center</aligny>
							<label>[COLOR=ddC6C6C8]$LOCALIZE[405]:[/COLOR] $INFO[Window.Property(Daily.2.DewPoint)]$COMMA [COLOR=ddC6C6C8]$LOCALIZE[33023]:[/COLOR] $INFO[Window.Property(Daily.2.Humidity)]</label>
						</control>
						<control type="label">
							<left>30</left>
							<top>250</top>
							<width>270</width>
							<height>20</height>
							<font>FontSize_18</font>
							<textcolor>white</textcolor>
							<selectedcolor>selected</selectedcolor>
							<align>left</align>
							<aligny>center</aligny>
							<label>[COLOR=ddC6C6C8]$LOCALIZE[383]:[/COLOR] $LOCALIZE[31227] $INFO[Window.Property(Daily.2.WindDirection)] $LOCALIZE[31228] $INFO[Window.Property(Daily.2.WindSpeed)]</label>
						</control>
						<control type="label">
							<left>30</left>
							<top>275</top>
							<width>270</width>
							<height>20</height>
							<font>FontSize_18</font>
							<textcolor>white</textcolor>
							<selectedcolor>selected</selectedcolor>
							<align>left</align>
							<aligny>center</aligny>
							<label>$INFO[Window.Property(Daily.2.Outlook),[COLOR=ddC6C6C8]$LOCALIZE[31236]: [/COLOR]]</label>
						</control>
						<control type="image">
							<left>30</left>
							<top>0</top>
							<width>150</width>
							<height>150</height>
							<aspectratio>keep</aspectratio>
							<texture>$INFO[Window.Property(Daily.2.OutlookIcon)]</texture>
						</control>
					</control>
					<!-- Maps -->
					<control type="group" id="50">
						<left>687</left>
						<top>0</top>
						<control type="image">
							<left>14</left>
							<top>-5</top>
							<width>534</width>
							<height>317</height>
							<aspectratio align="center" aligny="center">stretch</aspectratio>
							<texture border="31">views/other/panel2.png</texture>
						</control>
						<control type="image">
							<left>30</left>
							<top>10</top>
							<width>514</width>
							<height>297</height>
							<aspectratio align="center" aligny="center">keep</aspectratio>
							<texture>$INFO[Window(Weather).Property(WeatherProviderLogo)]</texture>
							<visible>IsEmpty(Container(53).ListItem.Icon)</visible>
							<include>VisibleFadeEffect</include>
						</control>
						<control type="list" id="53">
							<left>24</left>
							<top>5</top>
							<width>514</width>
							<height>297</height>
							<onleft>noop</onleft>
							<onright>noop</onright>
							<onup>9000</onup>
							<ondown>noop</ondown>
							<viewtype label="535">list</viewtype>
							<scrolltime>200</scrolltime>
							<orientation>horizontal</orientation>
							<itemlayout width="514" height="297">
								<control type="image">
									<description>area image</description>
									<left>0</left>
									<top>0</top>
									<width>514</width>
									<height>297</height>
									<texture>$INFO[ListItem.Icon]</texture>
									<aspectratio>scale</aspectratio>
								</control>
								<control type="image">
									<description>layer image</description>
									<left>0</left>
									<top>0</top>
									<width>514</width>
									<height>297</height>
									<texture>$INFO[ListItem.Property(Layer)]</texture>
									<aspectratio>scale</aspectratio>
									<colordiffuse>70FFFFFF</colordiffuse>
								</control>
							</itemlayout>
							<focusedlayout width="514" height="297">
								<control type="image">
									<description>layer image</description>
									<left>0</left>
									<top>0</top>
									<width>514</width>
									<height>297</height>
									<texture>$INFO[ListItem.Icon]</texture>
									<aspectratio>scale</aspectratio>
								</control>
								<control type="image">
									<description>area image</description>
									<left>0</left>
									<top>0</top>
									<width>514</width>
									<height>297</height>
									<texture>$INFO[ListItem.Property(Layer)]</texture>
									<aspectratio>scale</aspectratio>
									<colordiffuse>70FFFFFF</colordiffuse>
								</control>
							</focusedlayout>
							<content>
								<item>
									<label>$INFO[Window.Property(Map.1.Heading)]</label>
									<label2>$INFO[Window.Property(Map.1.Legend)]</label2>
									<icon>$INFO[Window.Property(Map.1.Area)]</icon>
									<property name="Layer">$INFO[Window.Property(Map.1.Layer)]</property>
									<onclick>noop</onclick>
									<visible>Weather.IsFetched + !IsEmpty(Window.Property(Map.1.Area)) + !IsEmpty(Window.Property(Map.IsFetched))</visible>
								</item>
								<item>
									<label>$INFO[Window.Property(Map.2.Heading)]</label>
									<label2>$INFO[Window.Property(Map.2.Legend)]</label2>
									<icon>$INFO[Window.Property(Map.2.Area)]</icon>
									<property name="Layer">$INFO[Window.Property(Map.2.Layer)]</property>
									<onclick>noop</onclick>
									<visible>Weather.IsFetched + !IsEmpty(Window.Property(Map.2.Area)) + !IsEmpty(Window.Property(Map.IsFetched))</visible>
								</item>
								<item>
									<label>$INFO[Window.Property(Map.3.Heading)]</label>
									<label2>$INFO[Window.Property(Map.3.Legend)]</label2>
									<icon>$INFO[Window.Property(Map.3.Area)]</icon>
									<property name="Layer">$INFO[Window.Property(Map.3.Layer)]</property>
									<onclick>noop</onclick>
									<visible>Weather.IsFetched + !IsEmpty(Window.Property(Map.3.Area)) + !IsEmpty(Window.Property(Map.IsFetched))</visible>
								</item>
								<item>
									<label>$INFO[Window.Property(Map.4.Heading)]</label>
									<label2>$INFO[Window.Property(Map.4.Legend)]</label2>
									<icon>$INFO[Window.Property(Map.4.Area)]</icon>
									<property name="Layer">$INFO[Window.Property(Map.4.Layer)]</property>
									<onclick>noop</onclick>
									<visible>Weather.IsFetched + !IsEmpty(Window.Property(Map.4.Area)) + !IsEmpty(Window.Property(Map.IsFetched))</visible>
								</item>
								<item>
									<label>$INFO[Window.Property(Map.5.Heading)]</label>
									<label2>$INFO[Window.Property(Map.5.Legend)]</label2>
									<icon>$INFO[Window.Property(Map.5.Area)]</icon>
									<property name="Layer">$INFO[Window.Property(Map.5.Layer)]</property>
									<onclick>noop</onclick>
									<visible>Weather.IsFetched + !IsEmpty(Window.Property(Map.5.Area)) + !IsEmpty(Window.Property(Map.IsFetched))</visible>
								</item>
							</content>
						</control>
						<control type="image">
							<left>24</left>
							<top>242</top>
							<width>514</width>
							<height>60</height>
							<aspectratio>stretch</aspectratio>
							<texture border="1">weather/map_tile.png</texture>
							<colordiffuse>aaFFFFFF</colordiffuse>
							<visible>!IsEmpty(Container(53).ListItem.Icon)</visible>
							<include>VisibleFadeEffect</include>
						</control>
						<!-- Legend -->
						<control type="image">
							<description>legend image</description>
							<left>315</left>
							<top>267</top>
							<width>224</width>
							<height>35</height>
							<texture border="1">$INFO[Container(53).ListItem.Label2]</texture>
							<visible>!IsEmpty(Container(53).ListItem.Icon)</visible>
							<include>VisibleFadeEffect</include>
						</control>
						<!-- Heading Label -->
						<control type="label">
							<left>32</left>
							<top>270</top>
							<width>285</width>
							<height>30</height>
							<font>FontSize_24</font>
							<align>left</align>
							<aligny>center</aligny>
							<textcolor>white</textcolor>
							<shadowcolor>99000000</shadowcolor>
							<label>$INFO[Container(53).ListItem.Label]</label>
							<visible>!IsEmpty(Container(53).ListItem.Icon)</visible>
							<include>VisibleFadeEffect</include>
						</control>
						<!-- Navigation Arrows -->
						<control type="image">
							<left>25</left>
							<top>140</top>
							<width>25</width>
							<height>25</height>
							<colordiffuse>99000000</colordiffuse>
							<texture>buttons/arrow_left.png</texture>
							<visible>Container(53).HasPrevious</visible>
							<include>VisibleFadeEffect</include>
						</control>
						<control type="image">
							<left>510</left>
							<top>140</top>
							<width>25</width>
							<height>25</height>
							<colordiffuse>99000000</colordiffuse>
							<texture>buttons/arrow_right.png</texture>
							<visible>Container(53).HasNext</visible>
							<include>VisibleFadeEffect</include>
						</control>
					</control>
				</control>
			</control>

			<!-- 36-Hours Forecast-->
			<control type="group">
				<description>36Hours</description>
				<visible>Skin.String(WeatherExtended,2) + Weather.IsFetched + !IsEmpty(Window(Weather).Property(36Hour.IsFetched)) + ![IsEmpty(Window(Weather).Property(Current.Condition)) | IsEmpty(Window(Weather).Property(Location))]</visible>
				<include>Window_OpenClose_Animation</include>
				<control type="group">
					<left>0</left>
					<top>300</top>
					<control type="group">
						<left>31</left>
						<top>0</top>
						<control type="image">
							<left>14</left>
							<top>-5</top>
							<width>381</width>
							<height>317</height>
							<aspectratio align="center" aligny="center">stretch</aspectratio>
							<texture border="30">views/other/panel.png</texture>
						</control>
						<control type="label">
							<left>25</left>
							<top>15</top>
							<width>345</width>
							<height>30</height>
							<font>FontSize_30B</font>
							<textcolor>white</textcolor>
							<align>right</align>
							<aligny>center</aligny>
							<label>$INFO[Window.Property(36Hour.1.Heading)]</label>
						</control>
						<control type="label">
							<left>0</left>
							<top>75</top>
							<width>370</width>
							<height>30</height>
							<font>FontSize_20</font>
							<textcolor>white</textcolor>
							<align>right</align>
							<aligny>center</aligny>
							<label>$INFO[Window.Property(36Hour.1.HighTemperature),[COLOR=ddC6C6C8]$LOCALIZE[393]: [/COLOR]]</label>
						</control>
						<control type="label">
							<left>0</left>
							<top>100</top>
							<width>370</width>
							<height>30</height>
							<font>FontSize_20</font>
							<textcolor>white</textcolor>
							<align>right</align>
							<aligny>center</aligny>
							<label>$INFO[Window.Property(36Hour.1.LowTemperature),[COLOR=ddC6C6C8]$LOCALIZE[391]: [/COLOR]]</label>
						</control>
						<control type="label">
							<left>30</left>
							<top>160</top>
							<width>350</width>
							<height>20</height>
							<font>FontSize_26</font>
							<textcolor>white</textcolor>
							<selectedcolor>selected</selectedcolor>
							<align>left</align>
							<aligny>center</aligny>
							<label>$INFO[Window.Property(36Hour.1.ShortOutlook)]</label>
						</control>
						<control type="label">
							<left>30</left>
							<top>200</top>
							<width>350</width>
							<height>20</height>
							<font>FontSize_18</font>
							<textcolor>white</textcolor>
							<selectedcolor>selected</selectedcolor>
							<align>left</align>
							<aligny>center</aligny>
							<label>[COLOR=ddC6C6C8]$LOCALIZE[402]:[/COLOR] $INFO[Window.Property(36Hour.1.FeelsLike)]</label>
						</control>
						<control type="label">
							<left>30</left>
							<top>224</top>
							<width>350</width>
							<height>20</height>
							<font>FontSize_18</font>
							<textcolor>white</textcolor>
							<selectedcolor>selected</selectedcolor>
							<align>left</align>
							<aligny>center</aligny>
							<label>[COLOR=ddC6C6C8]$LOCALIZE[405]:[/COLOR] $INFO[Window.Property(36Hour.1.DewPoint)]$COMMA [COLOR=ddC6C6C8]$LOCALIZE[33023]:[/COLOR] $INFO[Window.Property(36Hour.1.Humidity)]</label>
						</control>
						<control type="label">
							<left>30</left>
							<top>250</top>
							<width>350</width>
							<height>20</height>
							<font>FontSize_18</font>
							<textcolor>white</textcolor>
							<selectedcolor>selected</selectedcolor>
							<align>left</align>
							<aligny>center</aligny>
							<label>[COLOR=ddC6C6C8]$LOCALIZE[383]:[/COLOR] $LOCALIZE[31227] $INFO[Window.Property(36Hour.1.WindDirection)] $LOCALIZE[31228] $INFO[Window.Property(36Hour.1.WindSpeed)]</label>
						</control>
						<control type="label">
							<left>30</left>
							<top>275</top>
							<width>350</width>
							<height>20</height>
							<font>FontSize_18</font>
							<textcolor>white</textcolor>
							<selectedcolor>selected</selectedcolor>
							<align>left</align>
							<aligny>center</aligny>
							<label>$INFO[Window.Property(36Hour.1.Outlook),[COLOR=ddC6C6C8]$LOCALIZE[31236]: [/COLOR]]</label>
						</control>
						<control type="image">
							<left>50</left>
							<top>15</top>
							<width>150</width>
							<height>150</height>
							<aspectratio>keep</aspectratio>
							<texture>$INFO[Window.Property(36Hour.1.OutlookIcon)]</texture>
						</control>
					</control>
					<control type="group">
						<left>435</left>
						<top>0</top>
						<control type="image">
							<left>14</left>
							<top>-5</top>
							<width>381</width>
							<height>317</height>
							<aspectratio align="center" aligny="center">stretch</aspectratio>
							<texture border="30">views/other/panel.png</texture>
						</control>
						<control type="label">
							<left>25</left>
							<top>15</top>
							<width>345</width>
							<height>30</height>
							<font>FontSize_30B</font>
							<textcolor>white</textcolor>
							<align>right</align>
							<aligny>center</aligny>
							<label>$INFO[Window.Property(36Hour.2.Heading)]</label>
						</control>
						<control type="label">
							<left>0</left>
							<top>75</top>
							<width>370</width>
							<height>30</height>
							<font>FontSize_20</font>
							<textcolor>white</textcolor>
							<align>right</align>
							<aligny>center</aligny>
							<label>$INFO[Window.Property(36Hour.2.HighTemperature),[COLOR=ddC6C6C8]$LOCALIZE[393]: [/COLOR]]</label>
						</control>
						<control type="label">
							<left>0</left>
							<top>100</top>
							<width>370</width>
							<height>30</height>
							<font>FontSize_20</font>
							<textcolor>white</textcolor>
							<align>right</align>
							<aligny>center</aligny>
							<label>$INFO[Window.Property(36Hour.2.LowTemperature),[COLOR=ddC6C6C8]$LOCALIZE[391]: [/COLOR]]</label>
						</control>
						<control type="label">
							<left>30</left>
							<top>160</top>
							<width>350</width>
							<height>20</height>
							<font>FontSize_26</font>
							<textcolor>white</textcolor>
							<selectedcolor>selected</selectedcolor>
							<align>left</align>
							<aligny>center</aligny>
							<label>$INFO[Window.Property(36Hour.2.ShortOutlook)]</label>
						</control>
						<control type="label">
							<left>30</left>
							<top>200</top>
							<width>350</width>
							<height>20</height>
							<font>FontSize_18</font>
							<textcolor>white</textcolor>
							<selectedcolor>selected</selectedcolor>
							<align>left</align>
							<aligny>center</aligny>
							<label>[COLOR=ddC6C6C8]$LOCALIZE[402]:[/COLOR] $INFO[Window.Property(36Hour.2.FeelsLike)]</label>
						</control>
						<control type="label">
							<left>30</left>
							<top>224</top>
							<width>350</width>
							<height>20</height>
							<font>FontSize_18</font>
							<textcolor>white</textcolor>
							<selectedcolor>selected</selectedcolor>
							<align>left</align>
							<aligny>center</aligny>
							<label>[COLOR=ddC6C6C8]$LOCALIZE[405]:[/COLOR] $INFO[Window.Property(36Hour.2.DewPoint)]$COMMA [COLOR=ddC6C6C8]$LOCALIZE[33023]:[/COLOR] $INFO[Window.Property(36Hour.2.Humidity)]</label>
						</control>
						<control type="label">
							<left>30</left>
							<top>250</top>
							<width>350</width>
							<height>20</height>
							<font>FontSize_18</font>
							<textcolor>white</textcolor>
							<selectedcolor>selected</selectedcolor>
							<align>left</align>
							<aligny>center</aligny>
							<label>[COLOR=ddC6C6C8]$LOCALIZE[383]:[/COLOR] $LOCALIZE[31227] $INFO[Window.Property(36Hour.2.WindDirection)] $LOCALIZE[31228] $INFO[Window.Property(36Hour.2.WindSpeed)]</label>
						</control>
						<control type="label">
							<left>30</left>
							<top>275</top>
							<width>350</width>
							<height>20</height>
							<font>FontSize_18</font>
							<textcolor>white</textcolor>
							<selectedcolor>selected</selectedcolor>
							<align>left</align>
							<aligny>center</aligny>
							<label>$INFO[Window.Property(36Hour.2.Outlook),[COLOR=ddC6C6C8]$LOCALIZE[31236]: [/COLOR]]</label>
						</control>
						<control type="image">
							<left>50</left>
							<top>15</top>
							<width>150</width>
							<height>150</height>
							<aspectratio>keep</aspectratio>
							<texture>$INFO[Window.Property(36Hour.2.OutlookIcon)]</texture>
						</control>
					</control>
					<control type="group">
						<left>840</left>
						<top>0</top>
						<control type="image">
							<left>14</left>
							<top>-5</top>
							<width>381</width>
							<height>317</height>
							<aspectratio align="center" aligny="center">stretch</aspectratio>
							<texture border="30">views/other/panel.png</texture>
						</control>
						<control type="label">
							<left>25</left>
							<top>15</top>
							<width>345</width>
							<height>30</height>
							<font>FontSize_30B</font>
							<textcolor>white</textcolor>
							<align>right</align>
							<aligny>center</aligny>
							<label>$INFO[Window.Property(36Hour.3.Heading)]</label>
						</control>
						<control type="label">
							<left>0</left>
							<top>75</top>
							<width>370</width>
							<height>30</height>
							<font>FontSize_20</font>
							<textcolor>white</textcolor>
							<align>right</align>
							<aligny>center</aligny>
							<label>$INFO[Window.Property(36Hour.3.HighTemperature),[COLOR=ddC6C6C8]$LOCALIZE[393]: [/COLOR]]</label>
						</control>
						<control type="label">
							<left>0</left>
							<top>100</top>
							<width>370</width>
							<height>30</height>
							<font>FontSize_20</font>
							<textcolor>white</textcolor>
							<align>right</align>
							<aligny>center</aligny>
							<label>$INFO[Window.Property(36Hour.3.LowTemperature),[COLOR=ddC6C6C8]$LOCALIZE[391]: [/COLOR]]</label>
						</control>
						<control type="label">
							<left>30</left>
							<top>160</top>
							<width>350</width>
							<height>20</height>
							<font>FontSize_26</font>
							<textcolor>white</textcolor>
							<selectedcolor>selected</selectedcolor>
							<align>left</align>
							<aligny>center</aligny>
							<label>$INFO[Window.Property(36Hour.3.ShortOutlook)]</label>
						</control>
						<control type="label">
							<left>30</left>
							<top>200</top>
							<width>350</width>
							<height>20</height>
							<font>FontSize_18</font>
							<textcolor>white</textcolor>
							<selectedcolor>selected</selectedcolor>
							<align>left</align>
							<aligny>center</aligny>
							<label>[COLOR=ddC6C6C8]$LOCALIZE[402]:[/COLOR] $INFO[Window.Property(36Hour.3.FeelsLike)]</label>
						</control>
						<control type="label">
							<left>30</left>
							<top>224</top>
							<width>350</width>
							<height>20</height>
							<font>FontSize_18</font>
							<textcolor>white</textcolor>
							<selectedcolor>selected</selectedcolor>
							<align>left</align>
							<aligny>center</aligny>
							<label>[COLOR=ddC6C6C8]$LOCALIZE[405]:[/COLOR] $INFO[Window.Property(36Hour.3.DewPoint)]$COMMA [COLOR=ddC6C6C8]$LOCALIZE[33023]:[/COLOR] $INFO[Window.Property(36Hour.3.Humidity)]</label>
						</control>
						<control type="label">
							<left>30</left>
							<top>250</top>
							<width>350</width>
							<height>20</height>
							<font>FontSize_18</font>
							<textcolor>white</textcolor>
							<selectedcolor>selected</selectedcolor>
							<align>left</align>
							<aligny>center</aligny>
							<label>[COLOR=ddC6C6C8]$LOCALIZE[383]:[/COLOR] $LOCALIZE[31227] $INFO[Window.Property(36Hour.3.WindDirection)] $LOCALIZE[31228] $INFO[Window.Property(36Hour.3.WindSpeed)]</label>
						</control>
						<control type="label">
							<left>30</left>
							<top>275</top>
							<width>350</width>
							<height>20</height>
							<font>FontSize_18</font>
							<textcolor>white</textcolor>
							<selectedcolor>selected</selectedcolor>
							<align>left</align>
							<aligny>center</aligny>
							<label>$INFO[Window.Property(36Hour.3.Outlook),[COLOR=ddC6C6C8]$LOCALIZE[31236]: [/COLOR]]</label>
						</control>
						<control type="image">
							<left>50</left>
							<top>15</top>
							<width>150</width>
							<height>150</height>
							<aspectratio>keep</aspectratio>
							<texture>$INFO[Window.Property(36Hour.3.OutlookIcon)]</texture>
						</control>
					</control>

				</control>
			</control>

			<!-- Hourly Forecast -->
			<control type="group">
				<description>Hourly</description>
				<visible>Skin.String(WeatherExtended,3) + Weather.IsFetched + !IsEmpty(Window(Weather).Property(Hourly.IsFetched)) + ![IsEmpty(Window(Weather).Property(Current.Condition)) | IsEmpty(Window(Weather).Property(Location))]</visible>
				<include>Window_OpenClose_Animation</include>
				<control type="group">
					<left>0</left>
					<top>300</top>
					<!--- Top Row -->
					<control type="group">
						<description>Next 1 Hour Data</description>
						<left>30</left>
						<top>0</top>
						<control type="image">
							<left>14</left>
							<top>-5</top>
							<width>192</width>
							<height>165</height>
							<aspectratio align="center" aligny="center">stretch</aspectratio>
							<texture border="30">views/other/panel.png</texture>
						</control>
						<control type="image">
							<left>125</left>
							<top>35</top>
							<width>70</width>
							<height>70</height>
							<aspectratio>keep</aspectratio>
							<texture>$INFO[Window.Property(Hourly.1.OutlookIcon)]</texture>
						</control>
						<control type="label">
							<left>30</left>
							<top>32</top>
							<width>170</width>
							<height>20</height>
							<font>FontSize_18</font>
							<textcolor>ddC6C6C8</textcolor>
							<align>left</align>
							<aligny>center</aligny>
							<scroll>false</scroll>
							<label>$INFO[Window.Property(Hourly.1.ShortOutlook)]</label>
						</control>
						<control type="label">
							<left>30</left>
							<top>8</top>
							<width>170</width>
							<height>30</height>
							<font>FontSize_18</font>
							<textcolor>white</textcolor>
							<align>left</align>
							<aligny>center</aligny>
							<label>$INFO[Window.Property(Hourly.1.ShortDate)]</label>
						</control>
						<control type="label">
							<left>22</left>
							<top>3</top>
							<width>170</width>
							<height>30</height>
							<font>FontSize_24</font>
							<textcolor>white</textcolor>
							<align>right</align>
							<aligny>center</aligny>
							<label>$INFO[Window.Property(Hourly.1.Time)]</label>
						</control>
						<control type="label">
							<left>30</left>
							<top>70</top>
							<width>170</width>
							<height>20</height>
							<font>FontSize_16</font>
							<textcolor>white</textcolor>
							<align>left</align>
							<aligny>center</aligny>
							<label>$INFO[Window.Property(Hourly.1.Temperature),[COLOR=ddC6C6C8]$LOCALIZE[419]:[/COLOR] ,]</label>
						</control>
						<control type="label">
							<left>30</left>
							<top>89</top>
							<width>170</width>
							<height>20</height>
							<font>FontSize_16</font>
							<textcolor>white</textcolor>
							<align>left</align>
							<aligny>center</aligny>
							<label>$INFO[Window.Property(Hourly.1.FeelsLike),[COLOR=ddC6C6C8]$LOCALIZE[402]:[/COLOR] ,]</label>
						</control>
						<control type="label">
							<left>30</left>
							<top>108</top>
							<width>170</width>
							<height>20</height>
							<font>FontSize_16</font>
							<textcolor>white</textcolor>
							<align>left</align>
							<aligny>center</aligny>
							<label>$INFO[Window.Property(Hourly.1.Humidity),[COLOR=ddC6C6C8]$LOCALIZE[406]:[/COLOR] ,]</label>
						</control>
						<control type="label">
							<left>30</left>
							<top>127</top>
							<width>170</width>
							<height>20</height>
							<font>FontSize_16</font>
							<textcolor>white</textcolor>
							<align>left</align>
							<aligny>center</aligny>
							<label>[COLOR=ddC6C6C8]$LOCALIZE[383]:[/COLOR] $INFO[Window.Property(Hourly.1.WindDirection)] $LOCALIZE[31228] $INFO[Window.Property(Hourly.1.WindSpeed)]</label>
						</control>
					</control>

					<control type="group">
						<description>Next 2 Hour Data</description>
						<left>230</left>
						<top>0</top>
						<control type="image">
							<left>14</left>
							<top>-5</top>
							<width>192</width>
							<height>165</height>
							<aspectratio align="center" aligny="center">stretch</aspectratio>
							<texture border="30">views/other/panel.png</texture>
						</control>
						<control type="image">
							<left>125</left>
							<top>35</top>
							<width>70</width>
							<height>70</height>
							<aspectratio>keep</aspectratio>
							<texture>$INFO[Window.Property(Hourly.2.OutlookIcon)]</texture>
						</control>
						<control type="label">
							<left>30</left>
							<top>32</top>
							<width>170</width>
							<height>20</height>
							<font>FontSize_18</font>
							<textcolor>ddC6C6C8</textcolor>
							<align>left</align>
							<aligny>center</aligny>
							<scroll>false</scroll>
							<label>$INFO[Window.Property(Hourly.2.ShortOutlook)]</label>
						</control>
						<control type="label">
							<left>30</left>
							<top>8</top>
							<width>170</width>
							<height>30</height>
							<font>FontSize_18</font>
							<textcolor>white</textcolor>
							<align>left</align>
							<aligny>center</aligny>
							<label>$INFO[Window.Property(Hourly.2.ShortDate)]</label>
						</control>
						<control type="label">
							<left>22</left>
							<top>3</top>
							<width>170</width>
							<height>30</height>
							<font>FontSize_24</font>
							<textcolor>white</textcolor>
							<align>right</align>
							<aligny>center</aligny>
							<label>$INFO[Window.Property(Hourly.2.Time)]</label>
						</control>
						<control type="label">
							<left>30</left>
							<top>70</top>
							<width>170</width>
							<height>20</height>
							<font>FontSize_16</font>
							<textcolor>white</textcolor>
							<align>left</align>
							<aligny>center</aligny>
							<label>$INFO[Window.Property(Hourly.2.Temperature),[COLOR=ddC6C6C8]$LOCALIZE[419]:[/COLOR] ,]</label>
						</control>
						<control type="label">
							<left>30</left>
							<top>89</top>
							<width>170</width>
							<height>20</height>
							<font>FontSize_16</font>
							<textcolor>white</textcolor>
							<align>left</align>
							<aligny>center</aligny>
							<label>$INFO[Window.Property(Hourly.2.FeelsLike),[COLOR=ddC6C6C8]$LOCALIZE[402]:[/COLOR] ,]</label>
						</control>
						<control type="label">
							<left>30</left>
							<top>108</top>
							<width>170</width>
							<height>20</height>
							<font>FontSize_16</font>
							<textcolor>white</textcolor>
							<align>left</align>
							<aligny>center</aligny>
							<label>$INFO[Window.Property(Hourly.2.Humidity),[COLOR=ddC6C6C8]$LOCALIZE[406]:[/COLOR] ,]</label>
						</control>
						<control type="label">
							<left>30</left>
							<top>127</top>
							<width>170</width>
							<height>20</height>
							<font>FontSize_16</font>
							<textcolor>white</textcolor>
							<align>left</align>
							<aligny>center</aligny>
							<label>[COLOR=ddC6C6C8]$LOCALIZE[383]:[/COLOR] $INFO[Window.Property(Hourly.2.WindDirection)] $LOCALIZE[31228] $INFO[Window.Property(Hourly.2.WindSpeed)]</label>
						</control>
					</control>

					<control type="group">
						<description>Next 3 Hour Data</description>
						<left>430</left>
						<top>0</top>
						<control type="image">
							<left>14</left>
							<top>-5</top>
							<width>192</width>
							<height>165</height>
							<aspectratio align="center" aligny="center">stretch</aspectratio>
							<texture border="30">views/other/panel.png</texture>
						</control>
						<control type="image">
							<left>125</left>
							<top>35</top>
							<width>70</width>
							<height>70</height>
							<aspectratio>keep</aspectratio>
							<texture>$INFO[Window.Property(Hourly.3.OutlookIcon)]</texture>
						</control>
						<control type="label">
							<left>30</left>
							<top>32</top>
							<width>170</width>
							<height>20</height>
							<font>FontSize_18</font>
							<textcolor>ddC6C6C8</textcolor>
							<align>left</align>
							<aligny>center</aligny>
							<scroll>false</scroll>
							<label>$INFO[Window.Property(Hourly.3.ShortOutlook)]</label>
						</control>
						<control type="label">
							<left>30</left>
							<top>8</top>
							<width>170</width>
							<height>30</height>
							<font>FontSize_18</font>
							<textcolor>white</textcolor>
							<align>left</align>
							<aligny>center</aligny>
							<label>$INFO[Window.Property(Hourly.3.ShortDate)]</label>
						</control>
						<control type="label">
							<left>22</left>
							<top>3</top>
							<width>170</width>
							<height>30</height>
							<font>FontSize_24</font>
							<textcolor>white</textcolor>
							<align>right</align>
							<aligny>center</aligny>
							<label>$INFO[Window.Property(Hourly.3.Time)]</label>
						</control>
						<control type="label">
							<left>30</left>
							<top>70</top>
							<width>170</width>
							<height>20</height>
							<font>FontSize_16</font>
							<textcolor>white</textcolor>
							<align>left</align>
							<aligny>center</aligny>
							<label>$INFO[Window.Property(Hourly.3.Temperature),[COLOR=ddC6C6C8]$LOCALIZE[419]:[/COLOR] ,]</label>
						</control>
						<control type="label">
							<left>30</left>
							<top>89</top>
							<width>170</width>
							<height>20</height>
							<font>FontSize_16</font>
							<textcolor>white</textcolor>
							<align>left</align>
							<aligny>center</aligny>
							<label>$INFO[Window.Property(Hourly.3.FeelsLike),[COLOR=ddC6C6C8]$LOCALIZE[402]:[/COLOR] ,]</label>
						</control>
						<control type="label">
							<left>30</left>
							<top>108</top>
							<width>170</width>
							<height>20</height>
							<font>FontSize_16</font>
							<textcolor>white</textcolor>
							<align>left</align>
							<aligny>center</aligny>
							<label>$INFO[Window.Property(Hourly.3.Humidity),[COLOR=ddC6C6C8]$LOCALIZE[406]:[/COLOR] ,]</label>
						</control>
						<control type="label">
							<left>30</left>
							<top>127</top>
							<width>170</width>
							<height>20</height>
							<font>FontSize_16</font>
							<textcolor>white</textcolor>
							<align>left</align>
							<aligny>center</aligny>
							<label>[COLOR=ddC6C6C8]$LOCALIZE[383]:[/COLOR] $INFO[Window.Property(Hourly.3.WindDirection)] $LOCALIZE[31228] $INFO[Window.Property(Hourly.3.WindSpeed)]</label>
						</control>
					</control>

					<control type="group">
						<description>Next 4 Hour Data</description>
						<left>630</left>
						<top>0</top>
						<control type="image">
							<left>14</left>
							<top>-5</top>
							<width>192</width>
							<height>165</height>
							<aspectratio align="center" aligny="center">stretch</aspectratio>
							<texture border="30">views/other/panel.png</texture>
						</control>
						<control type="image">
							<left>125</left>
							<top>35</top>
							<width>70</width>
							<height>70</height>
							<aspectratio>keep</aspectratio>
							<texture>$INFO[Window.Property(Hourly.4.OutlookIcon)]</texture>
						</control>
						<control type="label">
							<left>30</left>
							<top>32</top>
							<width>170</width>
							<height>20</height>
							<font>FontSize_18</font>
							<textcolor>ddC6C6C8</textcolor>
							<align>left</align>
							<aligny>center</aligny>
							<scroll>false</scroll>
							<label>$INFO[Window.Property(Hourly.4.ShortOutlook)]</label>
						</control>
						<control type="label">
							<left>30</left>
							<top>8</top>
							<width>170</width>
							<height>30</height>
							<font>FontSize_18</font>
							<textcolor>white</textcolor>
							<align>left</align>
							<aligny>center</aligny>
							<label>$INFO[Window.Property(Hourly.4.ShortDate)]</label>
						</control>
						<control type="label">
							<left>22</left>
							<top>3</top>
							<width>170</width>
							<height>30</height>
							<font>FontSize_24</font>
							<textcolor>white</textcolor>
							<align>right</align>
							<aligny>center</aligny>
							<label>$INFO[Window.Property(Hourly.4.Time)]</label>
						</control>
						<control type="label">
							<left>30</left>
							<top>70</top>
							<width>170</width>
							<height>20</height>
							<font>FontSize_16</font>
							<textcolor>white</textcolor>
							<align>left</align>
							<aligny>center</aligny>
							<label>$INFO[Window.Property(Hourly.4.Temperature),[COLOR=ddC6C6C8]$LOCALIZE[419]:[/COLOR] ,]</label>
						</control>
						<control type="label">
							<left>30</left>
							<top>89</top>
							<width>170</width>
							<height>20</height>
							<font>FontSize_16</font>
							<textcolor>white</textcolor>
							<align>left</align>
							<aligny>center</aligny>
							<label>$INFO[Window.Property(Hourly.4.FeelsLike),[COLOR=ddC6C6C8]$LOCALIZE[402]:[/COLOR] ,]</label>
						</control>
						<control type="label">
							<left>30</left>
							<top>108</top>
							<width>170</width>
							<height>20</height>
							<font>FontSize_16</font>
							<textcolor>white</textcolor>
							<align>left</align>
							<aligny>center</aligny>
							<label>$INFO[Window.Property(Hourly.4.Humidity),[COLOR=ddC6C6C8]$LOCALIZE[406]:[/COLOR] ,]</label>
						</control>
						<control type="label">
							<left>30</left>
							<top>127</top>
							<width>170</width>
							<height>20</height>
							<font>FontSize_16</font>
							<textcolor>white</textcolor>
							<align>left</align>
							<aligny>center</aligny>
							<label>[COLOR=ddC6C6C8]$LOCALIZE[383]:[/COLOR] $INFO[Window.Property(Hourly.4.WindDirection)] $LOCALIZE[31228] $INFO[Window.Property(Hourly.4.WindSpeed)]</label>
						</control>
					</control>

					<control type="group">
						<description>Next 5 Hour Data</description>
						<left>830</left>
						<top>0</top>
						<control type="image">
							<left>14</left>
							<top>-5</top>
							<width>192</width>
							<height>165</height>
							<aspectratio align="center" aligny="center">stretch</aspectratio>
							<texture border="30">views/other/panel.png</texture>
						</control>
						<control type="image">
							<left>125</left>
							<top>35</top>
							<width>70</width>
							<height>70</height>
							<aspectratio>keep</aspectratio>
							<texture>$INFO[Window.Property(Hourly.5.OutlookIcon)]</texture>
						</control>
						<control type="label">
							<left>30</left>
							<top>32</top>
							<width>170</width>
							<height>20</height>
							<font>FontSize_18</font>
							<textcolor>ddC6C6C8</textcolor>
							<align>left</align>
							<aligny>center</aligny>
							<scroll>false</scroll>
							<label>$INFO[Window.Property(Hourly.5.ShortOutlook)]</label>
						</control>
						<control type="label">
							<left>30</left>
							<top>8</top>
							<width>170</width>
							<height>30</height>
							<font>FontSize_18</font>
							<textcolor>white</textcolor>
							<align>left</align>
							<aligny>center</aligny>
							<label>$INFO[Window.Property(Hourly.5.ShortDate)]</label>
						</control>
						<control type="label">
							<left>22</left>
							<top>3</top>
							<width>170</width>
							<height>30</height>
							<font>FontSize_24</font>
							<textcolor>white</textcolor>
							<align>right</align>
							<aligny>center</aligny>
							<label>$INFO[Window.Property(Hourly.5.Time)]</label>
						</control>
						<control type="label">
							<left>30</left>
							<top>70</top>
							<width>170</width>
							<height>20</height>
							<font>FontSize_16</font>
							<textcolor>white</textcolor>
							<align>left</align>
							<aligny>center</aligny>
							<label>$INFO[Window.Property(Hourly.5.Temperature),[COLOR=ddC6C6C8]$LOCALIZE[419]:[/COLOR] ,]</label>
						</control>
						<control type="label">
							<left>30</left>
							<top>89</top>
							<width>170</width>
							<height>20</height>
							<font>FontSize_16</font>
							<textcolor>white</textcolor>
							<align>left</align>
							<aligny>center</aligny>
							<label>$INFO[Window.Property(Hourly.5.FeelsLike),[COLOR=ddC6C6C8]$LOCALIZE[402]:[/COLOR] ,]</label>
						</control>
						<control type="label">
							<left>30</left>
							<top>108</top>
							<width>170</width>
							<height>20</height>
							<font>FontSize_16</font>
							<textcolor>white</textcolor>
							<align>left</align>
							<aligny>center</aligny>
							<label>$INFO[Window.Property(Hourly.5.Humidity),[COLOR=ddC6C6C8]$LOCALIZE[406]:[/COLOR] ,]</label>
						</control>
						<control type="label">
							<left>30</left>
							<top>127</top>
							<width>170</width>
							<height>20</height>
							<font>FontSize_16</font>
							<textcolor>white</textcolor>
							<align>left</align>
							<aligny>center</aligny>
							<label>[COLOR=ddC6C6C8]$LOCALIZE[383]:[/COLOR] $INFO[Window.Property(Hourly.5.WindDirection)] $LOCALIZE[31228] $INFO[Window.Property(Hourly.5.WindSpeed)]</label>
						</control>
					</control>
					
					<control type="group">
						<description>Next 6 Hour Data</description>
						<left>1030</left>
						<top>0</top>
						<control type="image">
							<left>14</left>
							<top>-5</top>
							<width>192</width>
							<height>165</height>
							<aspectratio align="center" aligny="center">stretch</aspectratio>
							<texture border="30">views/other/panel.png</texture>
						</control>
						<control type="image">
							<left>125</left>
							<top>35</top>
							<width>70</width>
							<height>70</height>
							<aspectratio>keep</aspectratio>
							<texture>$INFO[Window.Property(Hourly.6.OutlookIcon)]</texture>
						</control>
						<control type="label">
							<left>30</left>
							<top>32</top>
							<width>170</width>
							<height>20</height>
							<font>FontSize_18</font>
							<textcolor>ddC6C6C8</textcolor>
							<align>left</align>
							<aligny>center</aligny>
							<scroll>false</scroll>
							<label>$INFO[Window.Property(Hourly.6.ShortOutlook)]</label>
						</control>
						<control type="label">
							<left>30</left>
							<top>8</top>
							<width>170</width>
							<height>30</height>
							<font>FontSize_18</font>
							<textcolor>white</textcolor>
							<align>left</align>
							<aligny>center</aligny>
							<label>$INFO[Window.Property(Hourly.6.ShortDate)]</label>
						</control>
						<control type="label">
							<left>22</left>
							<top>3</top>
							<width>170</width>
							<height>30</height>
							<font>FontSize_24</font>
							<textcolor>white</textcolor>
							<align>right</align>
							<aligny>center</aligny>
							<label>$INFO[Window.Property(Hourly.6.Time)]</label>
						</control>
						<control type="label">
							<left>30</left>
							<top>70</top>
							<width>170</width>
							<height>20</height>
							<font>FontSize_16</font>
							<textcolor>white</textcolor>
							<align>left</align>
							<aligny>center</aligny>
							<label>$INFO[Window.Property(Hourly.6.Temperature),[COLOR=ddC6C6C8]$LOCALIZE[419]:[/COLOR] ,]</label>
						</control>
						<control type="label">
							<left>30</left>
							<top>89</top>
							<width>170</width>
							<height>20</height>
							<font>FontSize_16</font>
							<textcolor>white</textcolor>
							<align>left</align>
							<aligny>center</aligny>
							<label>$INFO[Window.Property(Hourly.6.FeelsLike),[COLOR=ddC6C6C8]$LOCALIZE[402]:[/COLOR] ,]</label>
						</control>
						<control type="label">
							<left>30</left>
							<top>108</top>
							<width>170</width>
							<height>20</height>
							<font>FontSize_16</font>
							<textcolor>white</textcolor>
							<align>left</align>
							<aligny>center</aligny>
							<label>$INFO[Window.Property(Hourly.6.Humidity),[COLOR=ddC6C6C8]$LOCALIZE[406]:[/COLOR] ,]</label>
						</control>
						<control type="label">
							<left>30</left>
							<top>127</top>
							<width>170</width>
							<height>20</height>
							<font>FontSize_16</font>
							<textcolor>white</textcolor>
							<align>left</align>
							<aligny>center</aligny>
							<label>[COLOR=ddC6C6C8]$LOCALIZE[383]:[/COLOR] $INFO[Window.Property(Hourly.6.WindDirection)] $LOCALIZE[31228] $INFO[Window.Property(Hourly.6.WindSpeed)]</label>
						</control>
					</control>
					
					<!--- Bottom Row -->
					<control type="group">
						<description>Next 7 Hour Data</description>
						<left>30</left>
						<top>173</top>

						<control type="image">
							<left>14</left>
							<top>-5</top>
							<width>192</width>
							<height>165</height>
							<aspectratio align="center" aligny="center">stretch</aspectratio>
							<texture border="30">views/other/panel.png</texture>
						</control>
						<control type="image">
							<left>125</left>
							<top>35</top>
							<width>70</width>
							<height>70</height>
							<aspectratio>keep</aspectratio>
							<texture>$INFO[Window.Property(Hourly.7.OutlookIcon)]</texture>
						</control>
						<control type="label">
							<left>30</left>
							<top>32</top>
							<width>170</width>
							<height>20</height>
							<font>FontSize_18</font>
							<textcolor>ddC6C6C8</textcolor>
							<align>left</align>
							<aligny>center</aligny>
							<scroll>false</scroll>
							<label>$INFO[Window.Property(Hourly.7.ShortOutlook)]</label>
						</control>
						<control type="label">
							<left>30</left>
							<top>8</top>
							<width>170</width>
							<height>30</height>
							<font>FontSize_18</font>
							<textcolor>white</textcolor>
							<align>left</align>
							<aligny>center</aligny>
							<label>$INFO[Window.Property(Hourly.7.ShortDate)]</label>
						</control>
						<control type="label">
							<left>22</left>
							<top>3</top>
							<width>170</width>
							<height>30</height>
							<font>FontSize_24</font>
							<textcolor>white</textcolor>
							<align>right</align>
							<aligny>center</aligny>
							<label>$INFO[Window.Property(Hourly.7.Time)]</label>
						</control>
						<control type="label">
							<left>30</left>
							<top>70</top>
							<width>170</width>
							<height>20</height>
							<font>FontSize_16</font>
							<textcolor>white</textcolor>
							<align>left</align>
							<aligny>center</aligny>
							<label>$INFO[Window.Property(Hourly.7.Temperature),[COLOR=ddC6C6C8]$LOCALIZE[419]:[/COLOR] ,]</label>
						</control>
						<control type="label">
							<left>30</left>
							<top>89</top>
							<width>170</width>
							<height>20</height>
							<font>FontSize_16</font>
							<textcolor>white</textcolor>
							<align>left</align>
							<aligny>center</aligny>
							<label>$INFO[Window.Property(Hourly.7.FeelsLike),[COLOR=ddC6C6C8]$LOCALIZE[402]:[/COLOR] ,]</label>
						</control>
						<control type="label">
							<left>30</left>
							<top>108</top>
							<width>170</width>
							<height>20</height>
							<font>FontSize_16</font>
							<textcolor>white</textcolor>
							<align>left</align>
							<aligny>center</aligny>
							<label>$INFO[Window.Property(Hourly.7.Humidity),[COLOR=ddC6C6C8]$LOCALIZE[406]:[/COLOR] ,]</label>
						</control>
						<control type="label">
							<left>30</left>
							<top>127</top>
							<width>170</width>
							<height>20</height>
							<font>FontSize_16</font>
							<textcolor>white</textcolor>
							<align>left</align>
							<aligny>center</aligny>
							<label>[COLOR=ddC6C6C8]$LOCALIZE[383]:[/COLOR] $INFO[Window.Property(Hourly.7.WindDirection)] $LOCALIZE[31228] $INFO[Window.Property(Hourly.7.WindSpeed)]</label>
						</control>
					</control>

					<control type="group">
						<description>Next 8 Hour Data</description>
						<left>230</left>
						<top>173</top>
						<control type="image">
							<left>14</left>
							<top>-5</top>
							<width>192</width>
							<height>165</height>
							<aspectratio align="center" aligny="center">stretch</aspectratio>
							<texture border="30">views/other/panel.png</texture>
						</control>
						<control type="image">
							<left>125</left>
							<top>35</top>
							<width>70</width>
							<height>70</height>
							<aspectratio>keep</aspectratio>
							<texture>$INFO[Window.Property(Hourly.8.OutlookIcon)]</texture>
						</control>
						<control type="label">
							<left>30</left>
							<top>32</top>
							<width>170</width>
							<height>20</height>
							<font>FontSize_18</font>
							<textcolor>ddC6C6C8</textcolor>
							<align>left</align>
							<aligny>center</aligny>
							<scroll>false</scroll>
							<label>$INFO[Window.Property(Hourly.8.ShortOutlook)]</label>
						</control>
						<control type="label">
							<left>30</left>
							<top>8</top>
							<width>170</width>
							<height>30</height>
							<font>FontSize_18</font>
							<textcolor>white</textcolor>
							<align>left</align>
							<aligny>center</aligny>
							<label>$INFO[Window.Property(Hourly.8.ShortDate)]</label>
						</control>
						<control type="label">
							<left>22</left>
							<top>3</top>
							<width>170</width>
							<height>30</height>
							<font>FontSize_24</font>
							<textcolor>white</textcolor>
							<align>right</align>
							<aligny>center</aligny>
							<label>$INFO[Window.Property(Hourly.8.Time)]</label>
						</control>
						<control type="label">
							<left>30</left>
							<top>70</top>
							<width>170</width>
							<height>20</height>
							<font>FontSize_16</font>
							<textcolor>white</textcolor>
							<align>left</align>
							<aligny>center</aligny>
							<label>$INFO[Window.Property(Hourly.8.Temperature),[COLOR=ddC6C6C8]$LOCALIZE[419]:[/COLOR] ,]</label>
						</control>
						<control type="label">
							<left>30</left>
							<top>89</top>
							<width>170</width>
							<height>20</height>
							<font>FontSize_16</font>
							<textcolor>white</textcolor>
							<align>left</align>
							<aligny>center</aligny>
							<label>$INFO[Window.Property(Hourly.8.FeelsLike),[COLOR=ddC6C6C8]$LOCALIZE[402]:[/COLOR] ,]</label>
						</control>
						<control type="label">
							<left>30</left>
							<top>108</top>
							<width>170</width>
							<height>20</height>
							<font>FontSize_16</font>
							<textcolor>white</textcolor>
							<align>left</align>
							<aligny>center</aligny>
							<label>$INFO[Window.Property(Hourly.8.Humidity),[COLOR=ddC6C6C8]$LOCALIZE[406]:[/COLOR] ,]</label>
						</control>
						<control type="label">
							<left>30</left>
							<top>127</top>
							<width>170</width>
							<height>20</height>
							<font>FontSize_16</font>
							<textcolor>white</textcolor>
							<align>left</align>
							<aligny>center</aligny>
							<label>[COLOR=ddC6C6C8]$LOCALIZE[383]:[/COLOR] $INFO[Window.Property(Hourly.8.WindDirection)] $LOCALIZE[31228] $INFO[Window.Property(Hourly.8.WindSpeed)]</label>
						</control>
					</control>

					<control type="group">
						<description>Next 9 Hour Data</description>
						<left>430</left>
						<top>173</top>
						<control type="image">
							<left>14</left>
							<top>-5</top>
							<width>192</width>
							<height>165</height>
							<aspectratio align="center" aligny="center">stretch</aspectratio>
							<texture border="30">views/other/panel.png</texture>
						</control>
						<control type="image">
							<left>125</left>
							<top>35</top>
							<width>70</width>
							<height>70</height>
							<aspectratio>keep</aspectratio>
							<texture>$INFO[Window.Property(Hourly.9.OutlookIcon)]</texture>
						</control>
						<control type="label">
							<left>30</left>
							<top>32</top>
							<width>170</width>
							<height>20</height>
							<font>FontSize_18</font>
							<textcolor>ddC6C6C8</textcolor>
							<align>left</align>
							<aligny>center</aligny>
							<scroll>false</scroll>
							<label>$INFO[Window.Property(Hourly.9.ShortOutlook)]</label>
						</control>
						<control type="label">
							<left>30</left>
							<top>8</top>
							<width>170</width>
							<height>30</height>
							<font>FontSize_18</font>
							<textcolor>white</textcolor>
							<align>left</align>
							<aligny>center</aligny>
							<label>$INFO[Window.Property(Hourly.9.ShortDate)]</label>
						</control>
						<control type="label">
							<left>22</left>
							<top>3</top>
							<width>170</width>
							<height>30</height>
							<font>FontSize_24</font>
							<textcolor>white</textcolor>
							<align>right</align>
							<aligny>center</aligny>
							<label>$INFO[Window.Property(Hourly.9.Time)]</label>
						</control>
						<control type="label">
							<left>30</left>
							<top>70</top>
							<width>170</width>
							<height>20</height>
							<font>FontSize_16</font>
							<textcolor>white</textcolor>
							<align>left</align>
							<aligny>center</aligny>
							<label>$INFO[Window.Property(Hourly.9.Temperature),[COLOR=ddC6C6C8]$LOCALIZE[419]:[/COLOR] ,]</label>
						</control>
						<control type="label">
							<left>30</left>
							<top>89</top>
							<width>170</width>
							<height>20</height>
							<font>FontSize_16</font>
							<textcolor>white</textcolor>
							<align>left</align>
							<aligny>center</aligny>
							<label>$INFO[Window.Property(Hourly.9.FeelsLike),[COLOR=ddC6C6C8]$LOCALIZE[402]:[/COLOR] ,]</label>
						</control>
						<control type="label">
							<left>30</left>
							<top>108</top>
							<width>170</width>
							<height>20</height>
							<font>FontSize_16</font>
							<textcolor>white</textcolor>
							<align>left</align>
							<aligny>center</aligny>
							<label>$INFO[Window.Property(Hourly.9.Humidity),[COLOR=ddC6C6C8]$LOCALIZE[406]:[/COLOR] ,]</label>
						</control>
						<control type="label">
							<left>30</left>
							<top>127</top>
							<width>170</width>
							<height>20</height>
							<font>FontSize_16</font>
							<textcolor>white</textcolor>
							<align>left</align>
							<aligny>center</aligny>
							<label>[COLOR=ddC6C6C8]$LOCALIZE[383]:[/COLOR] $INFO[Window.Property(Hourly.9.WindDirection)] $LOCALIZE[31228] $INFO[Window.Property(Hourly.9.WindSpeed)]</label>
						</control>
					</control>

					<control type="group">
						<description>Next 10 Hour Data</description>
						<left>630</left>
						<top>173</top>
						<control type="image">
							<left>14</left>
							<top>-5</top>
							<width>192</width>
							<height>165</height>
							<aspectratio align="center" aligny="center">stretch</aspectratio>
							<texture border="30">views/other/panel.png</texture>
						</control>
						<control type="image">
							<left>125</left>
							<top>35</top>
							<width>70</width>
							<height>70</height>
							<aspectratio>keep</aspectratio>
							<texture>$INFO[Window.Property(Hourly.10.OutlookIcon)]</texture>
						</control>
						<control type="label">
							<left>30</left>
							<top>32</top>
							<width>170</width>
							<height>20</height>
							<font>FontSize_18</font>
							<textcolor>ddC6C6C8</textcolor>
							<align>left</align>
							<aligny>center</aligny>
							<scroll>false</scroll>
							<label>$INFO[Window.Property(Hourly.10.ShortOutlook)]</label>
						</control>
						<control type="label">
							<left>30</left>
							<top>8</top>
							<width>170</width>
							<height>30</height>
							<font>FontSize_18</font>
							<textcolor>white</textcolor>
							<align>left</align>
							<aligny>center</aligny>
							<label>$INFO[Window.Property(Hourly.10.ShortDate)]</label>
						</control>
						<control type="label">
							<left>22</left>
							<top>3</top>
							<width>170</width>
							<height>30</height>
							<font>FontSize_24</font>
							<textcolor>white</textcolor>
							<align>right</align>
							<aligny>center</aligny>
							<label>$INFO[Window.Property(Hourly.10.Time)]</label>
						</control>
						<control type="label">
							<left>30</left>
							<top>70</top>
							<width>170</width>
							<height>20</height>
							<font>FontSize_16</font>
							<textcolor>white</textcolor>
							<align>left</align>
							<aligny>center</aligny>
							<label>$INFO[Window.Property(Hourly.10.Temperature),[COLOR=ddC6C6C8]$LOCALIZE[419]:[/COLOR] ,]</label>
						</control>
						<control type="label">
							<left>30</left>
							<top>89</top>
							<width>170</width>
							<height>20</height>
							<font>FontSize_16</font>
							<textcolor>white</textcolor>
							<align>left</align>
							<aligny>center</aligny>
							<label>$INFO[Window.Property(Hourly.10.FeelsLike),[COLOR=ddC6C6C8]$LOCALIZE[402]:[/COLOR] ,]</label>
						</control>
						<control type="label">
							<left>30</left>
							<top>108</top>
							<width>170</width>
							<height>20</height>
							<font>FontSize_16</font>
							<textcolor>white</textcolor>
							<align>left</align>
							<aligny>center</aligny>
							<label>$INFO[Window.Property(Hourly.10.Humidity),[COLOR=ddC6C6C8]$LOCALIZE[406]:[/COLOR] ,]</label>
						</control>
						<control type="label">
							<left>30</left>
							<top>127</top>
							<width>170</width>
							<height>20</height>
							<font>FontSize_16</font>
							<textcolor>white</textcolor>
							<align>left</align>
							<aligny>center</aligny>
							<label>[COLOR=ddC6C6C8]$LOCALIZE[383]:[/COLOR] $INFO[Window.Property(Hourly.10.WindDirection)] $LOCALIZE[31228] $INFO[Window.Property(Hourly.10.WindSpeed)]</label>
						</control>
					</control>

					<control type="group">
						<description>Next 11 Hour Data</description>
						<left>830</left>
						<top>173</top>
						<control type="image">
							<left>14</left>
							<top>-5</top>
							<width>192</width>
							<height>165</height>
							<aspectratio align="center" aligny="center">stretch</aspectratio>
							<texture border="30">views/other/panel.png</texture>
						</control>
						<control type="image">
							<left>125</left>
							<top>35</top>
							<width>70</width>
							<height>70</height>
							<aspectratio>keep</aspectratio>
							<texture>$INFO[Window.Property(Hourly.11.OutlookIcon)]</texture>
						</control>
						<control type="label">
							<left>30</left>
							<top>32</top>
							<width>170</width>
							<height>20</height>
							<font>FontSize_18</font>
							<textcolor>ddC6C6C8</textcolor>
							<align>left</align>
							<aligny>center</aligny>
							<scroll>false</scroll>
							<label>$INFO[Window.Property(Hourly.11.ShortOutlook)]</label>
						</control>
						<control type="label">
							<left>30</left>
							<top>8</top>
							<width>170</width>
							<height>30</height>
							<font>FontSize_18</font>
							<textcolor>white</textcolor>
							<align>left</align>
							<aligny>center</aligny>
							<label>$INFO[Window.Property(Hourly.11.ShortDate)]</label>
						</control>
						<control type="label">
							<left>22</left>
							<top>3</top>
							<width>170</width>
							<height>30</height>
							<font>FontSize_24</font>
							<textcolor>white</textcolor>
							<align>right</align>
							<aligny>center</aligny>
							<label>$INFO[Window.Property(Hourly.11.Time)]</label>
						</control>
						<control type="label">
							<left>30</left>
							<top>70</top>
							<width>170</width>
							<height>20</height>
							<font>FontSize_16</font>
							<textcolor>white</textcolor>
							<align>left</align>
							<aligny>center</aligny>
							<label>$INFO[Window.Property(Hourly.11.Temperature),[COLOR=ddC6C6C8]$LOCALIZE[419]:[/COLOR] ,]</label>
						</control>
						<control type="label">
							<left>30</left>
							<top>89</top>
							<width>170</width>
							<height>20</height>
							<font>FontSize_16</font>
							<textcolor>white</textcolor>
							<align>left</align>
							<aligny>center</aligny>
							<label>$INFO[Window.Property(Hourly.11.FeelsLike),[COLOR=ddC6C6C8]$LOCALIZE[402]:[/COLOR] ,]</label>
						</control>
						<control type="label">
							<left>30</left>
							<top>108</top>
							<width>170</width>
							<height>20</height>
							<font>FontSize_16</font>
							<textcolor>white</textcolor>
							<align>left</align>
							<aligny>center</aligny>
							<label>$INFO[Window.Property(Hourly.11.Humidity),[COLOR=ddC6C6C8]$LOCALIZE[406]:[/COLOR] ,]</label>
						</control>
						<control type="label">
							<left>30</left>
							<top>127</top>
							<width>170</width>
							<height>20</height>
							<font>FontSize_16</font>
							<textcolor>white</textcolor>
							<align>left</align>
							<aligny>center</aligny>
							<label>[COLOR=ddC6C6C8]$LOCALIZE[383]:[/COLOR] $INFO[Window.Property(Hourly.11.WindDirection)] $LOCALIZE[31228] $INFO[Window.Property(Hourly.11.WindSpeed)]</label>
						</control>
					</control>

					<control type="group">
						<description>Next 12 Hour Data</description>
						<left>1030</left>
						<top>173</top>
						<control type="image">
							<left>14</left>
							<top>-5</top>
							<width>192</width>
							<height>165</height>
							<aspectratio align="center" aligny="center">stretch</aspectratio>
							<texture border="30">views/other/panel.png</texture>
						</control>
						<control type="image">
							<left>125</left>
							<top>35</top>
							<width>70</width>
							<height>70</height>
							<aspectratio>keep</aspectratio>
							<texture>$INFO[Window.Property(Hourly.12.OutlookIcon)]</texture>
						</control>
						<control type="label">
							<left>30</left>
							<top>32</top>
							<width>170</width>
							<height>20</height>
							<font>FontSize_18</font>
							<textcolor>ddC6C6C8</textcolor>
							<align>left</align>
							<aligny>center</aligny>
							<scroll>false</scroll>
							<label>$INFO[Window.Property(Hourly.12.ShortOutlook)]</label>
						</control>
						<control type="label">
							<left>30</left>
							<top>8</top>
							<width>170</width>
							<height>30</height>
							<font>FontSize_18</font>
							<textcolor>white</textcolor>
							<align>left</align>
							<aligny>center</aligny>
							<label>$INFO[Window.Property(Hourly.12.ShortDate)]</label>
						</control>
						<control type="label">
							<left>22</left>
							<top>3</top>
							<width>170</width>
							<height>30</height>
							<font>FontSize_24</font>
							<textcolor>white</textcolor>
							<align>right</align>
							<aligny>center</aligny>
							<label>$INFO[Window.Property(Hourly.12.Time)]</label>
						</control>
						<control type="label">
							<left>30</left>
							<top>70</top>
							<width>170</width>
							<height>20</height>
							<font>FontSize_16</font>
							<textcolor>white</textcolor>
							<align>left</align>
							<aligny>center</aligny>
							<label>$INFO[Window.Property(Hourly.12.Temperature),[COLOR=ddC6C6C8]$LOCALIZE[419]:[/COLOR] ,]</label>
						</control>
						<control type="label">
							<left>30</left>
							<top>89</top>
							<width>170</width>
							<height>20</height>
							<font>FontSize_16</font>
							<textcolor>white</textcolor>
							<align>left</align>
							<aligny>center</aligny>
							<label>$INFO[Window.Property(Hourly.12.FeelsLike),[COLOR=ddC6C6C8]$LOCALIZE[402]:[/COLOR] ,]</label>
						</control>
						<control type="label">
							<left>30</left>
							<top>108</top>
							<width>170</width>
							<height>20</height>
							<font>FontSize_16</font>
							<textcolor>white</textcolor>
							<align>left</align>
							<aligny>center</aligny>
							<label>$INFO[Window.Property(Hourly.12.Humidity),[COLOR=ddC6C6C8]$LOCALIZE[406]:[/COLOR] ,]</label>
						</control>
						<control type="label">
							<left>30</left>
							<top>127</top>
							<width>170</width>
							<height>20</height>
							<font>FontSize_16</font>
							<textcolor>white</textcolor>
							<align>left</align>
							<aligny>center</aligny>
							<label>[COLOR=ddC6C6C8]$LOCALIZE[383]:[/COLOR] $INFO[Window.Property(Hourly.12.WindDirection)] $LOCALIZE[31228] $INFO[Window.Property(Hourly.12.WindSpeed)]</label>
						</control>
					</control>
				</control>
			</control>

			<!-- 10-Days Forecast -->
			<control type="group" id="50">
				<description>10Days</description>
				<visible>Skin.String(WeatherExtended,4) + Weather.IsFetched + !IsEmpty(Window(Weather).Property(Daily.IsFetched)) + ![IsEmpty(Window(Weather).Property(Current.Condition)) | IsEmpty(Window(Weather).Property(Location))]</visible>
				<include>Window_OpenClose_Animation</include>
				<control type="panel" id="51">
					<left>40</left>
					<top>280</top>
					<width>1200</width>
					<height>335</height>
					<onleft>51</onleft>
					<onright>51</onright>
					<onup condition="!SubString(Window(Weather).Property(Current.ConditionIcon),na)">9111</onup>
					<ondown>noop</ondown>
					<itemgap>3</itemgap>
					<preloaditems>4</preloaditems>
					<orientation>horizontal</orientation>
					<viewtype label="535">list</viewtype>
					<scrolltime tween="cubic" easing="out">350</scrolltime>
					<itemlayout height="325" width="300">
						<control type="image">
							<left>4</left>
							<top>14</top>
							<width>292</width>
							<height>317</height>
							<aspectratio align="center" aligny="center">stretch</aspectratio>
							<texture border="30">views/other/panel.png</texture>
						</control>
						<control type="label">
							<left>83</left>
							<top>5</top>
							<width>200</width>
							<height>60</height>
							<font>FontSize_24</font>
							<textcolor>white</textcolor>
							<shadowcolor>99000000</shadowcolor>
							<align>right</align>
							<aligny>center</aligny>
							<label>$INFO[ListItem.Label2]</label>
						</control>
						<control type="label">
							<left>83</left>
							<top>30</top>
							<width>200</width>
							<height>60</height>
							<font>FontSize_22</font>
							<textcolor>ddC6C6C8</textcolor>
							<shadowcolor>99000000</shadowcolor>
							<align>right</align>
							<aligny>center</aligny>
							<label>$INFO[ListItem.Label]</label>
						</control>
						<control type="label">
							<left>22</left>
							<top>160</top>
							<width>265</width>
							<height>60</height>
							<font>FontSize_24</font>
							<textcolor>white</textcolor>
							<shadowcolor>99000000</shadowcolor>
							<align>left</align>
							<aligny>center</aligny>
							<scroll>false</scroll>
							<label>$INFO[ListItem.Property(ShortOutlook)]</label>
						</control>
						<control type="label">
							<left>83</left>
							<top>110</top>
							<width>200</width>
							<height>30</height>
							<font>FontSize_20</font>
							<textcolor>white</textcolor>
							<shadowcolor>99000000</shadowcolor>
							<align>right</align>
							<aligny>center</aligny>
							<label>$INFO[ListItem.Property(HighTemperature)]</label>
						</control>
						<control type="label">
							<left>83</left>
							<top>135</top>
							<width>200</width>
							<height>30</height>
							<font>FontSize_20</font>
							<textcolor>white</textcolor>
							<shadowcolor>99000000</shadowcolor>
							<align>right</align>
							<aligny>center</aligny>
							<label>$INFO[ListItem.Property(LowTemperature)]</label>
						</control>
						<control type="group">
							<left>22</left>
							<control type="label">
								<top>215</top>
								<width>265</width>
								<height>30</height>
								<font>FontSize_18</font>
								<textcolor>white</textcolor>
								<shadowcolor>99000000</shadowcolor>
								<align>left</align>
								<aligny>center</aligny>
								<label>$INFO[ListItem.Property(FeelsLike)]</label>
							</control>
							<control type="label">
								<top>240</top>
								<width>265</width>
								<height>30</height>
								<font>FontSize_18</font>
								<textcolor>white</textcolor>
								<shadowcolor>99000000</shadowcolor>
								<align>left</align>
								<aligny>center</aligny>
								<label>$INFO[ListItem.Property(DewPointAndHumidity)]</label>
							</control>
							<control type="label">
								<top>265</top>
								<width>265</width>
								<height>30</height>
								<font>FontSize_18</font>
								<textcolor>white</textcolor>
								<shadowcolor>99000000</shadowcolor>
								<align>left</align>
								<align>center</align>
								<label>$INFO[ListItem.Thumb]</label>
							</control>
							<control type="label">
								<top>290</top>
								<width>265</width>
								<height>30</height>
								<font>FontSize_18</font>
								<textcolor>white</textcolor>
								<shadowcolor>99000000</shadowcolor>
								<align>left</align>
								<aligny>center</aligny>
								<label>$INFO[ListItem.Property(Outlook)]</label>
							</control>
						</control>
						<control type="image">
							<left>20</left>
							<top>30</top>
							<width>130</width>
							<height>130</height>
							<aspectratio>keep</aspectratio>
							<texture>$INFO[ListItem.Icon]</texture>
						</control>
					</itemlayout>
					<focusedlayout height="325" width="300">
						<control type="image">
							<left>4</left>
							<top>14</top>
							<width>292</width>
							<height>317</height>
							<aspectratio align="center" aligny="center">stretch</aspectratio>
							<texture border="30">views/other/panel.png</texture>
						</control>
						<control type="image">
							<left>4</left>
							<top>14</top>
							<width>292</width>
							<height>317</height>
							<aspectratio align="center" aligny="center">stretch</aspectratio>
							<texture border="30">views/other/focus_blue.png</texture>
							<include>ThumbnailsFocusAnimation</include>
						</control>
						<control type="label">
							<left>83</left>
							<top>5</top>
							<width>200</width>
							<height>60</height>
							<font>FontSize_24</font>
							<textcolor>white</textcolor>
							<shadowcolor>99000000</shadowcolor>
							<align>right</align>
							<aligny>center</aligny>
							<label>$INFO[ListItem.Label2]</label>
						</control>
						<control type="label">
							<left>83</left>
							<top>30</top>
							<width>200</width>
							<height>60</height>
							<font>FontSize_22</font>
							<textcolor>ddC6C6C8</textcolor>
							<shadowcolor>99000000</shadowcolor>
							<align>right</align>
							<aligny>center</aligny>
							<label>$INFO[ListItem.Label]</label>
						</control>
						<control type="label">
							<left>22</left>
							<top>160</top>
							<width>265</width>
							<height>60</height>
							<font>FontSize_24</font>
							<textcolor>white</textcolor>
							<shadowcolor>99000000</shadowcolor>
							<align>left</align>
							<aligny>center</aligny>
							<scroll>false</scroll>
							<label>$INFO[ListItem.Property(ShortOutlook)]</label>
						</control>
						<control type="label">
							<left>83</left>
							<top>110</top>
							<width>200</width>
							<height>30</height>
							<font>FontSize_20</font>
							<textcolor>white</textcolor>
							<shadowcolor>99000000</shadowcolor>
							<align>right</align>
							<aligny>center</aligny>
							<label>$INFO[ListItem.Property(HighTemperature)]</label>
						</control>
						<control type="label">
							<left>83</left>
							<top>135</top>
							<width>200</width>
							<height>30</height>
							<font>FontSize_20</font>
							<textcolor>white</textcolor>
							<shadowcolor>99000000</shadowcolor>
							<align>right</align>
							<aligny>center</aligny>
							<label>$INFO[ListItem.Property(LowTemperature)]</label>
						</control>
						<control type="group">
							<left>22</left>
							<control type="label">
								<top>215</top>
								<width>265</width>
								<height>30</height>
								<font>FontSize_18</font>
								<textcolor>white</textcolor>
								<shadowcolor>99000000</shadowcolor>
								<align>left</align>
								<aligny>center</aligny>
								<label>$INFO[ListItem.Property(FeelsLike)]</label>
							</control>
							<control type="label">
								<top>240</top>
								<width>265</width>
								<height>30</height>
								<font>FontSize_18</font>
								<textcolor>white</textcolor>
								<shadowcolor>99000000</shadowcolor>
								<align>left</align>
								<aligny>center</aligny>
								<label>$INFO[ListItem.Property(DewPointAndHumidity)]</label>
							</control>
							<control type="label">
								<top>265</top>
								<width>265</width>
								<height>30</height>
								<font>FontSize_18</font>
								<textcolor>white</textcolor>
								<shadowcolor>99000000</shadowcolor>
								<align>left</align>
								<align>center</align>
								<label>$INFO[ListItem.Thumb]</label>
							</control>
							<control type="label">
								<top>290</top>
								<width>265</width>
								<height>30</height>
								<font>FontSize_18</font>
								<textcolor>white</textcolor>
								<shadowcolor>99000000</shadowcolor>
								<align>left</align>
								<aligny>center</aligny>
								<label>$INFO[ListItem.Property(Outlook)]</label>
							</control>
						</control>
						<control type="image">
							<left>20</left>
							<top>30</top>
							<width>130</width>
							<height>130</height>
							<aspectratio>keep</aspectratio>
							<texture>$INFO[ListItem.Icon]</texture>
						</control>
					</focusedlayout>
					<content>
						<include>Weather_10DaysForecast</include>
					</content>
				</control>
			</control>
		</control>
	</include>
</includes>