<?xml version="1.0" encoding="UTF-8"?>
<includes> 

  <include name="NextAiredNotifications">
		<control type="group">
		  <left>45</left>
			<top>640</top>
			<visible>![Container.Content(Episodes) + Substring(Container.FolderPath,plugin://) | Stringcompare(ListItem.Label,..)]</visible>
	    <include>NotificationsAnimations</include>
		  <visible>!Window.IsActive(ShutdownMenu)</visible>
		  <animation type="Conditional" reversible="false" condition="![Window.IsActive(InfoDialog) | Window.IsActive(extendedprogressdialog) | Library.IsScanningVideo]">
	      <effect type="fade" start="0" end="100" time="400" delay="250" tween="sine" easing="in"  />
	      <effect type="slide" start="0,-35" end="0,0" time="450" delay="250" tween="cubic" easing="out" />
		  </animation>
		  <animation type="Conditional" reversible="false" condition="Window.IsActive(InfoDialog) | Window.IsActive(extendedprogressdialog) | Library.IsScanningVideo">
	      <effect type="fade" start="100" end="0" time="400" tween="sine" easing="out" />
	      <effect type="slide" start="0,0" end="0,-35" time="450" tween="sine" easing="out" />
		  </animation>
			<control type="group">
	      <include>NotificationsAnimations</include>
        <visible>[Container.Content(TVShows) | Container.Content(Seasons) | Container.Content(Episodes)]</visible>
        <visible>!IsEmpty(Window(Home).Property(NextAired.NextDate))</visible>
				<control type="grouplist">
    		  <left>0</left>
    			<top>0</top>
    			<height>60</height>
    			<width>1140</width>
    			<align>right</align>
    			<aligny>center</aligny>
    			<itemgap>5</itemgap>
    			<orientation>horizontal</orientation>
					<control type="group">
				    <width>540</width>
						<control type="label">
					    <description>First Line</description>
							<top>0</top>
							<height>33</height>
							<width>540</width>
							<font>NotificationsFont</font>
							<textcolor>white</textcolor>
							<shadowcolor>77000000</shadowcolor>
					    <align>right</align>
					    <aligny>center</aligny>
							<scroll>false</scroll>
	            <label>$INFO[Window(Home).Property(NextAired.NextNumber),,. ]$INFO[Window(Home).Property(NextAired.NextTitle)]</label>
						</control>
						<control type="label">
					    <description>Second Line</description>
							<top>20</top>
							<height>35</height>
							<width>540</width>
							<font>NotificationsFont</font>
							<textcolor>99white</textcolor>
							<shadowcolor>77000000</shadowcolor>
					    <align>right</align>
					    <aligny>center</aligny>
							<scroll>false</scroll>
	            <label>$INFO[Window(Home).Property(NextAired.NextDate),$LOCALIZE[31215] ]$INFO[Window(Home).Property(NextAired.AirTime),$COMMA ]</label>
						</control>
					</control>				
			  </control>
				<control type="image">
  				<left>1141</left>
  			  <top>-1</top>
  				<width>55</width>
  				<height>55</height>
  				<aspectratio>stretch</aspectratio>
  			  <texture>icons/notification_time.png</texture>
				</control>
			</control>
			<control type="group">
	      <include>NotificationsAnimations</include>
        <visible>[Container.Content(TVShows) | Container.Content(Seasons) | Container.Content(Episodes)]</visible>
        <visible>IsEmpty(Window(Home).Property(NextAired.NextDate)) + !IsEmpty(Window(Home).Property(NextAired.LatestTitle))</visible>
				<control type="grouplist">
    		  <left>0</left>
    			<top>0</top>
    			<height>60</height>
    			<width>1140</width>
    			<align>right</align>
    			<aligny>center</aligny>
    			<itemgap>5</itemgap>
    			<orientation>horizontal</orientation>
					<control type="group">
				    <width>540</width>
						<control type="label">
					    <description>First Line</description>
							<top>0</top>
							<height>33</height>
							<width>540</width>
							<font>NotificationsFont</font>
							<textcolor>white</textcolor>
							<shadowcolor>77000000</shadowcolor>
					    <align>right</align>
					    <aligny>center</aligny>
							<scroll>false</scroll>
	            <label>$INFO[Window(Home).Property(NextAired.LatestNumber),,. ]$INFO[Window(Home).Property(NextAired.LatestTitle)]</label>
						</control>
						<control type="label">
					    <description>Second Line</description>
							<top>20</top>
							<height>35</height>
							<width>540</width>
							<font>NotificationsFont</font>
							<textcolor>99white</textcolor>
							<shadowcolor>77000000</shadowcolor>
					    <align>right</align>
					    <aligny>center</aligny>
							<scroll>false</scroll>
	            <label>$INFO[Window(Home).Property(NextAired.Status)]$INFO[Window(Home).Property(NextAired.LatestDate), • $LOCALIZE[31216] ,]</label>
						</control>
					</control>				
			  </control>
				<control type="image">
  				<left>1141</left>
  			  <top>-1</top>
					<width>55</width>
					<height>55</height>
					<aspectratio>stretch</aspectratio>
				  <texture>icons/notification_warning.png</texture>
					<visible>!StringCompare(Window(Home).Property(NextAired.StatusID),1)</visible>
				</control>
				<control type="image">
  				<left>1141</left>
  			  <top>-1</top>
					<width>55</width>
					<height>55</height>
					<aspectratio>stretch</aspectratio>
				  <texture>icons/notification_error.png</texture>
					<visible>StringCompare(Window(Home).Property(NextAired.StatusID),1)</visible>
				</control>
			</control>
		</control>
  </include>


  <include name="AddonsNotifications">
		<control type="group">
		  <left>45</left>
			<top>640</top>
	    <include>NotificationsAnimations</include>
		  <visible>!Window.IsActive(ShutdownMenu) + !Stringcompare(ListItem.Label,..)</visible>
		  <animation type="Conditional" reversible="false" condition="![Window.IsActive(InfoDialog) | Window.IsActive(extendedprogressdialog)]">
	      <effect type="fade" start="0" end="100" time="400" delay="250" tween="sine" easing="in"  />
	      <effect type="slide" start="0,-35" end="0,0" time="450" delay="250" tween="cubic" easing="out" />
		  </animation>
		  <animation type="Conditional" reversible="false" condition="Window.IsActive(InfoDialog) | Window.IsActive(extendedprogressdialog)">
	      <effect type="fade" start="100" end="0" time="400" tween="sine" easing="out" />
	      <effect type="slide" start="0,0" end="0,-35" time="450" tween="sine" easing="out" />
		  </animation>
			<control type="group">
	      <include>NotificationsAnimations</include>
        <visible>Container.Content(Addons)</visible>
				<visible>!IsEmpty(ListItem.Property(Addon.Broken))</visible>
				<control type="grouplist">
    		  <left>0</left>
    			<top>0</top>
    			<height>60</height>
    			<width>1140</width>
    			<align>right</align>
    			<aligny>center</aligny>
    			<itemgap>5</itemgap>
    			<orientation>horizontal</orientation>
					<control type="group">
				    <width>540</width>
						<control type="label">
					    <description>First Line</description>
							<top>0</top>
							<height>33</height>
							<width>540</width>
							<font>NotificationsFont</font>
							<textcolor>white</textcolor>
							<shadowcolor>77000000</shadowcolor>
					    <align>right</align>
					    <aligny>center</aligny>
							<scroll>false</scroll>
	            <label>$INFO[ListItem.Label2]</label>
						</control>
						<control type="label">
					    <description>Second Line</description>
							<top>20</top>
							<height>35</height>
							<width>540</width>
							<font>NotificationsFont</font>
							<textcolor>99white</textcolor>
							<shadowcolor>77000000</shadowcolor>
					    <align>right</align>
					    <aligny>center</aligny>
							<scroll>false</scroll>
	            <label>$INFO[ListItem.Property(Addon.Broken)]</label>
						</control>
					</control>				
			  </control>
				<control type="image">
  				<left>1141</left>
  			  <top>-1</top>
					<width>55</width>
					<height>55</height>
					<aspectratio>stretch</aspectratio>
					<texture>icons/notification_error.png</texture>
					<align>right</align>
					<aligny>center</aligny>
				</control>
			</control>

			<control type="group">
	      <include>NotificationsAnimations</include>
        <visible>Container.Content(Addons)</visible>
				<visible>!IsEmpty(ListItem.Property(Addon.Status)) + IsEmpty(ListItem.Property(Addon.Broken))</visible>
				<control type="grouplist">
    		  <left>0</left>
    			<top>0</top>
    			<height>60</height>
    			<width>1140</width>
    			<align>right</align>
    			<aligny>center</aligny>
    			<itemgap>5</itemgap>
    			<orientation>horizontal</orientation>
					<control type="group">
				    <width>540</width>
						<control type="label">
					    <description>First Line</description>
							<top>0</top>
							<height>33</height>
							<width>540</width>
							<font>NotificationsFont</font>
							<textcolor>white</textcolor>
							<shadowcolor>77000000</shadowcolor>
					    <align>right</align>
					    <aligny>center</aligny>
							<scroll>false</scroll>
	            <label>$INFO[ListItem.Property(Addon.Status)]</label>
						</control>
						<control type="label">
					    <description>Second Line</description>
							<top>20</top>
							<height>35</height>
							<width>540</width>
							<font>NotificationsFont</font>
							<textcolor>99white</textcolor>
							<shadowcolor>77000000</shadowcolor>
					    <align>right</align>
					    <aligny>center</aligny>
							<scroll>false</scroll>
	            <label>$INFO[ListItem.Property(Addon.Disclaimer)]</label>
				      <visible>!IsEmpty(ListItem.Property(Addon.Disclaimer))</visible>
						</control>
						<control type="label">
					    <description>Second Line</description>
							<top>20</top>
							<height>35</height>
							<width>480</width>
							<font>NotificationsFont</font>
							<textcolor>99white</textcolor>
							<shadowcolor>77000000</shadowcolor>
					    <align>right</align>
					    <aligny>center</aligny>
							<scroll>false</scroll>
	            <label>$LOCALIZE[24052] $LOCALIZE[416]</label>
				      <visible>IsEmpty(ListItem.Property(Addon.Disclaimer))</visible>
						</control>
					</control>				
			  </control>
				<control type="image">
  				<left>1141</left>
  			  <top>-1</top>
					<width>55</width>
					<height>55</height>
					<aspectratio>stretch</aspectratio>
					<texture>icons/notification_info.png</texture>
				</control>
			</control>			
		</control>
  </include>


  <include name="WeatherAlertsNotifications">
		<control type="group">
		  <left>45</left>
			<top>640</top>
	    <include>NotificationsAnimations</include>
		  <visible>!Window.IsActive(ShutdownMenu)</visible>
		  <animation type="Conditional" reversible="false" condition="![Window.IsActive(InfoDialog) | Window.IsActive(extendedprogressdialog)]">
	      <effect type="fade" start="0" end="100" time="400" delay="250" tween="sine" easing="in"  />
	      <effect type="slide" start="0,-35" end="0,0" time="450" delay="250" tween="cubic" easing="out" />
		  </animation>
		  <animation type="Conditional" reversible="false" condition="Window.IsActive(InfoDialog) | Window.IsActive(extendedprogressdialog)">
	      <effect type="fade" start="100" end="0" time="400" tween="sine" easing="out" />
	      <effect type="slide" start="0,0" end="0,-35" time="450" tween="sine" easing="out" />
		  </animation>
			<control type="group">
	      <include>NotificationsAnimations</include>
        <visible>Window.IsVisible(Weather)</visible>
			  <visible>!IsEmpty(Window.Property(Alerts.RSS)) + !IsEmpty(Window.Property(Current.Condition))</visible>
				<control type="grouplist">
    		  <left>0</left>
    			<top>0</top>
    			<height>60</height>
    			<width>1195</width>
    			<align>right</align>
    			<aligny>center</aligny>
    			<itemgap>5</itemgap>
    			<orientation>horizontal</orientation>
					<control type="group">
				    <width>540</width>
						<control type="label">
					    <description>First Line</description>
							<top>0</top>
							<height>33</height>
							<width>540</width>
							<font>NotificationsFont</font>
							<textcolor>white</textcolor>
							<shadowcolor>77000000</shadowcolor>
					    <align>right</align>
					    <aligny>center</aligny>
							<scroll>false</scroll>
	            <label>$VAR[WeatherAlerts]</label>
						</control>
						<control type="label">
					    <description>Second Line</description>
							<top>20</top>
							<height>35</height>
							<width>540</width>
							<font>NotificationsFont</font>
							<textcolor>99white</textcolor>
							<shadowcolor>77000000</shadowcolor>
					    <align>right</align>
					    <aligny>center</aligny>
							<scroll>false</scroll>
	            <label>$INFO[Window.Property(Alerts)]</label>
						</control>
					</control>				
			  </control>
				<control type="image">
  				<left>1141</left>
  			  <top>-1</top>
					<width>55</width>
					<height>55</height>
					<aspectratio>stretch</aspectratio>
					<texture>icons/notification_warning.png</texture>
				</control>
			</control>
		</control>
  </include>

</includes>
