<?xml version="1.0" encoding="UTF-8"?>
<window  id="130">
	<defaultcontrol>5</defaultcontrol>
	<controls>
		<control type="group">
			<include>DialogAnimation</include>
			<visible>!Window.IsActive(virtualkeyboard) + !Window.IsActive(numericinput) + !Window.IsActive(LockSettings) + !Window.IsActive(yesnodialog) + !Window.IsActive(filebrowser)</visible>
			<control type="image">
				<left>346</left>
				<top>179</top>
				<width>589</width>
				<height>57</height>
				<colordiffuse>blue</colordiffuse>
				<texture background="true" border="9">dialogs/other/header.png</texture>
			</control>
			<control type="image">
				<left>346</left>
				<top>233</top>
				<width>589</width>
				<height>279</height>
				<texture background="true" border="39,19,39,19">dialogs/other/body.png</texture>
			</control>
			<control type="image">
				<description>background image</description>
				<include>FullscreenDimensions</include>
				<texture>dialogs/profiles/bg_profilesettings.png</texture>
			</control>
			<control type="image">
				<left>348</left>
				<top>232</top>
				<width>585</width>
				<height>4</height>
				<aspectratio>stretch</aspectratio>
				<texture background="true">dialogs/other/header_line.png</texture>
			</control>
			<control type="label" id="2">
				<description>header label</description>
				<left>360</left>
				<top>192</top>
				<width>560</width>
				<include>DialogsHeaderLabel</include>
				<label>Remove ID to Test, Remove ID to Test, Remove</label>
			</control>

			<control type="image">
				<left>359</left>
				<top>247</top>
				<width>86</width>
				<height>80</height>
				<aspectratio align="center" aligny="center">stretch</aspectratio>
				<texture background="true" border="8">osd/quicknav/nofocus_square.png</texture>
			</control>
			<control type="image" id="101">
				<description>profile image</description>
				<left>364</left>
				<top>252</top>
				<width>76</width>
				<height>70</height>
				<aspectratio align="center" aligny="center">scale</aspectratio>
				<texture>dialogs/profiles/unknown_user.png</texture>
			</control>
			<control type="label" id="102">
				<description>profile name Value</description>
				<left>455</left>
				<top>260</top>
				<width>460</width>
				<align>left</align>
				<font>FontSize_38</font>
				<textcolor>white</textcolor>
				<label>Remove ID to Test, Remove ID to Test</label>
			</control>
			<control type="label" id="103">
				<description>profile directory Value</description>
				<left>457</left>
				<top>290</top>
				<width>460</width>
				<align>left</align>
				<font>FontSize_18</font>
				<textcolor>blue</textcolor>
				<label>Remove ID to Test, Remove ID to Test</label>
			</control>
			<control type="label.">
				<description>profile name label</description>
				<left>457</left>
				<top>290</top>
				<width>330</width>
				<align>left</align>
				<font>FontSize_18</font>
				<textcolor>blue</textcolor>
				<label>$LOCALIZE[20093]</label>
			</control>

			<control type="grouplist" id="5">
				<description>Control Area</description>
				<left>364</left>
				<top>340</top>
				<width>553</width>
				<height>149</height>
				<itemgap>4</itemgap>
				<onleft>10000</onleft>
				<onright>10000</onright>
				<onup>5</onup>
				<ondown>5</ondown>
			</control>
			<control type="button" id="7">
				<description>Default Button</description>
				<include>DialogsButton</include>
			</control>
			<control type="radiobutton" id="8">
				<description>Default RadioButton</description>
				<include>DialogsRadioButton</include>
			</control>
			<control type="spincontrolex" id="9">
				<description>Default SpinControlex</description>
				<include>DialogsSpincontrolex</include>
			</control>
			<control type="image" id="14">
				<description>Default Label</description>
				<height>2</height>
				<label>-</label>
				<visible>false</visible>
			</control>

			<!-- Control Buttons -->
			<control type="group"  id="10000">
				<left>940</left>
				<top>467</top>
				<control type="button" id="28">
					<description>Save</description>
					<width>150</width>
					<include>DialogsButtonsText</include>
					<texturefocus border="49,0,49,0">dialogs/buttons/save_focus.png</texturefocus>
					<texturenofocus border="49,0,49,0">dialogs/buttons/save_nofocus.png</texturenofocus>
					<onleft>5</onleft>
					<onright>5</onright>
					<onup>29</onup>
					<ondown>29</ondown>
					<label>$LOCALIZE[190]</label>
				</control>
				<control type="button" id="29">
					<description>Cancel</description>
					<top>-50</top>
					<width>150</width>
					<include>DialogsButtonsText</include>
					<texturefocus border="49,0,49,0">dialogs/buttons/cancel_focus.png</texturefocus>
					<texturenofocus border="49,0,49,0">dialogs/buttons/cancel_nofocus.png</texturenofocus>
					<onleft>5</onleft>
					<onright>5</onright>
					<onup>28</onup>
					<ondown>28</ondown>
					<label>$LOCALIZE[222]</label>
				</control>
			</control>
		</control>
	</controls>
</window>		