<?xml version="1.0" encoding="UTF-8"?>
<window  type="dialog">
	<defaultcontrol>-</defaultcontrol>
	<allowoverlay>no</allowoverlay>
	<controls>
		<control type="list" id="100">
			<posx>-10</posx>
			<posy>-10</posy>
			<width>1</width>
			<height>1</height>
			<visible>false</visible>
			<itemlayout width="1" height="1"/>
			<focusedlayout width="1" height="1"/>
		</control>
		
		<control type="group">
			<include>ShutdownMenuAnimation</include>
			<include>DialogAnimation</include>

			<!-- ================= -->
			<!--  Main Lists Code  -->
			<!-- ================= -->
			<control type="group" id="101">

				<!-- Movies -->
				<control type="group"  id="110">
						<posx>375</posx>
						<posy>150</posy>
					<!-- Title label -->
					<control type="label">
							<width>870</width>
						  <label>$INFO[Container(100).ListItem.Label]</label>
							<font>FontSize_40</font>
							<textcolor>white</textcolor>
						  <shadowcolor>99000000</shadowcolor>
							<align>left</align>
							<scroll>false</scroll>
					</control>
					<!-- Genre label -->
						<control type="label">
							<posx>1</posx>
							<posy>32</posy>
							<width>870</width>
							<height>30</height>
							<label>$INFO[Container(100).ListItem.Property(Genre)]</label>
							<font>FontSize_22</font>
						  <textcolor>99white</textcolor>
						  <shadowcolor>99000000</shadowcolor>
						</control>
					 <control type="group">
						<posx>1</posx>
						<posy>80</posy>
						<!-- Director label -->
						<control type="grouplist">
							<posy>0</posy>
							<width>855</width>
							<height>25</height>
						  <orientation>horizontal</orientation>
							<control type="label">
								<width min="10" max="780">auto</width>
							  <height>25</height>
								<label>$LOCALIZE[20339]:</label>
								<font>FontSize_22</font>
						    <textcolor>white</textcolor>
						    <shadowcolor>99000000</shadowcolor>
							</control>
							<control type="label">
								<width min="10" max="780">auto</width>
							  <height>25</height>
								<label fallback="195">$INFO[Container(100).ListItem.Property(Director)]</label>
								<font>FontSize_22</font>
							  <textcolor>99white</textcolor>
						    <shadowcolor>99000000</shadowcolor>
							</control>
						</control>
						<!-- Writer label -->
						<control type="grouplist">
							<posy>25</posy>
							<width>855</width>
							<height>25</height>
						  <orientation>horizontal</orientation>
							<control type="label">
								<width min="10" max="780">auto</width>
							  <height>25</height>
								<label>$LOCALIZE[20417]:</label>
								<font>FontSize_22</font>
						    <textcolor>white</textcolor>
						    <shadowcolor>99000000</shadowcolor>
							</control>
							<control type="label">
								<width min="10" max="780">auto</width>
							  <height>25</height>
								<label fallback="195">$INFO[Container(100).ListItem.Property(Writer)]</label>
								<font>FontSize_22</font>
							  <textcolor>99white</textcolor>
						    <shadowcolor>99000000</shadowcolor>
							</control>
						</control>
						<!-- Year label -->
						<control type="grouplist">
							<posx>0</posx>
							<posy>50</posy>
							<width>855</width>
							<height>25</height>
						  <orientation>horizontal</orientation>
							<control type="label">
								<width min="10" max="780">auto</width>
							  <height>25</height>
								<label>$LOCALIZE[345]:</label>
								<font>FontSize_22</font>
						    <textcolor>white</textcolor>
						    <shadowcolor>99000000</shadowcolor>
							</control>
							<control type="label">
								<width min="10" max="780">auto</width>
							  <height>25</height>
								<label fallback="195">$INFO[Container(100).ListItem.Property(Year)]</label>
								<font>FontSize_22</font>
							  <textcolor>99white</textcolor>
						    <shadowcolor>99000000</shadowcolor>
							</control>
						</control>
			      <!-- Runtime Label -->
						<control type="grouplist">
							<posx>0</posx>
							<posy>75</posy>
							<width>855</width>
							<height>25</height>
						  <orientation>horizontal</orientation>
							<control type="label">
								<width min="10" max="780">auto</width>
							  <height>25</height>
								<label>$LOCALIZE[2050]:</label>
								<font>FontSize_22</font>
						    <textcolor>white</textcolor>
						    <shadowcolor>99000000</shadowcolor>
							</control>
							<control type="label">
								<width min="10" max="780">auto</width>
							  <height>25</height>
								<label>$INFO[Container(100).ListItem.Property(Duration)]</label>
								<font>FontSize_22</font>
							  <textcolor>99white</textcolor>
						    <shadowcolor>99000000</shadowcolor>
							  <visible>substring(Container(100).ListItem.Property(Duration),Mins)</visible>
			          <visible>!IsEmpty(Container(100).ListItem.Property(Duration))</visible>
							</control>
							<control type="label">
								<width min="10" max="780">auto</width>
							  <height>25</height>
						    <label>$INFO[Container(100).ListItem.Property(Duration),, $LOCALIZE[12391]]</label>
								<font>FontSize_22</font>
							  <textcolor>99white</textcolor>
						    <shadowcolor>99000000</shadowcolor>
							  <visible>!substring(Container(100).ListItem.Property(Duration),Mins)</visible>
				        <visible>!IsEmpty(Container(100).ListItem.Property(Duration))</visible>
							</control>
						</control>			      
				   </control>
				</control>

				<!-- TV Shows -->
				<control type="group"  id="120">
						<posx>375</posx>
						<posy>150</posy>
					<!-- Title label -->
					<control type="label">
							<width>870</width>
						  <label>$INFO[Container(100).ListItem.Label]</label>
							<font>FontSize_40</font>
							<textcolor>white</textcolor>
						  <shadowcolor>99000000</shadowcolor>
							<align>left</align>
							<scroll>false</scroll>
					</control>
					<!-- Genre label -->
						<control type="label">
							<posx>1</posx>
							<posy>32</posy>
							<width>870</width>
							<height>30</height>
							<label>$INFO[Container(100).ListItem.Property(Genre)]</label>
							<font>FontSize_22</font>
						  <textcolor>99white</textcolor>
						  <shadowcolor>99000000</shadowcolor>
						</control>
					 <control type="group">
						<posx>1</posx>
						<posy>80</posy>
						<!-- Premiered label -->
						<control type="grouplist">
							<posy>0</posy>
							<width>855</width>
			        <height>25</height>
						  <orientation>horizontal</orientation>
							<control type="label">
								<width min="10" max="780">auto</width>
								<height>25</height>
								<label>$LOCALIZE[31004]:</label>
								<font>FontSize_22</font>
						    <textcolor>white</textcolor>
						    <shadowcolor>99000000</shadowcolor>
							</control>
							<control type="label">
								<width min="10" max="780">auto</width>
								<height>25</height>
								<label fallback="195">$INFO[Container(100).ListItem.Property(Premiered)]</label>
								<font>FontSize_22</font>
							  <textcolor>99white</textcolor>
						    <shadowcolor>99000000</shadowcolor>
							</control>
						</control>
						<!-- Studio label -->
						<control type="grouplist">
							<posx>0</posx>
							<posy>25</posy>
							<width>855</width>
			        <height>25</height>
						  <orientation>horizontal</orientation>
							<control type="label">
								<width min="10" max="780">auto</width>
								<height>25</height>
								<label>$LOCALIZE[572]:</label>
								<font>FontSize_22</font>
						    <textcolor>white</textcolor>
						    <shadowcolor>99000000</shadowcolor>
							</control>
							<control type="label">
								<width min="10" max="780">auto</width>
								<height>25</height>
								<label fallback="195">$INFO[Container(100).ListItem.Property(Studio)]</label>
								<font>FontSize_22</font>
							  <textcolor>99white</textcolor>
						    <shadowcolor>99000000</shadowcolor>
							</control>
						</control>
						<!-- MPAA label -->
						<control type="grouplist">
							<posx>0</posx>
							<posy>50</posy>
							<width>855</width>
			        <height>25</height>
						  <orientation>horizontal</orientation>
							<control type="label">
								<width min="10" max="780">auto</width>
								<height>25</height>
								<label>$LOCALIZE[20074]:</label>
								<font>FontSize_22</font>
						    <textcolor>white</textcolor>
						    <shadowcolor>99000000</shadowcolor>
							</control>
							<control type="label">
								<width min="10" max="780">auto</width>
								<height>25</height>
								<label fallback="195">$INFO[Container(100).ListItem.Property(MPAA)]</label>
								<font>FontSize_22</font>
							  <textcolor>99white</textcolor>
						    <shadowcolor>99000000</shadowcolor>
							</control>
						</control>
			      <!-- Episodes Label -->
						<control type="grouplist">
							<posx>0</posx>
							<posy>75</posy>
							<width>855</width>
			        <height>25</height>
						  <orientation>horizontal</orientation>
							<control type="label">
								<width min="10" max="780">auto</width>
								<height>25</height>
								<label>$LOCALIZE[20360]:</label>
								<font>FontSize_22</font>
						    <textcolor>white</textcolor>
						    <shadowcolor>99000000</shadowcolor>
							</control>
							<control type="label">
								<width min="10" max="780">auto</width>
								<height>25</height>
								<label fallback="195">$INFO[Container(100).ListItem.Property(Episode)]</label>
								<font>FontSize_22</font>
							  <textcolor>99white</textcolor>
						    <shadowcolor>99000000</shadowcolor>
							</control>
						</control>
				   </control>
				</control>

				
				<!-- Seasons (Disabled) -->
				<control type="group" id="130"></control>

				<!-- Episodes -->
				<control type="group"  id="140">
						<posx>375</posx>
						<posy>150</posy>
					<!-- Title label -->
					<control type="label">
							<width>870</width>
						  <label>$INFO[Container(100).ListItem.Label]</label>
							<font>FontSize_40</font>
							<textcolor>white</textcolor>
						  <shadowcolor>99000000</shadowcolor>
							<align>left</align>
							<scroll>false</scroll>
					</control>
					<!-- Show Name, Episode Number label -->
						<control type="label">
							<posx>1</posx>
							<posy>32</posy>
							<width>870</width>
							<height>25</height>
              <label>$INFO[Container(100).ListItem.Property(TVShowTitle)]$INFO[Container(100).ListItem.Property(Season), • $LOCALIZE[20373] ,]$INFO[Container(100).ListItem.Property(Episode), • $LOCALIZE[20359] ,]</label>
							<font>FontSize_22</font>
						  <textcolor>99white</textcolor>
						  <shadowcolor>99000000</shadowcolor>
						</control>
					 <control type="group">
						<posx>1</posx>
						<posy>80</posy>
						<!-- Aired label -->
						<control type="grouplist">
							<posx>0</posx>
							<posy>0</posy>
							<width>855</width>
			        <height>25</height>
						  <orientation>horizontal</orientation>
							<control type="label">
								<width min="10" max="780">auto</width>
								<height>25</height>
								<label>$LOCALIZE[31003]:</label>
								<font>FontSize_22</font>
						    <textcolor>white</textcolor>
						    <shadowcolor>99000000</shadowcolor>
							</control>
							<control type="label">
								<width min="10" max="780">auto</width>
								<height>25</height>
								<label fallback="195">$INFO[Container(100).ListItem.Property(Premiered)]</label>
								<font>FontSize_22</font>
							  <textcolor>99white</textcolor>
						    <shadowcolor>99000000</shadowcolor>
							</control>
						</control>
			      <!-- Runtime Label -->
						<control type="grouplist">
							<posx>0</posx>
							<posy>25</posy>
							<width>855</width>
			        <height>25</height>
						  <orientation>horizontal</orientation>
							<control type="label">
								<width min="10" max="780">auto</width>
								<height>25</height>
								<label>$LOCALIZE[2050]:</label>
								<font>FontSize_22</font>
						    <textcolor>white</textcolor>
						    <shadowcolor>99000000</shadowcolor>
							</control>
							<control type="label">
								<width min="10" max="780">auto</width>
								<height>25</height>
								<label>$INFO[Container(100).ListItem.Property(Duration)]</label>
								<font>FontSize_22</font>
							  <textcolor>99white</textcolor>
						    <shadowcolor>99000000</shadowcolor>
							  <visible>substring(Container(100).ListItem.Property(Duration),Mins)</visible>
			          <visible>!IsEmpty(Container(100).ListItem.Property(Duration))</visible>
							</control>
							<control type="label">
								<width min="10" max="780">auto</width>
								<height>25</height>
						    <label>$INFO[Container(100).ListItem.Property(Duration),, $LOCALIZE[12391]]</label>
								<font>FontSize_22</font>
							  <textcolor>99white</textcolor>
						    <shadowcolor>99000000</shadowcolor>
							  <visible>!substring(Container(100).ListItem.Property(Duration),Mins)</visible>
				        <visible>!IsEmpty(Container(100).ListItem.Property(Duration))</visible>
							</control>
						</control>
						<!-- Director label -->
						<control type="grouplist">
							<posx>0</posx>
							<posy>50</posy>
							<width>855</width>
			        <height>25</height>
						  <orientation>horizontal</orientation>
							<control type="label">
								<width min="10" max="780">auto</width>
								<height>25</height>
								<label>$LOCALIZE[20339]:</label>
								<font>FontSize_22</font>
						    <textcolor>white</textcolor>
						    <shadowcolor>99000000</shadowcolor>
							</control>
							<control type="label">
								<width min="10" max="780">auto</width>
								<height>25</height>
								<label fallback="195">$INFO[Container(100).ListItem.Property(Director)]</label>
								<font>FontSize_22</font>
							  <textcolor>99white</textcolor>
						    <shadowcolor>99000000</shadowcolor>
							</control>
						</control>
						<!-- Writer label -->
						<control type="grouplist">
							<posx>0</posx>
							<posy>75</posy>
							<width>855</width>
			        <height>25</height>
						  <orientation>horizontal</orientation>
							<control type="label">
								<width min="10" max="780">auto</width>
								<height>25</height>
								<label>$LOCALIZE[20417]:</label>
								<font>FontSize_22</font>
						    <textcolor>white</textcolor>
						    <shadowcolor>99000000</shadowcolor>
							</control>
							<control type="label">
								<width min="10" max="780">auto</width>
								<height>25</height>
								<label fallback="195">$INFO[Container(100).ListItem.Property(Writer)]</label>
								<font>FontSize_22</font>
							  <textcolor>99white</textcolor>
						    <shadowcolor>99000000</shadowcolor>
							</control>
						</control>
				   </control>
				</control>
				
				<!-- Music Videos (Disabled) -->
				<control type="group" id="150"></control>

				<!-- Artists -->
				<control type="group" id="160">
						<posx>440</posx>
						<posy>170</posy>
					<!-- Title label -->
					<control type="label">
							<width>800</width>
						  <label>$INFO[Container(100).ListItem.Label]</label>
							<font>FontSize_40</font>
							<textcolor>white</textcolor>
						  <shadowcolor>99000000</shadowcolor>
							<align>left</align>
							<scroll>false</scroll>
					</control>
					<!-- Genre label -->
						<control type="label">
							<posx>1</posx>
							<posy>32</posy>
							<width>800</width>
							<height>30</height>
							<label>$INFO[Container(100).ListItem.Property(Artist_Genre)]</label>
							<font>FontSize_22</font>
						  <textcolor>99white</textcolor>
						  <shadowcolor>99000000</shadowcolor>
						</control>
					 <control type="group">
						<posx>1</posx>
						<posy>80</posy>
						<!-- Artist Formed label -->
						<control type="grouplist">
							<posy>0</posy>
							<width>800</width>
			        <height>25</height>
						  <orientation>horizontal</orientation>
							<control type="label">
								<width min="10" max="715">auto</width>
								<height>25</height>
								<label>$LOCALIZE[21894]:</label>
								<font>FontSize_22</font>
								<textcolor>white</textcolor>
								<shadowcolor>99000000</shadowcolor>
							</control>
							<control type="label">
								<width min="10" max="715">auto</width>
								<height>25</height>
								<label fallback="195">$INFO[Container(100).ListItem.Property(Artist_Formed)]</label>
								<font>FontSize_22</font>
								<textcolor>99white</textcolor>
								<shadowcolor>99000000</shadowcolor>
							</control>
						</control>
				    <!-- Years Active label -->
						<control type="grouplist">
							<posy>25</posy>
							<width>800</width>
			        <height>25</height>
						  <orientation>horizontal</orientation>
							<control type="label">
								<width min="10" max="715">auto</width>
								<height>25</height>
								<label>$LOCALIZE[21898]:</label>
								<font>FontSize_22</font>
								<textcolor>white</textcolor>
								<shadowcolor>99000000</shadowcolor>
							</control>
							<control type="label">
								<width min="10" max="715">auto</width>
								<height>25</height>
								<label fallback="195">$INFO[Container(100).ListItem.Property(Artist_YearsActive)]</label>
								<font>FontSize_22</font>
								<textcolor>99white</textcolor>
								<shadowcolor>99000000</shadowcolor>
							</control>
						</control>
				    <!-- Disbanded label -->
						<control type="grouplist">
							<posy>50</posy>
							<width>800</width>
			        <height>25</height>
						  <orientation>horizontal</orientation>
							<control type="label">
								<width min="10" max="715">auto</width>
								<height>25</height>
								<label>$LOCALIZE[21896]:</label>
								<font>FontSize_22</font>
								<textcolor>white</textcolor>
								<shadowcolor>99000000</shadowcolor>
							</control>
							<control type="label">
								<width min="10" max="715">auto</width>
								<height>25</height>
								<label fallback="195">$INFO[Container(100).ListItem.Property(Artist_Disbanded)]</label>
								<font>FontSize_22</font>
								<textcolor>99white</textcolor>
								<shadowcolor>99000000</shadowcolor>
							</control>
						</control>
				    <!-- Styles label -->
						<control type="grouplist">
							<posy>75</posy>
							<width>800</width>
			        <height>25</height>
						  <orientation>horizontal</orientation>
							<control type="label">
								<width min="10" max="715">auto</width>
								<height>25</height>
								<label>$LOCALIZE[176]:</label>
								<font>FontSize_22</font>
								<textcolor>white</textcolor>
								<shadowcolor>99000000</shadowcolor>
							</control>
							<control type="label">
								<width min="10" max="715">auto</width>
								<height>25</height>
								<label fallback="195">$INFO[Container(100).ListItem.Property(Artist_Style)]</label>
								<font>FontSize_22</font>
								<textcolor>99white</textcolor>
								<shadowcolor>99000000</shadowcolor>
							</control>
						</control>
				   </control>
				</control>

				<!-- Albums -->
				<control type="group" id="170">
						<posx>440</posx>
						<posy>170</posy>
					<!-- Title label -->
					<control type="label">
							<width>800</width>
						  <label>$INFO[Container(100).ListItem.Label]</label>
							<font>FontSize_40</font>
							<textcolor>white</textcolor>
						  <shadowcolor>99000000</shadowcolor>
							<align>left</align>
							<scroll>false</scroll>
					</control>
					<!-- Artist label -->
						<control type="label">
							<posx>1</posx>
							<posy>32</posy>
							<width>800</width>
							<height>30</height>
							<label>$INFO[Container(100).ListItem.Property(Artist)]</label>
							<font>FontSize_22</font>
						  <textcolor>99white</textcolor>
						  <shadowcolor>99000000</shadowcolor>
						</control>
					 <control type="group">
						<posx>1</posx>
						<posy>80</posy>
						<!-- Genre label -->
						<control type="grouplist">
							<posy>0</posy>
							<width>800</width>
			        <height>25</height>
						  <orientation>horizontal</orientation>
							<control type="label">
								<width min="10" max="715">auto</width>
								<height>25</height>
								<label>$LOCALIZE[515]:</label>
								<font>FontSize_22</font>
								<textcolor>white</textcolor>
								<shadowcolor>99000000</shadowcolor>
							</control>
							<control type="label">
								<width min="10" max="715">auto</width>
								<height>25</height>
								<label fallback="195">$INFO[Container(100).ListItem.Property(Genre)]</label>
								<font>FontSize_22</font>
								<textcolor>99white</textcolor>
								<shadowcolor>99000000</shadowcolor>
							</control>
						</control>
				    <!-- Year label -->
						<control type="grouplist">
							<posy>25</posy>
							<width>800</width>
			        <height>25</height>
						  <orientation>horizontal</orientation>
							<control type="label">
								<width min="10" max="715">auto</width>
								<height>25</height>
								<label>$LOCALIZE[345]:</label>
								<font>FontSize_22</font>
								<textcolor>white</textcolor>
								<shadowcolor>99000000</shadowcolor>
							</control>
							<control type="label">
								<width min="10" max="715">auto</width>
								<height>25</height>
								<label fallback="195">$INFO[Container(100).ListItem.Property(Year)]</label>
								<font>FontSize_22</font>
								<textcolor>99white</textcolor>
								<shadowcolor>99000000</shadowcolor>
							</control>
						</control>
						<!-- Record label -->
						<control type="grouplist">
							<posy>50</posy>
							<width>800</width>
			        <height>25</height>
						  <orientation>horizontal</orientation>
							<control type="label">
								<width min="10" max="715">auto</width>
								<height>25</height>
								<label>$LOCALIZE[21899]:</label>
								<font>FontSize_22</font>
								<textcolor>white</textcolor>
								<shadowcolor>99000000</shadowcolor>
							</control>
							<control type="label">
								<width min="10" max="715">auto</width>
								<height>25</height>
								<label fallback="195">$INFO[Container(100).ListItem.Property(Album_label)]</label>
								<font>FontSize_22</font>
								<textcolor>99white</textcolor>
								<shadowcolor>99000000</shadowcolor>
							</control>
						</control>
				    <!-- Type label -->
						<control type="grouplist">
							<posy>75</posy>
							<width>800</width>
			        <height>25</height>
						  <orientation>horizontal</orientation>
							<control type="label">
								<width min="10" max="715">auto</width>
								<height>25</height>
								<label>$LOCALIZE[467]:</label>
								<font>FontSize_22</font>
								<textcolor>white</textcolor>
								<shadowcolor>99000000</shadowcolor>
							</control>
							<control type="label">
								<width min="10" max="715">auto</width>
								<height>25</height>
								<label fallback="195">$INFO[Container(100).ListItem.Property(Album_Type)]</label>
								<font>FontSize_22</font>
								<textcolor>99white</textcolor>
								<shadowcolor>99000000</shadowcolor>
							</control>
						</control>
				   </control>
				</control>

				<!-- Songs -->
				<control type="group" id="180">
						<posx>440</posx>
						<posy>170</posy>
					<!-- Title label -->
					<control type="label">
							<width>800</width>
						  <label>$INFO[Container(100).ListItem.Label]</label>
							<font>FontSize_40</font>
							<textcolor>white</textcolor>
						  <shadowcolor>99000000</shadowcolor>
							<align>left</align>
							<scroll>false</scroll>
					</control>
					<!-- Album-Artist label -->
						<control type="label">
							<posx>1</posx>
							<posy>32</posy>
							<width>800</width>
							<height>30</height>
							<label>$INFO[Container(100).ListItem.Property(Album)]$INFO[Container(100).ListItem.Property(Artist), - ]</label>
							<font>FontSize_22</font>
						  <textcolor>99white</textcolor>
						  <shadowcolor>99000000</shadowcolor>
						</control>
					 <control type="group">
						<posx>1</posx>
						<posy>80</posy>
						<!-- Track label -->
						<control type="grouplist">
							<posy>0</posy>
							<width>800</width>
			        <height>25</height>
						  <orientation>horizontal</orientation>
							<control type="label">
								<width min="10" max="715">auto</width>
								<height>25</height>
								<label>$LOCALIZE[554]:</label>
								<font>FontSize_22</font>
								<textcolor>white</textcolor>
								<shadowcolor>99000000</shadowcolor>
							</control>
							<control type="label">
								<width min="10" max="715">auto</width>
								<height>25</height>
								<label>$INFO[Container(100).ListItem.Property(Track),#0]</label>
								<font>FontSize_22</font>
								<textcolor>99white</textcolor>
								<shadowcolor>99000000</shadowcolor>
							  <visible>!IntegerGreaterThan(Container(100).ListItem.Property(Track),9)</visible>
							</control>
							<control type="label">
								<width min="10" max="715">auto</width>
								<height>25</height>
								<label>$INFO[Container(100).ListItem.Property(Track),#]</label>
								<font>FontSize_22</font>
								<textcolor>99white</textcolor>
								<shadowcolor>99000000</shadowcolor>
							  <visible>IntegerGreaterThan(Container(100).ListItem.Property(Track),9)</visible>
							</control>
						</control>
						<!-- Duration label -->
						<control type="grouplist">
							<posy>25</posy>
							<width>800</width>
			        <height>25</height>
						  <orientation>horizontal</orientation>
							<control type="label">
								<width min="10" max="715">auto</width>
								<height>25</height>
								<label>$LOCALIZE[2050]:</label>
								<font>FontSize_22</font>
								<textcolor>white</textcolor>
								<shadowcolor>99000000</shadowcolor>
							</control>
							<control type="label">
								<width min="10" max="715">auto</width>
								<height>25</height>
                <label>$INFO[Container(100).ListItem.Property(Duration),, $LOCALIZE[12391]]</label>
								<font>FontSize_22</font>
								<textcolor>99white</textcolor>
								<shadowcolor>99000000</shadowcolor>
							</control>
						</control>
				    <!-- Year label -->
						<control type="grouplist">
							<posy>50</posy>
							<width>800</width>
			        <height>25</height>
						  <orientation>horizontal</orientation>
							<control type="label">
								<width min="10" max="715">auto</width>
								<height>25</height>
								<label>$LOCALIZE[345]:</label>
								<font>FontSize_22</font>
								<textcolor>white</textcolor>
								<shadowcolor>99000000</shadowcolor>
							</control>
							<control type="label">
								<width min="10" max="715">auto</width>
								<height>25</height>
								<label fallback="195">$INFO[Container(100).ListItem.Property(Year)]</label>
								<font>FontSize_22</font>
								<textcolor>99white</textcolor>
								<shadowcolor>99000000</shadowcolor>
							</control>
						</control>
				    <!-- Genre label -->
						<control type="grouplist">
							<posy>75</posy>
							<width>800</width>
			        <height>25</height>
						  <orientation>horizontal</orientation>
							<control type="label">
								<width min="10" max="715">auto</width>
								<height>25</height>
								<label>$LOCALIZE[515]:</label>
								<font>FontSize_22</font>
								<textcolor>white</textcolor>
								<shadowcolor>99000000</shadowcolor>
							</control>
							<control type="label">
								<width min="10" max="715">auto</width>
								<height>25</height>
								<label fallback="195">$INFO[Container(100).ListItem.Property(Genre)]</label>
								<font>FontSize_22</font>
								<textcolor>99white</textcolor>
								<shadowcolor>99000000</shadowcolor>
							</control>
						</control>
				   </control>
				</control>
			</control>


			<!-- Plot info for Movies, TVShows, Episodes -->
			<control type="textbox">
					<posx>376</posx>
					<posy>373</posy>
					<width>855</width>
					<height>215</height>
					<font>FontSize_22</font>
					<align>justify</align>
					<textcolor>99white</textcolor>
					<shadowcolor>99000000</shadowcolor>
	        <label fallback="195">$INFO[Container(100).ListItem.Property(Plot)]</label>
					<autoscroll time="3000" delay="5000" repeat="5000">Skin.HasSetting(AutoScroll)</autoscroll>
				  <visible>Control.IsVisible(110) | Control.IsVisible(120) | Control.IsVisible(140)</visible>
			</control>
			<!-- Artist Description -->
			<control type="textbox">
					<posx>441</posx>
					<posy>368</posy>
					<width>785</width>
					<height>155</height>
					<font>FontSize_22</font>
					<align>justify</align>
					<textcolor>99white</textcolor>
					<shadowcolor>99000000</shadowcolor>
	        <label fallback="195">$INFO[Container(100).ListItem.Property(Artist_Description)]</label>
					<autoscroll time="3000" delay="5000" repeat="5000">Skin.HasSetting(AutoScroll)</autoscroll>
				  <visible>Control.IsVisible(160)</visible>
			</control>
			<!-- Album Description -->
			<control type="textbox">
					<posx>441</posx>
					<posy>368</posy>
					<width>785</width>
					<height>155</height>
					<font>FontSize_22</font>
					<align>justify</align>
					<textcolor>99white</textcolor>
					<shadowcolor>99000000</shadowcolor>
	        <label fallback="195">$INFO[Container(100).ListItem.Property(Album_Description)]</label>
					<autoscroll time="3000" delay="5000" repeat="5000">Skin.HasSetting(AutoScroll)</autoscroll>
				  <visible>Control.IsVisible(170)</visible>
			</control>
			<!-- Song Comments -->
			<control type="textbox">
					<posx>441</posx>
					<posy>368</posy>
					<width>785</width>
					<height>155</height>
					<font>FontSize_22</font>
					<align>justify</align>
					<textcolor>99white</textcolor>
					<shadowcolor>99000000</shadowcolor>
	        <label fallback="195">$INFO[Container(100).ListItem.Property(Comment)]</label>
					<autoscroll time="3000" delay="5000" repeat="5000">Skin.HasSetting(AutoScroll)</autoscroll>
			    <visible>Control.IsVisible(180)</visible>
			</control>

		  <!-- Path label -->
			<control type="grouplist">
        <posx>376</posx>
				<posy>330</posy>
				<width>850</width>
        <height>25</height>
				<orientation>horizontal</orientation>
			  <visible>Control.IsVisible(110) | Control.IsVisible(120) | Control.IsVisible(140)</visible>
				<control type="label">
					<width min="10" max="780">auto</width>
					<height>25</height>
					<label>$LOCALIZE[15311]</label>
					<font>FontSize_22</font>
			    <textcolor>white</textcolor>
			    <shadowcolor>99000000</shadowcolor>
				</control>
				<control type="label">
					<width min="10" max="800">auto</width>
					<height>25</height>
					<label fallback="195">$INFO[Container(100).ListItem.Property(Path)]</label>
					<font>FontSize_22</font>
			    <textcolor>99white</textcolor>
			    <shadowcolor>99000000</shadowcolor>
				</control>
			</control>


			<!-- ============ -->
			<!--  Thumb Code  -->
			<!-- ============ -->	
			<control type="group">
				<posx>45</posx>
				<posy>143</posy>
				<!-- Movies, TVShows, Episodes -->
				<control type="image">
					<description>Poster</description>
					<posx>0</posx>
					<posy>0</posy>
					<width>308</width>
					<height>450</height>
					<aspectratio align="center" aligny="top" scalediffuse="false">scale</aspectratio>
					<texture background="true" fallback="thumbs/fallback_poster_big.png" diffuse="thumbs/poster_diffuse_big.png">$INFO[Container(100).ListItem.Art(thumb)]</texture>
					<fadetime>300</fadetime>
				  <visible>Control.IsVisible(110) | Control.IsVisible(120) | Control.IsVisible(140)</visible>
				</control>
				<control type="image">
					<description>Poster</description>
					<posx>-11</posx>
					<posy>-11</posy>
					<width>330</width>
					<height>472</height>
					<aspectratio align="center" aligny="center">stretch</aspectratio>
					<texture background="true">thumbs/poster_overlay_big.png</texture>
					<fadetime>300</fadetime>
				  <visible>Control.IsVisible(110) | Control.IsVisible(120) | Control.IsVisible(140)</visible>
			 </control>
			</control>
			<control type="group">
				<posx>45</posx>
				<posy>163</posy>
			  <!-- Artists, Albums & Songs -->
				<control type="image">
					<description>Poster</description>
					<posx>0</posx>
					<posy>0</posy>
					<width>376</width>
					<height>366</height>
					<aspectratio align="center" aligny="center">stretch</aspectratio>
					<texture background="true" fallback="thumbs/fallback_square.png" diffuse="thumbs/music_diffuse_big.png">$INFO[Container(100).ListItem.Art(thumb)]</texture>
					<fadetime>300</fadetime>
					<visible>Control.IsVisible(160) | Control.IsVisible(170) | Control.IsVisible(180)</visible>
			 </control>
			 <control type="image">
					<description>Poster</description>
					<posx>-12</posx>
					<posy>-12</posy>
					<width>400</width>
					<height>390</height>
					<aspectratio align="center" aligny="center">stretch</aspectratio>
					<texture background="true">thumbs/music_overlay_big.png</texture>
					<fadetime>300</fadetime>
					<visible>Control.IsVisible(160) | Control.IsVisible(170) | Control.IsVisible(180)</visible>
			 </control>
		  </control>

		
		  <!-- Musiclabel Flags -->
			<control type="group.">
          <posx>232r</posx>
					<posy>140</posy>			
				<animation effect="fade" start="100" end="0" condition="IsEmpty(Container(100).ListItem.Property(Album_label)) | StringCompare(Control.GetLabel(3500),empty)">Conditional</animation>
				<control type="image">
					<posx>0</posx>
					<posy>0</posy>
					<width>165</width>
					<height>110</height>
					<aspectratio>keep</aspectratio>
					<colordiffuse>aaffffff</colordiffuse>
					<texture>flags/empty.png</texture>
					<include>VisibleHideFadeFlags</include>
				</control>
				<control type="image" id="3500">
					<posx>19</posx>
					<posy>14</posy>
					<width>130</width>
					<height>85</height>
					<aspectratio>keep</aspectratio>
					<colordiffuse>99ffffff</colordiffuse>
					<texture fallback="flags/musiclabel/defaultsource.png">$INFO[Container(100).ListItem.Property(Album_label),flags/musiclabel/,.png]</texture>
					<include>VisibleHideFadeFlags</include>
				</control>
			</control>

			<!-- Media & Ratings Flags -->
			<control type="group.">
					<posx>435</posx>
					<posy>469r</posy>
				  <visible>[Control.IsVisible(120) | Control.IsVisible(110) | Control.IsVisible(140)]</visible>
				<control type="image">
					<posx>0</posx>
					<posy>0</posy>
					<height>48</height>
					<width>80</width>
					<colordiffuse>99ffffff</colordiffuse>
					<include>VisibleHideFadeFlags</include>
					<texture>flags/defs/$INFO[Container(100).ListItem.Property(VideoResolution),,.png]</texture>
				</control>
				<control type="image">
					<posx>117</posx>
					<posy>0</posy>
					<height>48</height>
					<width>80</width>
					<colordiffuse>99ffffff</colordiffuse>
					<include>VisibleHideFadeFlags</include>
					<texture>flags/video/$INFO[Container(100).ListItem.Property(VideoCodec),,.png]</texture>
				</control>
				<control type="image">
					<posx>234</posx>
					<posy>0</posy>
					<height>48</height>
					<width>80</width>
					<colordiffuse>99ffffff</colordiffuse>
					<include>VisibleHideFadeFlags</include>
					<texture>flags/aspectratio/$INFO[Container(100).ListItem.Property(VideoAspect),,.png]</texture>
				</control>
				<control type="image">
					<posx>351</posx>
					<posy>0</posy>
					<height>48</height>
					<width>80</width>
					<colordiffuse>99ffffff</colordiffuse>
					<include>VisibleHideFadeFlags</include>
					<texture>flags/audio/$INFO[Container(100).ListItem.Property(AudioCodec),,.png]</texture>
				</control>
				<control type="image">
					<posx>468</posx>
					<posy>0</posy>
					<height>48</height>
					<width>80</width>
					<colordiffuse>99ffffff</colordiffuse>
					<include>VisibleHideFadeFlags</include>
					<texture>flags/audio/$INFO[Container(100).ListItem.Property(AudioChannels),,.png]</texture>
				</control>
				<!-- Movies MPAA Ratings -->
				<control type="image">
					<posx>585</posx>
					<posy>0</posy>
					<height>48</height>
					<width>80</width>
					<colordiffuse>99ffffff</colordiffuse>
					<include>VisibleHideFadeFlags</include>
					<texture>flags/mpaa/rating-pg.png</texture>
					<visible>[substring(Container(100).ListItem.Property(MPAA),Rated PG) | substring(Container(100).ListItem.Property(MPAA),USA:PG)] + !substring(Container(100).ListItem.Property(MPAA),13)</visible>
				</control>
				<control type="image">
					<posx>585</posx>
					<posy>0</posy>
					<height>48</height>
					<width>80</width>
					<colordiffuse>99ffffff</colordiffuse>
					<include>VisibleHideFadeFlags</include>
					<texture>flags/mpaa/rating-g.png</texture>
					<visible>substring(Container(100).ListItem.Property(MPAA),Rated G) | substring(Container(100).ListItem.Property(MPAA),USA:G)</visible>
				</control>
				<control type="image">
					<posx>585</posx>
					<posy>0</posy>
					<height>48</height>
					<width>80</width>
					<colordiffuse>99ffffff</colordiffuse>
					<include>VisibleHideFadeFlags</include>
					<texture>flags/mpaa/rating-pg13.png</texture>
					<visible>[substring(Container(100).ListItem.Property(MPAA),PG-13) | substring(Container(100).ListItem.Property(MPAA),USA:PG-13)] + [!substring(Container(100).ListItem.Property(MPAA),USA:R) + !substring(Container(100).ListItem.Property(MPAA),rated R)]</visible>
				</control>
				<control type="image">
					<posx>585</posx>
					<posy>0</posy>
					<height>48</height>
					<width>80</width>
					<colordiffuse>99ffffff</colordiffuse>
					<include>VisibleHideFadeFlags</include>
					<texture>flags/mpaa/rating-r.png</texture>
					<visible>substring(Container(100).ListItem.Property(MPAA),Rated R) | substring(Container(100).ListItem.Property(MPAA),USA:R)</visible>
				</control>
				<control type="image">
					<posx>585</posx>
					<posy>0</posy>
					<height>48</height>
					<width>80</width>
					<colordiffuse>99ffffff</colordiffuse>
					<include>VisibleHideFadeFlags</include>
					<texture>flags/mpaa/rating-nc17.png</texture>
					<visible>substring(Container(100).ListItem.Property(MPAA),NC-17) | substring(Container(100).ListItem.Property(MPAA),USA:NC-17)</visible>
				</control>
				<control type="image">
					<posx>585</posx>
					<posy>0</posy>
					<height>48</height>
					<width>80</width>
					<colordiffuse>99ffffff</colordiffuse>
					<include>VisibleHideFadeFlags</include>
					<texture>flags/mpaa/rating-nr.png</texture>
					<visible>IsEmpty(Container(100).ListItem.Property(MPAA),Rated Unrated) | IsEmpty(Container(100).ListItem.Property(MPAA),USA:Rated Unrated) + !Control.IsVisible(120) + !Control.IsVisible(140)</visible>
				</control>
				<!-- TVShows MPAA Ratings -->
				<control type="image">
					<posx>585</posx>
					<posy>0</posy>
					<height>48</height>
					<width>80</width>
					<colordiffuse>99ffffff</colordiffuse>
					<include>VisibleHideFadeFlags</include>
		      <texture>flags/ratings/tv-y.png</texture>
					<animation effect="slide" start="0,0" end="15,-15" time="0" condition="Control.IsVisible(120)">Conditional</animation>
		      <visible>substring(Container(100).ListItem.Property(MPAA),TV-Y) + ![substring(Container(100).ListItem.Property(MPAA),TV-Y7) | substring(Container(100).ListItem.Property(MPAA),TV-Y7-FV)]</visible>
				</control>
				<control type="image">
					<posx>585</posx>
					<posy>0</posy>
					<height>48</height>
					<width>80</width>
					<colordiffuse>99ffffff</colordiffuse>
					<include>VisibleHideFadeFlags</include>
					<texture>flags/ratings/tv-y7.png</texture>
					<animation effect="slide" start="0,0" end="15,-15" time="0" condition="Control.IsVisible(120)">Conditional</animation>
					<visible>substring(Container(100).ListItem.Property(MPAA),TV-Y7) | substring(Container(100).ListItem.Property(MPAA),TV-Y7-FV)</visible>
				</control>
				<control type="image">
					<posx>585</posx>
					<posy>0</posy>
					<height>48</height>
					<width>80</width>
					<colordiffuse>99ffffff</colordiffuse>
					<include>VisibleHideFadeFlags</include>
					<texture>flags/ratings/tv-g.png</texture>
					<animation effect="slide" start="0,0" end="15,-15" time="0" condition="Control.IsVisible(120)">Conditional</animation>
					<visible>substring(Container(100).ListItem.Property(MPAA),TV-G)</visible>
				</control>
				<control type="image">
					<posx>585</posx>
					<posy>0</posy>
					<height>48</height>
					<width>80</width>
					<colordiffuse>99ffffff</colordiffuse>
					<include>VisibleHideFadeFlags</include>
					<texture>flags/ratings/tv-pg.png</texture>
					<animation effect="slide" start="0,0" end="15,-15" time="0" condition="Control.IsVisible(120)">Conditional</animation>
					<visible>substring(Container(100).ListItem.Property(MPAA),TV-PG)</visible>
				</control>
				<control type="image">
					<posx>585</posx>
					<posy>0</posy>
					<height>48</height>
					<width>80</width>
					<colordiffuse>99ffffff</colordiffuse>
					<include>VisibleHideFadeFlags</include>
					<texture>flags/ratings/tv-14.png</texture>
					<animation effect="slide" start="0,0" end="15,-15" time="0" condition="Control.IsVisible(120)">Conditional</animation>
					<visible>substring(Container(100).ListItem.Property(MPAA),TV-14)</visible>
				</control>
				<control type="image">
					<posx>585</posx>
					<posy>0</posy>
					<height>48</height>
					<width>80</width>
					<colordiffuse>99ffffff</colordiffuse>
					<include>VisibleHideFadeFlags</include>
					<texture>flags/ratings/tv-ma.png</texture>
					<animation effect="slide" start="0,0" end="15,-15" time="0" condition="Control.IsVisible(120)">Conditional</animation>
					<visible>substring(Container(100).ListItem.Property(MPAA),TV-MA)</visible>
				</control>
			</control>

			<!-- Studio Flags -->
			<control type="group.">
					<posx>1137</posx>
					<posy>251</posy>
					<animation effect="slide" start="0,0" end="0,-15" time="0" condition="Control.IsVisible(120)">Conditional</animation>
				  <visible>[Control.IsVisible(120) | Control.IsVisible(110)]</visible>
				<control type="image">
					<posx>0</posx>
					<posy>0</posy>
					<width>80</width>
					<height>48</height>
					<colordiffuse>99ffffff</colordiffuse>
					<texture>flags/empty.png</texture>
					<include>VisibleHideFadeFlags</include>
				</control>
				<control type="image">
					<posx>0</posx>
					<posy>0</posy>
					<width>80</width>
					<height>48</height>
					<aspectratio>keep</aspectratio>
					<colordiffuse>99C0C2C2</colordiffuse>
					<texture fallback="flags/studios/fallbackstudio.png">flags/studios/$INFO[Container(100).ListItem.Property(Studio),,.png]</texture>
					<include>VisibleHideFadeFlags</include>
				</control>			
			</control>
		</control>	


    <!-- ================== -->
    <!-- Top Buttons Labels -->
    <!-- ================== -->    
	  <control type="group">
			<posx>45</posx>
			<posy>25</posy>
			<include>ShutdownMenuAnimation</include>
	    <animation type="WindowOpen" reversible="false">
	        <effect type="fade" start="0" end="100" time="300" tween="sine" easing="in"  />
	        <effect type="slide" start="0,-55" end="0,0" time="350" tween="cubic" easing="out" />
	    </animation>
	    <animation type="WindowClose" condition="!Window.IsActive(shutdownmenu)" reversible="false">
	        <effect type="fade" start="100" end="0" time="300" tween="sine" easing="out" />
	        <effect type="slide" start="0,0" end="0,-55" time="350" tween="sine" easing="out" />
	    </animation>
	    <animation type="WindowClose" condition="Window.IsActive(shutdownmenu)" reversible="false">
	        <effect type="fade" start="100" end="0" time="300" tween="sine" easing="out" />
	        <effect type="slide" start="0,0" end="0,55" time="350" tween="sine" easing="out" />
	    </animation>
			<control type="grouplist">
				<posx>0</posx>
				<posy>6</posy>
				<height>0</height>
				<width>1190</width>
				<itemgap>5</itemgap>
				<align>right</align>
				<orientation>horizontal</orientation>
				<visible>Control.IsVisible(110) | Control.IsVisible(120) | Control.IsVisible(140)</visible>
			  <animation type="Conditional" reversible="false" condition="!Window.IsActive(VolumeBar)">
		      <effect type="fade" start="0" end="100" time="300" tween="sine" easing="in"  />
		      <effect type="slide" start="0,35" end="0,0" time="350" tween="cubic" easing="out" />
			  </animation>
			  <animation type="Conditional" reversible="false" condition="Window.IsActive(VolumeBar)">
		      <effect type="fade" start="100" end="0" time="300" tween="sine" easing="out" />
		      <effect type="slide" start="0,0" end="0,35" time="350" tween="sine" easing="out" />
			  </animation>
				<control type="image">
					<width>40</width>
					<height>38</height>
	        <aspectratio>keep</aspectratio>
					<texture>$VAR[VideoInfoStarRating]</texture>
				</control>
				<control type="label">
					<height>40</height>
					<width min="10" max="1280">auto</width>
					<font>FontSize_40</font>
					<textcolor>white</textcolor>
					<shadowcolor>99000000</shadowcolor>
			    <align>left</align>
			    <aligny>center</aligny>
					<scroll>false</scroll>
				  <label fallback="0.0">$INFO[Container(100).ListItem.Property(Rating)]</label>
				</control>
			</control>	    
			<!-- StarRating -->
			<control type="image">
				<posx>1050</posx>
				<posy>13</posy>
				<width>140</width>
				<height>30</height>
        <aspectratio>keep</aspectratio>
				<visible>![Control.IsVisible(110) | Control.IsVisible(120) | Control.IsVisible(140)]</visible>
				<texture fallback="rating/rating0.png">$INFO[Container(100).ListItem.Property(StarRating),rating/,]</texture>
			  <animation type="Conditional" reversible="false" condition="!Window.IsActive(VolumeBar)">
		      <effect type="fade" start="0" end="100" time="300" tween="sine" easing="in"  />
		      <effect type="slide" start="0,35" end="0,0" time="350" tween="cubic" easing="out" />
			  </animation>
			  <animation type="Conditional" reversible="false" condition="Window.IsActive(VolumeBar)">
		      <effect type="fade" start="100" end="0" time="300" tween="sine" easing="out" />
		      <effect type="slide" start="0,0" end="0,35" time="350" tween="sine" easing="out" />
			  </animation>
			</control>
      <!-- Buttons -->
			<control type="grouplist" id="9000">
				<posx>0</posx>
				<posy>0</posy>
				<width>0</width>
				<height>0</height>
				<itemgap>0</itemgap>
				<align>left</align>
				<orientation>horizontal</orientation>
				<onleft>9000</onleft>
				<onright>9000</onright>
				<onup>195</onup>
				<ondown>101</ondown>
				<control type="button" id="191">
					<label>31036</label>
				  <include>TopButton</include>
				</control>
				<control type="button" id="192">
					<label>-</label>
				  <include>TopButton</include>
				</control>
				<control type="button" id="193">
					<label>-</label>
				  <include>TopButton</include>
				</control>
			</control>
      <!-- Labels -->
			<control type="grouplist">
	      <animation type="Visible" reversible="false">
	          <effect type="fade" start="0" end="100" time="300" tween="sine" easing="out"  />
	          <effect type="slide" start="0,35" end="0,0" time="350" tween="sine" easing="out" />
	      </animation>
	      <animation type="Hidden" reversible="false">
	          <effect type="fade" start="100" end="0" time="300" tween="sine" easing="out" />
	          <effect type="slide" start="0,0" end="0,35" time="350" tween="sine" easing="out" />
	      </animation>
				<posx>0</posx>
				<posy>0</posy>
				<height>70</height>
				<width>1190</width>
				<itemgap>15</itemgap>
				<align>left</align>
				<orientation>horizontal</orientation>
				<control type="label">
				  <include>TopBigLabel</include>
				  <label>$LOCALIZE[544]:</label>
				</control>
				<control type="label">
				  <include>TopSmallLabel</include>
          <label>$INFO[Control.GetLabel(191)]</label>
					<animation effect="fade" start="100" end="70" time="200" tween="cubic" easing="inout" condition="!Control.HasFocus(191)" reversible="true">Conditional</animation>
          <animation effect="zoom" start="100" end="90" time="200" tween="cubic" easing="inout" center="auto" condition="!Control.HasFocus(191)" reversible="true">Conditional</animation>
					<visible>Control.IsVisible(191)</visible>
				</control>
				<control type="label">
				  <include>TopSmallLabel</include>
          <label>$INFO[Control.GetLabel(192)]</label>
					<animation effect="fade" start="100" end="70" time="200" tween="cubic" easing="inout" condition="!Control.HasFocus(192)" reversible="true">Conditional</animation>
          <animation effect="zoom"  start="100" end="90" time="200" tween="cubic" easing="inout" center="auto" condition="!Control.HasFocus(192)" reversible="true">Conditional</animation>
					<visible>Control.IsVisible(192)</visible>
				</control>
				<control type="label">
				  <include>TopSmallLabel</include>
          <label>$INFO[Control.GetLabel(193)]</label>
					<animation effect="fade" start="100" end="70" time="200" tween="cubic" easing="inout" condition="!Control.HasFocus(193)" reversible="true">Conditional</animation>
          <animation effect="zoom"  start="100" end="90" time="200" tween="cubic" easing="inout" center="auto" condition="!Control.HasFocus(193)" reversible="true">Conditional</animation>
					<visible>Control.IsVisible(193)</visible>
				</control>
			</control>
		</control>

    <!-- ================ -->
    <!-- Top Content Info -->
    <!-- ================ -->
		<control type="group">
			<posx>47</posx>
			<posy>70</posy>
			<include>ShutdownMenuAnimation</include>
			<include>TopOptionsSlideAnimations</include>
			<control type="label">
				<width>300</width>
				<height>20</height>
				<font>FontSize_18</font>
				<textcolor>blue</textcolor>
				<scroll>false</scroll>
				<align>left</align>
				<aligny>center</aligny>
				<label>20342</label>
				<visible>Control.IsVisible(110)</visible>
			</control>
			<control type="label">
				<width>300</width>
				<height>20</height>
				<font>FontSize_18</font>
				<textcolor>blue</textcolor>
				<scroll>false</scroll>
				<align>left</align>
				<aligny>center</aligny>
				<label>31002</label>
				<visible>Control.IsVisible(120)</visible>
			</control>
			<control type="label">
				<width>300</width>
				<height>20</height>
				<font>FontSize_18</font>
				<textcolor>blue</textcolor>
				<scroll>false</scroll>
				<align>left</align>
				<aligny>center</aligny>
				<label>20360</label>
				<visible>Control.IsVisible(140)</visible>
			</control>
			<control type="label">
				<width>300</width>
				<height>20</height>
				<font>FontSize_18</font>
				<textcolor>blue</textcolor>
				<scroll>false</scroll>
				<align>left</align>
				<aligny>center</aligny>
				<label>20389</label>
				<visible>Control.IsVisible(150)</visible>
			</control>
			<control type="label">
				<width>300</width>
				<height>20</height>
				<font>FontSize_18</font>
				<textcolor>blue</textcolor>
				<scroll>false</scroll>
				<align>left</align>
				<aligny>center</aligny>
				<label>133</label>
				<visible>Control.IsVisible(160)</visible>
			</control>
			<control type="label">
				<width>300</width>
				<height>20</height>
				<font>FontSize_18</font>
				<textcolor>blue</textcolor>
				<scroll>false</scroll>
				<align>left</align>
				<aligny>center</aligny>
				<label>132</label>
				<visible>Control.IsVisible(170)</visible>
			</control>
			<control type="label">
				<width>300</width>
				<height>20</height>
				<font>FontSize_18</font>
				<textcolor>blue</textcolor>
				<scroll>false</scroll>
				<align>left</align>
				<aligny>center</aligny>
				<label>134</label>
				<visible>Control.IsVisible(180)</visible>
			</control>
		</control>		
	</controls>
</window>
