<?xml version="1.0" encoding="UTF-8"?>
<window  type="dialog">
	<defaultcontrol>1001</defaultcontrol>
	<controls>

	 <control type="grouplist" id="9111">
    <include>ShutdownMenuAnimation</include>
    <include>GlobalSearchSlideAnimations</include>
		<posx>45</posx>
		<posy>75</posy>
		<width>343</width>
		<height max="260">auto</height>
		<itemgap>0</itemgap>
		<onleft>Close</onleft>
		<onright>Close</onright>
		<onup>9111</onup>
		<ondown>9111</ondown>
		<control type="button" id="1004">
			<include>TopLeftMenusButton</include>
      <label>$INFO[Control.GetLabel(1001)]</label>
      <onclick>SendClick(1001)</onclick>
		</control>
		<control type="button" id="1005">
			<include>TopLeftMenusButton</include>
      <label>$INFO[Control.GetLabel(1002)]</label>
      <onclick>SendClick(1001)</onclick>
      <visible>!IsEmpty(Control.GetLabel(1002))</visible>
		</control>
		<control type="button" id="1006">
			<include>TopLeftMenusButton</include>
      <label>$INFO[Control.GetLabel(1003)]</label>
      <onclick>SendClick(1001)</onclick>
      <visible>!IsEmpty(Control.GetLabel(1003))</visible>
		</control>
	 </control>

	  <!-- ================ -->
	  <!-- Top Content Info -->
	  <!-- ================ -->
	  <control type="group">
			<posx>45</posx>
			<posy>25</posy>
	    <include>GlobalSearchSlideAnimations</include>
	    <include>ShutdownMenuAnimation</include>
			<control type="grouplist">
				<posx>0</posx>
				<posy>0</posy>
				<height>70</height>
				<width>1000</width>
				<align>left</align>
				<aligny>center</aligny>
				<itemgap>20</itemgap>
				<orientation>horizontal</orientation>
				<control type="label">
				  <include>TopBigLabel</include>
					<label>31009</label>
				</control>
				<control type="label">
				  <include>TopZoomedSmallLabel</include>
					<label>20342</label>
					<visible>Control.IsVisible(110)</visible>
				</control>
				<control type="label">
				  <include>TopZoomedSmallLabel</include>
					<label>31002</label>
					<visible>Control.IsVisible(120)</visible>
				</control>
				<control type="label">
				  <include>TopZoomedSmallLabel</include>
					<label>20360</label>
					<visible>Control.IsVisible(140)</visible>
				</control>
				<control type="label">
				  <include>TopZoomedSmallLabel</include>
					<label>20389</label>
					<visible>Control.IsVisible(150)</visible>
				</control>
				<control type="label">
				  <include>TopZoomedSmallLabel</include>
					<label>133</label>
					<visible>Control.IsVisible(160)</visible>
				</control>
				<control type="label">
				  <include>TopZoomedSmallLabel</include>
					<label>132</label>
					<visible>Control.IsVisible(170)</visible>
				</control>
				<control type="label">
				  <include>TopZoomedSmallLabel</include>
					<label>134</label>
					<visible>Control.IsVisible(180)</visible>
				</control>
			</control>
	  </control>


   <control type="button" id="1001">
      <visible allowhiddenfocus="true">false</visible>
      <onfocus>SetFocus(9111)</onfocus>
   </control>
   <control type="button" id="1002">
      <visible>false</visible>
   </control>
   <control type="button" id="1003">
      <visible>false</visible>
   </control>
   <control type="image" id="997">
      <visible>false</visible>
   </control>
   <control type="image" id="998">
      <visible>false</visible>
   </control>
   <control type="image" id="999">
      <visible>false</visible>
   </control>

	</controls>
</window>