<?xml version="1.0" encoding="UTF-8"?>
<window  id="7">
	<defaultcontrol always="true">95</defaultcontrol>
	<allowoverlay>no</allowoverlay>
  <backgroundcolor>0</backgroundcolor>
	<controls>
		<include>BackgroundItems</include>
		
	 <control type="group">
    <include>Window_OpenClose_Animation</include>
    <include>DialogZoomInOutAnimation</include>
		<visible>!Window.IsActive(ShutdownMenu)</visible>

	  <control type="group">
	    <include>Window_OpenClose_Animation</include>
			<control type="image">
			  <include>FullscreenDimensions</include>
			  <texture background="true">windows/settings/bg_settings.png</texture>
			</control>
		</control>			

		<control type="group">
				<left>100</left>
				<top>166</top>
			  <include>Window_OpenClose_Animation</include>
			<control type="grouplist" id="9001">
				<left>0</left>
				<top>0</top>
				<width>295</width>
				<height>414</height>
				<itemgap>2</itemgap>
				<onleft>9000</onleft>
				<onup>9001</onup>
				<ondown>9001</ondown>
				<control type="button" id="95">
					<description>Button Summary Values</description>
					<width>295</width>
					<height>50</height>
					<font>FontSize_20</font>
					<textcolor>77white</textcolor>
					<focusedcolor>white</focusedcolor>
				  <disabledcolor>33white</disabledcolor>
					<texturefocus>buttons/catbullet_fo.png</texturefocus>
					<texturenofocus>buttons/catbullet_nf.png</texturenofocus>
					<align>left</align>
					<aligny>center</aligny>
				  <textwidth>250</textwidth>
					<textoffsetx>40</textoffsetx>
					<pulseonselect>false</pulseonselect>
					<label>20037</label>
				</control>
				<control type="button" id="94">
					<description>Button Storage</description>
					<width>295</width>
					<height>50</height>
					<font>FontSize_20</font>
					<textcolor>77white</textcolor>
					<focusedcolor>white</focusedcolor>
				  <disabledcolor>33white</disabledcolor>
					<texturefocus>buttons/catbullet_fo.png</texturefocus>
					<texturenofocus>buttons/catbullet_nf.png</texturenofocus>
					<align>left</align>
					<aligny>center</aligny>
				  <textwidth>250</textwidth>
					<textoffsetx>40</textoffsetx>
					<pulseonselect>false</pulseonselect>
					<label>13277</label>
				</control>
				<control type="button" id="96">
					<description>Button Network</description>
					<width>295</width>
					<height>50</height>
					<font>FontSize_20</font>
					<textcolor>77white</textcolor>
					<focusedcolor>white</focusedcolor>
				  <disabledcolor>33white</disabledcolor>
					<texturefocus>buttons/catbullet_fo.png</texturefocus>
					<texturenofocus>buttons/catbullet_nf.png</texturenofocus>
					<align>left</align>
					<aligny>center</aligny>
				  <textwidth>250</textwidth>
					<textoffsetx>40</textoffsetx>
					<pulseonselect>false</pulseonselect>
					<label>13279</label>
				</control>
				<control type="button" id="97">
					<description>Button Video</description>
					<width>295</width>
					<height>50</height>
					<font>FontSize_20</font>
					<textcolor>77white</textcolor>
					<focusedcolor>white</focusedcolor>
				  <disabledcolor>33white</disabledcolor>
					<texturefocus>buttons/catbullet_fo.png</texturefocus>
					<texturenofocus>buttons/catbullet_nf.png</texturenofocus>
					<align>left</align>
					<aligny>center</aligny>
				  <textwidth>250</textwidth>
					<textoffsetx>40</textoffsetx>
					<pulseonselect>false</pulseonselect>
					<label>13280</label>
				</control>
				<control type="button" id="98">
					<description>Button Hardware</description>
					<width>295</width>
					<height>50</height>
					<font>FontSize_20</font>
					<textcolor>77white</textcolor>
					<focusedcolor>white</focusedcolor>
				  <disabledcolor>33white</disabledcolor>
					<texturefocus>buttons/catbullet_fo.png</texturefocus>
					<texturenofocus>buttons/catbullet_nf.png</texturenofocus>
					<align>left</align>
					<aligny>center</aligny>
				  <textwidth>250</textwidth>
					<textoffsetx>40</textoffsetx>
					<pulseonselect>false</pulseonselect>
					<label>13281</label>
				</control>
				<control type="button" id="99">
					<description>Button PVR</description>
					<width>295</width>
					<height>50</height>
					<font>FontSize_20</font>
					<textcolor>77white</textcolor>
					<focusedcolor>white</focusedcolor>
				  <disabledcolor>33white</disabledcolor>
					<texturefocus>buttons/catbullet_fo.png</texturefocus>
					<texturenofocus>buttons/catbullet_nf.png</texturenofocus>
					<align>left</align>
					<aligny>center</aligny>
				  <textwidth>250</textwidth>
					<textoffsetx>40</textoffsetx>
					<pulseonselect>false</pulseonselect>
					<label>19191</label>
				</control>
			</control>
			<control type="grouplist">
				<left>317</left>
				<top>0</top>
				<width>782</width>
				<height>414</height>
				<itemgap>2</itemgap>
				<control type="label" id="2">
					<description>Label 2</description>
					<width>782</width>
					<height>50</height>
			    <font>FontSize_20</font>
					<textcolor>77white</textcolor>
					<align>left</align>
					<aligny>center</aligny>
					<label>-</label>
				</control>
				<control type="label" id="3">
					<description>Label 3</description>
					<width>782</width>
					<height>50</height>
			    <font>FontSize_20</font>
					<textcolor>77white</textcolor>
					<align>left</align>
					<aligny>center</aligny>
					<label>-</label>
				</control>
				<control type="label" id="4">
					<description>Label 4</description>
					<width>782</width>
					<height>50</height>
			    <font>FontSize_20</font>
					<textcolor>77white</textcolor>
					<align>left</align>
					<aligny>center</aligny>
					<label>-</label>
				</control>
				<control type="label" id="5">
					<description>Label 5</description>
					<width>782</width>
					<height>50</height>
			    <font>FontSize_20</font>
					<textcolor>77white</textcolor>
					<align>left</align>
					<aligny>center</aligny>
					<label>-</label>
				</control>
				<control type="label" id="6">
					<description>Label 6</description>
					<width>782</width>
					<height>50</height>
			    <font>FontSize_20</font>
					<textcolor>77white</textcolor>
					<align>left</align>
					<aligny>center</aligny>
					<label>-</label>
				</control>
				<control type="label" id="7">
					<description>Label 7</description>
					<width>782</width>
					<height>50</height>
			    <font>FontSize_20</font>
					<textcolor>77white</textcolor>
					<align>left</align>
					<aligny>center</aligny>
					<label>-</label>
				</control>
				<control type="label" id="8">
					<description>Label 8</description>
					<width>782</width>
					<height>50</height>
			    <font>FontSize_20</font>
					<textcolor>77white</textcolor>
					<align>left</align>
					<aligny>center</aligny>
					<label>-</label>
				</control>
				<control type="label" id="9">
					<description>Label 9</description>
					<width>782</width>
					<height>50</height>
			    <font>FontSize_20</font>
					<textcolor>77white</textcolor>
					<align>left</align>
					<aligny>center</aligny>
					<label>-</label>
				</control>
				<control type="label" id="10">
					<description>Label 10</description>
					<width>782</width>
					<height>50</height>
			    <font>FontSize_20</font>
					<textcolor>77white</textcolor>
					<align>left</align>
					<aligny>center</aligny>
					<label>-</label>
				</control>
				<control type="label" id="11">
					<description>Label 11</description>
					<width>782</width>
					<height>50</height>
			    <font>FontSize_20</font>
					<textcolor>77white</textcolor>
					<align>left</align>
					<aligny>center</aligny>
					<label>-</label>
				</control>
			</control>
		</control>

    <!-- Header & Footer Labels -->
		<control type="group">
		  <left>120</left>
			<top>163</top>
		  <include>Window_OpenClose_Animation</include>
			<control type="label" id="40">
				<description>Hidden label to get the values</description>
				<visible>false</visible>
			</control>
			<control type="label">
				<description>Header Label</description>
				<left>0</left>
				<top>-50</top>
				<width>1075</width>
				<height>50</height>
				<font>FontSize_36</font>
				<label>$LOCALIZE[138]</label>
				<align>center</align>
				<aligny>center</aligny>
				<textcolor>white</textcolor>
				<shadowcolor>99000000</shadowcolor>
			</control>
			<control type="label" id="52">
				<description>XBMC BUILD Version</description>
				<left>0</left>
				<top>425</top>
				<width>1045</width>
				<height>30</height>
				<textcolor>33white</textcolor>
				<shadowcolor>44333333</shadowcolor>
				<font>FontSize_20</font>
			</control>
			<control type="label.">
				<description>CPU Text</description>
				<left>1040</left>
				<top>420</top>
				<width>350</width>
				<height>25</height>
				<label>$LOCALIZE[13271] $INFO[System.CPUUsage]</label>
				<align>right</align>
				<aligny>center</aligny>
				<textcolor>77white</textcolor>
				<shadowcolor>99000000</shadowcolor>
				<font>FontSize_16</font>
			</control>
			<control type="progress.">
				<description>CPU BAR</description>
				<left>790</left>
				<top>425</top>
				<width>250</width>
				<height>16</height>
				<info>System.CPUUsage</info>
			</control>
			<control type="label.">
				<description>Memory Text</description>
				<left>1040</left>
				<top>440</top>
				<width>350</width>
				<height>25</height>
				<label>$LOCALIZE[31027] $INFO[system.memory(used.percent)]</label>
				<align>right</align>
				<aligny>center</aligny>
				<textcolor>77white</textcolor>
				<shadowcolor>99000000</shadowcolor>
				<font>FontSize_16</font>
			</control>
			<control type="progress.">
				<description>Memory BAR</description>
				<left>790</left>
				<top>445</top>
				<width>250</width>
				<height>16</height>
				<info>system.memory(used)</info>
			</control>
		</control>
	 </control>


		<include>CommonNowPlaying</include>
		<include>CommonDialogsFadeOutBG</include>
		<include>SettingsMenu</include>
		<include>SettingsWeatherAndClock</include>
	</controls>
</window>
