<?xml version="1.0" encoding="UTF-8"?>
<includes> 

	<!-- ======================== -->
	<!-- ==== List View "50" ==== -->
	<!-- ======================== -->

	<include name="ListView_Pictures">
		<control type="group">
			<visible>Control.IsVisible(50)</visible>
			<include>DialogZoomInOutAnimation</include>


			<!-- ==== Thumb/Info for Pictures ==== -->
			<control type="group">
				<include>ListViewAnimationsRight</include>
				<visible>Container.HasFiles + !IsEmpty(ListItem.FileName)</visible>
				<visible>!Container.Content(addons)</visible>
				<control type="image">
					<left>555</left>
					<top>-100</top>
					<width>880</width>
					<height>840</height>
					<aspectratio align="center" aligny="center">stretch</aspectratio>
					<texture background="true">views/list/shine.png</texture>
					<!-- <colordiffuse>ccffffff</colordiffuse> -->
				</control>
				<control type="image">
					<left>700</left>
					<top>140</top>
					<width>556</width>
					<height>370</height>
					<aspectratio align="right" aligny="center">stretch</aspectratio>
					<texture background="true" border="70">views/other/panel.png</texture>
					<bordersize>20</bordersize>
				</control>
				<control type="image">
					<left>727</left>
					<top>167</top>
					<width>502</width>
					<height>280</height>
					<aspectratio align="center" aligny="center">stretch</aspectratio>
					<texture background="true" border="20">empty_icon.png</texture>
					<bordertexture border="20">thumbs/thumb_border.png</bordertexture>
					<bordersize>6</bordersize>
				</control>
				<control type="image">
					<left>727</left>
					<top>167</top>
					<width>502</width>
					<height>280</height>
					<fadetime>100</fadetime>
					<aspectratio align="center" aligny="top">scale</aspectratio>
					<texture background="true" fallback="thumbs/fallback_fanart_tp.png">$INFO[ListItem.FileNameAndPath]</texture>
					<bordersize>6</bordersize>
				</control>
				<control type="label.">
					<left>725</left>
					<top>490</top>
					<width>450</width>
					<height>30</height>
					<label>$INFO[ListItem.PictureCamModel]</label>
					<font>FontSize_20</font>
					<textcolor>99white</textcolor>
					<shadowcolor>99000000</shadowcolor>
					<align>left</align>
				</control>
				<control type="grouplist">
					<left>725</left>
					<top>540</top>
					<width>550</width>
					<height>400</height>
					<itemgap>10</itemgap>
					<orientation>vertical</orientation>
					<control type="label">
						<height min="0" max="13">auto</height>
						<width>450</width>
						<label>$LOCALIZE[21820]/$LOCALIZE[169]</label>
						<font>FontSize_20B</font>
						<textcolor>99white</textcolor>
						<shadowcolor>99000000</shadowcolor>
						<aligny>top</aligny>
					</control>
					<control type="label">
						<height min="0" max="13">auto</height>
						<width>500</width>
						<label fallback="195">$VAR[GlobalInfo]</label>
						<font>FontSize_20</font>
						<textcolor>99white</textcolor>
						<shadowcolor>99000000</shadowcolor>
						<scrollspeed>30</scrollspeed>
						<aligny>top</aligny>
					</control>
				</control>
				<control type="group">
					<left>1080</left>
					<top>463</top>
					<align>right</align>
					<include>CameraLogosFlags</include>
				</control>
			</control>

			<!-- ==== Thumb/Fanart/Info ==== -->
			<control type="group">
				<include>ListViewAnimationsRight</include>
				<visible>Container.Content(Addons) + !IsEmpty(ListItem.Property(Addon.Name))</visible>
				<include>ListView_ThumbAndFanart</include>
				<control type="label">
					<left>860</left>
					<top>408</top>
					<width>375</width>
					<font>FontSize_20</font>
					<textcolor>blue</textcolor>
					<shadowcolor>99000000</shadowcolor>
					<label>$VAR[GlobalInfo]</label>
				</control>
				<control type="textbox">
					<left>820</left>
					<top>453</top>
					<width>415</width>
					<height>133</height>
					<font>FontSize_20</font>
					<textcolor>99white</textcolor>
					<shadowcolor>99000000</shadowcolor>
					<align>justify</align>
					<autoscroll delay="8000" time="2000" repeat="8000">Skin.HasSetting(AutoScroll)</autoscroll>
					<label fallback="195">$VAR[GlobalPlotDescription]</label>
				</control>
				<control type="grouplist">
					<left>630</left>
					<top>460</top>
					<width>200</width>
					<height>300</height>
					<orientation>vertical</orientation>
					<control type="label">
						<height min="0" max="13">auto</height>
						<width>180</width>
						<label>$LOCALIZE[24000] Creator</label>
						<font>FontSize_18B</font>
						<textcolor>99white</textcolor>
						<shadowcolor>99000000</shadowcolor>
					</control>
					<control type="label">
						<height min="0" max="13">auto</height>
						<width>180</width>
						<label fallback="195">$INFO[ListItem.Property(Addon.Creator)]</label>
						<font>FontSize_18</font>
						<textcolor>99white</textcolor>
						<shadowcolor>99000000</shadowcolor>
						<scrollspeed>30</scrollspeed>
					</control>
				</control>
				<control type="grouplist">
					<left>630</left>
					<top>506</top>
					<width>200</width>
					<height>300</height>
					<orientation>vertical</orientation>
					<control type="label">
						<height min="0" max="13">auto</height>
						<width>180</width>
						<label>$LOCALIZE[24000] $LOCALIZE[467]</label>
						<font>FontSize_18B</font>
						<textcolor>99white</textcolor>
						<shadowcolor>99000000</shadowcolor>
					</control>
					<control type="label">
						<height min="0" max="13">auto</height>
						<width>180</width>
						<label fallback="195">$INFO[ListItem.Property(Addon.Type)]</label>
						<font>FontSize_18</font>
						<textcolor>99white</textcolor>
						<shadowcolor>99000000</shadowcolor>
						<scrollspeed>30</scrollspeed>
					</control>
				</control>
				<control type="grouplist">
					<left>630</left>
					<top>553</top>
					<width>200</width>
					<height>300</height>
					<orientation>vertical</orientation>
					<control type="label">
						<height min="0" max="13">auto</height>
						<width>180</width>
						<label>$LOCALIZE[24000] ID</label>
						<font>FontSize_18B</font>
						<textcolor>99white</textcolor>
						<shadowcolor>99000000</shadowcolor>
					</control>
					<control type="label">
						<height min="0" max="13">auto</height>
						<width>180</width>
						<label fallback="195">$INFO[ListItem.Property(Addon.ID)]</label>
						<font>FontSize_18</font>
						<textcolor>99white</textcolor>
						<shadowcolor>99000000</shadowcolor>
						<scrollspeed>30</scrollspeed>
					</control>
				</control>
			</control>

			<!-- ==== Thumb ==== -->
			<control type="group">
				<include>ListViewAnimationsRight</include>
				<visible>!Container.HasFiles | IsEmpty(ListItem.FileName)</visible>
				<visible>!Container.Content(addons)</visible>
				<include>ListView_Thumb</include>
			</control>
			<control type="group">
				<include>ListViewAnimationsRight</include>
				<visible>Container.Content(Addons) + IsEmpty(ListItem.Property(Addon.Name))</visible>
				<include>ListView_Thumb</include>
			</control>

			<!-- ==== List ==== -->
			<control type="group">
				<include>ListViewAnimationsLeft</include>		
				<control type="list" id="50">
					<include>ListView_Dimensions</include>
					<itemlayout height="45" width="710" condition="!Container.Content(addons)">
						<control type="label">
							<left>12</left>
							<top>0</top>
							<width>55</width>
							<height>45</height>
							<font>FontSize_22</font>
							<textcolor>77white</textcolor>
							<shadowcolor>77000000</shadowcolor>
							<selectedcolor>selected</selectedcolor>
							<align>center</align>
							<aligny>center</aligny>
							<label>․  ․  ․</label>
							<visible>!Stringcompare(ListItem.Label,..)</visible>
						</control>
						<control type="label">
							<left>95</left>
							<top>0</top>
							<width>535</width>
							<height>45</height>
							<font>FontSize_22</font>
							<textcolor>77white</textcolor>
							<shadowcolor>77000000</shadowcolor>
							<selectedcolor>selected</selectedcolor>
							<align>left</align>
							<aligny>center</aligny>
							<label>$INFO[ListItem.Label]</label>
						</control>
						<control type="label">
							<left>380</left>
							<top>0</top>
							<width>300</width>
							<height>45</height>
							<font>FontSize_22</font>
							<textcolor>77white</textcolor>
							<shadowcolor>77000000</shadowcolor>
							<selectedcolor>selected</selectedcolor>
							<align>right</align>
							<aligny>center</aligny>
							<label fallback="․  ․  ․">$INFO[ListItem.Label2]</label>
							<visible>!Stringcompare(ListItem.Label,..)</visible>
						</control>
					</itemlayout>
					<focusedlayout height="45" width="710" condition="!Container.Content(addons)">
						<control type="group">
							<include>ListFocusAnimation</include>
							<control type="label">
								<left>12</left>
								<top>0</top>
								<width>55</width>
								<height>45</height>
								<font>FontSize_22</font>
								<textcolor>white</textcolor>
								<shadowcolor>77000000</shadowcolor>
								<align>center</align>
								<aligny>center</aligny>
								<label>․  ․  ․</label>
								<visible>!Stringcompare(ListItem.Label,..)</visible>
							</control>
							<control type="label">
								<left>95</left>
								<top>0</top>
								<width>535</width>
								<height>45</height>
								<font>FontSize_22</font>
								<textcolor>white</textcolor>
								<shadowcolor>77000000</shadowcolor>
								<align>left</align>
								<aligny>center</aligny>
								<scroll>true</scroll>
								<label>$INFO[ListItem.Label]</label>
							</control>
							<control type="label">
								<left>380</left>
								<top>0</top>
								<width>300</width>
								<height>45</height>
								<font>FontSize_22</font>
								<textcolor>white</textcolor>
								<shadowcolor>77000000</shadowcolor>
								<align>right</align>
								<aligny>center</aligny>
								<label fallback="․  ․  ․">$INFO[ListItem.Label2]</label>
								<visible>!Stringcompare(ListItem.Label,..)</visible>
							</control>
						</control>
					</focusedlayout>
					<itemlayout height="45" width="710" condition="Container.Content(Addons)">
						<control type="label">
							<left>12</left>
							<top>0</top>
							<width>55</width>
							<height>45</height>
							<font>FontSize_22</font>
							<textcolor>77white</textcolor>
							<shadowcolor>77000000</shadowcolor>
							<selectedcolor>selected</selectedcolor>
							<align>center</align>
							<aligny>center</aligny>
							<label>․  ․  ․</label>
							<visible>!Stringcompare(ListItem.Label,..)</visible>
						</control>
						<control type="label">
							<left>95</left>
							<top>0</top>
							<width>455</width>
							<height>44</height>
							<font>FontSize_22</font>
							<textcolor>77white</textcolor>
							<shadowcolor>77000000</shadowcolor>
							<selectedcolor>selected</selectedcolor>
							<align>left</align>
							<aligny>center</aligny>
							<label>$INFO[ListItem.Label]</label>
						</control>
						<control type="label">
							<left>280</left>
							<top>0</top>
							<width>300</width>
							<height>45</height>
							<font>FontSize_22</font>
							<textcolor>77white</textcolor>
							<shadowcolor>77000000</shadowcolor>
							<selectedcolor>selected</selectedcolor>
							<align>right</align>
							<aligny>center</aligny>
							<label fallback="․  ․  ․">$VAR[AddonsLabel2]</label>
							<visible>!Stringcompare(ListItem.Label,..)</visible>
						</control>
					</itemlayout>
					<focusedlayout height="45" width="710" condition="Container.Content(Addons)">
						<control type="group">
							<include>ListFocusAnimation</include>
							<control type="label">
								<left>12</left>
								<top>0</top>
								<width>55</width>
								<height>45</height>
								<font>FontSize_22</font>
								<textcolor>white</textcolor>
								<shadowcolor>77000000</shadowcolor>
								<align>center</align>
								<aligny>center</aligny>
								<label>․  ․  ․</label>
								<visible>!Stringcompare(ListItem.Label,..)</visible>
							</control>
							<control type="label">
								<left>95</left>
								<top>0</top>
								<width>455</width>
								<height>44</height>
								<font>FontSize_22</font>
								<textcolor>white</textcolor>
								<shadowcolor>77000000</shadowcolor>
								<align>left</align>
								<aligny>center</aligny>
								<scroll>true</scroll>
								<label>$INFO[ListItem.Label]</label>
							</control>
							<control type="label">
								<left>280</left>
								<top>0</top>
								<width>300</width>
								<height>45</height>
								<font>FontSize_22</font>
								<textcolor>white</textcolor>
								<shadowcolor>77000000</shadowcolor>
								<align>right</align>
								<aligny>center</aligny>
								<label fallback="․  ․  ․">$VAR[AddonsLabel2]</label>
								<visible>!Stringcompare(ListItem.Label,..)</visible>
							</control>
						</control>
					</focusedlayout>
				</control>
				<include>ListView_Scrollbar</include>
				<include>ListView_Arrows</include>
			</control>
		</control>
	</include>



	<!-- =========================== -->
	<!-- ==== Gallery View "52" ==== -->
	<!-- =========================== -->
	
	<include name="GalleryView_Pictures">
		<control type="group">
			<visible>Control.IsVisible(52)</visible>
			<include>DialogZoomInOutAnimation</include>
			<include>CommonSlideAnimations</include>
			<control type="image">
				<include>FullscreenDimensions</include>
				<texture>views/gallery/top_bottom_shadows.png</texture>
			</control>
			<control type="image">
				<left>-50</left>
				<top>116</top>
				<width>1380</width>
				<height>492</height>
				<aspectratio align="center" aligny="center">stretch</aspectratio>
				<texture border="39,39,39,39">views/other/panel.png</texture>
				<animation effect="fade" end="75" time="0" condition="true">Conditional</animation>
				<bordersize>41</bordersize>
			</control>

			<control type="wraplist" id="52">
				<left>-34</left>
				<top>172</top>
				<width>1900</width>
				<height>800</height>
				<onleft>52</onleft>
				<onright>52</onright>
				<onup>9000</onup>
				<ondown>60</ondown>
				<viewtype label="31081">List</viewtype>
				<scrolltime tween="Cubic" easing="out">500</scrolltime>
				<orientation>horizontal</orientation>
				<preloaditems>2</preloaditems>
				<focusposition>5</focusposition>
				<pagecontrol>60</pagecontrol>
				<visible>Container.HasFiles + !Container.Content(addons)</visible>
				<itemlayout width="58" height="380">
					<control type="image">
						<left>35</left>
						<top>0</top>
						<width>60</width>
						<height>380</height>
						<align>left</align>
						<aspectratio>stretch</aspectratio>
						<texture border="20">thumbs/thumb_border.png</texture>
					</control>
					<control type="label">
						<left>47</left>
						<top>365</top>
						<width>355</width>
						<height>60</height>
						<textcolor>44white</textcolor>
						<font>FontSize_26</font>
						<scroll>false</scroll>
						<angle>90</angle>
						<align>left</align>
						<aligny>top</aligny>
						<label>$INFO[ListItem.label]</label>
					</control>
				</itemlayout>
				<focusedlayout width="695" height="380">
					<control type="group">
						<left>46</left>
						<animation type="Focus" reversible="false" condition="Container(52).OnNext">
							<effect type="slide" start="56,0" end="0,0" time="200" tween="circle" easing="out" />
							<effect type="fade" start="20" end="100" time="400" delay="100" tween="sine" easing="out" />
						</animation>
						<animation type="Focus" reversible="false" condition="Container(52).OnPrevious">
							<effect type="slide" start="-56,0" end="0,0" time="200" tween="circle" easing="out" />
							<effect type="fade" start="20" end="100" time="400" delay="100" tween="sine" easing="out" />
						</animation>
						<control type="image">
							<width>675</width>
							<height>380</height>
							<aspectratio align="center" aligny="center">stretch</aspectratio>
							<texture background="true" border="20">thumbs/thumb_border.png</texture>
						</control>
						<control type="image">
							<width>675</width>
							<height>380</height>
							<aspectratio align="center" aligny="center">keep</aspectratio>
							<texture background="true" fallback="thumbs/fallback_fanart_big_tp.png">$INFO[ListItem.FileNameAndPath]</texture>
							<visible>Container.HasFiles + !IsEmpty(ListItem.FileName)</visible>
							<bordersize>6</bordersize>
						</control>
						<control type="image">
							<width>675</width>
							<height>380</height>
							<aspectratio align="center" aligny="center">keep</aspectratio>
							<texture background="true">$INFO[ListItem.Icon]</texture>
							<visible>!Container.HasFiles | IsEmpty(ListItem.FileName)</visible>
							<bordersize>6</bordersize>
						</control>
					</control>
					<control type="group">
						<left>46</left>
						<top>105</top>
						<control type="image">
							<left>6</left>
							<top>79</top>
							<width>663</width>
							<height>190</height>
							<aspectratio>stretch</aspectratio>
							<texture>views/gallery/title_overlay.png</texture>
							<visible>Container.HasFiles + !IsEmpty(ListItem.FileName)</visible>
						</control>
						<control type="label">
							<left>20</left>
							<top>195</top>
							<height>30</height>
							<width>640</width>
							<textcolor>white</textcolor>
							<shadowcolor>99000000</shadowcolor>
							<font>FontSize_38</font>
							<scroll>false</scroll>
							<align>left</align>
							<label>$INFO[ListItem.label]</label>
							<animation effect="slide" end="0,30" time="0" condition="![Container.HasFiles + !IsEmpty(ListItem.FileName)]">Conditional</animation>
						</control>
						<control type="label">
							<left>20</left>
							<top>230</top>
							<height>30</height>
							<width>640</width>
							<textcolor>77white</textcolor>
							<shadowcolor>99000000</shadowcolor>
							<font>FontSize_22</font>
							<scroll>false</scroll>
							<align>left</align>
							<label fallback="195">$VAR[GlobalInfo]</label>
							<visible>Container.HasFiles + !IsEmpty(ListItem.FileName)</visible>
						</control>
					</control>
				</focusedlayout>
			</control>
			<control type="image">
				<left>0</left>
				<top>157</top>
				<width>1280</width>
				<height>410</height>
				<aspectratio>stretch</aspectratio>
				<texture background="true">views/gallery/sides_fade.png</texture>
				<animation effect="fade" end="40" time="0" condition="true">Conditional</animation>
			</control>
			<control type="scrollbar" id="60">
				<left>305</left>
				<top>556</top>
				<width>670</width>
				<height>9</height>
				<texturesliderbackground>-</texturesliderbackground>
				<texturesliderbar border="14,0,14,0">views/scrollbar/scrollbar_horizontal.png</texturesliderbar>
				<texturesliderbarfocus border="14,0,14,0">views/scrollbar/scrollbar_horizontal.png</texturesliderbarfocus>
				<textureslidernib>-</textureslidernib>
				<textureslidernibfocus>-</textureslidernibfocus>
				<onup>52</onup>
				<ondown>52</ondown>
				<showonepage>false</showonepage>
				<orientation>horizontal</orientation>
				<animation effect="fade" start="100" end="0" time="200" condition="!Control.HasFocus(60)">Conditional</animation>
				<visible>Control.IsVisible(52)</visible>
			</control>
		</control>
	</include>


	<!-- ======================================== -->
	<!-- ==== Thumbnails View Pictures "560" ==== -->
	<!-- ======================================== -->
	<include name="ThumbnailsView_Pictures">
		<control type="group">
			<visible>Control.IsVisible(560)</visible>
			<include>ThumbnailsAnimations</include>
			<include>DialogZoomInOutAnimation</include>
			<control type="panel" id="560">
				<left>40</left>
				<top>95</top>
				<width>1200</width>
				<height>501</height>
				<onleft>9111</onleft>
				<onright>60</onright>
				<onup>560</onup>
				<ondown>560</ondown>
				<orientation>vertical</orientation>
				<pagecontrol>60</pagecontrol>
				<preloaditems>2</preloaditems>
				<viewtype label="31085">icons</viewtype>
				<scrolltime tween="Quadratic" easing="out">250</scrolltime>
				<visible>Container.HasFiles</visible>
				<itemlayout condition="!Skin.HasSetting(ShowSmallPicturesThumbs)" height="248" width="239.5">
					<control type="image">
						<left>5</left>
						<top>5</top>
						<width>231</width>
						<height>240</height>
						<aspectratio align="center" aligny="center">stretch</aspectratio>
						<texture border="31">views/other/panel.png</texture>
					</control>
					<control type="image">
						<left>9</left>
						<top>9</top>
						<width>223</width>
						<height>232</height>
						<aspectratio align="center" aligny="center">scale</aspectratio>
						<texture background="true" fallback="thumbs/fallback_square_tp.png">$VAR[ThumbnailsIcon]</texture>
						<bordertexture border="6">thumbs/thumb_border.png</bordertexture>
						<bordersize>6</bordersize>
					</control>
					<control type="image">
						<left>9</left>
						<top>9</top>
						<width>223</width>
						<height>232</height>
						<texture>overlays/unwatched/thumbs/$VAR[WatchedStateOverlay]_Square.png</texture>
						<aspectratio align="center" aligny="center">stretch</aspectratio>
						<bordersize>6</bordersize>
						
					</control>
					<control type="image">
						<left>9</left>
						<top>9</top>
						<width>223</width>
						<height>232</height>
						<texture background="true">$VAR[AddonStatus]</texture>
						<aspectratio align="center" aligny="center">stretch</aspectratio>
						<bordersize>6</bordersize>
					</control>
				</itemlayout>
				<itemlayout condition="Skin.HasSetting(ShowSmallPicturesThumbs)" height="167" width="171">
					<control type="image">
						<left>5</left>
						<top>5</top>
						<width>163</width>
						<height>158</height>
						<aspectratio align="center" aligny="center">stretch</aspectratio>
						<texture border="31">views/other/panel.png</texture>
					</control>
					<control type="image">
						<left>9</left>
						<top>9</top>
						<width>155</width>
						<height>150</height>
						<aspectratio align="center" aligny="center">scale</aspectratio>
						<texture background="true" fallback="thumbs/fallback_square_tp.png">$VAR[ThumbnailsIcon]</texture>
						<bordertexture border="6">thumbs/thumb_border.png</bordertexture>
						<bordersize>6</bordersize>
					</control>
					<control type="image">
						<left>9</left>
						<top>9</top>
						<width>155</width>
						<height>150</height>
						<aspectratio align="center" aligny="center">stretch</aspectratio>
						<texture>overlays/unwatched/thumbs/$VAR[WatchedStateOverlay]_Square.png</texture>
						<bordersize>6</bordersize>
						
					</control>
					<control type="image">
						<left>9</left>
						<top>9</top>
						<width>155</width>
						<height>150</height>
						<aspectratio align="center" aligny="center">stretch</aspectratio>
						<texture background="true">$VAR[AddonStatus]</texture>
						<bordersize>6</bordersize>
					</control>
				</itemlayout>
				<focusedlayout condition="!Skin.HasSetting(ShowSmallPicturesThumbs)" height="248" width="239.5">
					<control type="image">
						<left>5</left>
						<top>5</top>
						<width>231</width>
						<height>240</height>
						<aspectratio align="center" aligny="center">stretch</aspectratio>
						<texture border="31">views/other/panel.png</texture>
					</control>
					<control type="image">
						<left>9</left>
						<top>9</top>
						<width>223</width>
						<height>232</height>
						<aspectratio align="center" aligny="center">scale</aspectratio>
						<texture background="true" fallback="thumbs/fallback_square_tp.png">$VAR[ThumbnailsIcon]</texture>
						<bordertexture border="6">thumbs/thumb_border.png</bordertexture>
						<bordersize>6</bordersize>
					</control>
					<control type="image">
						<left>9</left>
						<top>9</top>
						<width>223</width>
						<height>232</height>
						<texture>overlays/unwatched/thumbs/$VAR[WatchedStateOverlay]_Square.png</texture>
						<aspectratio align="center" aligny="center">stretch</aspectratio>
						<bordersize>6</bordersize>
						
					</control>
					<control type="image">
						<left>9</left>
						<top>9</top>
						<width>223</width>
						<height>232</height>
						<texture background="true">$VAR[AddonStatus]</texture>
						<aspectratio align="center" aligny="center">stretch</aspectratio>
						<bordersize>6</bordersize>
					</control>
					<control type="image">
						<left>5</left>
						<top>5</top>
						<width>231</width>
						<height>240</height>
						<aspectratio align="center" aligny="center">stretch</aspectratio>
						<texture border="31">views/other/focus_blue.png</texture>
						<include>ThumbnailsFocusAnimation</include>
					</control>
				</focusedlayout>
				<focusedlayout condition="Skin.HasSetting(ShowSmallPicturesThumbs)" height="167" width="171">
					<control type="image">
						<left>5</left>
						<top>5</top>
						<width>163</width>
						<height>158</height>
						<aspectratio align="center" aligny="center">stretch</aspectratio>
						<texture border="31">views/other/panel.png</texture>
					</control>
					<control type="image">
						<left>9</left>
						<top>9</top>
						<width>155</width>
						<height>150</height>
						<aspectratio align="center" aligny="center">scale</aspectratio>
						<texture background="true" fallback="thumbs/fallback_square_tp.png">$VAR[ThumbnailsIcon]</texture>
						<bordertexture border="6">thumbs/thumb_border.png</bordertexture>
						<bordersize>6</bordersize>
					</control>
					<control type="image">
						<left>9</left>
						<top>9</top>
						<width>155</width>
						<height>150</height>
						<texture>overlays/unwatched/thumbs/$VAR[WatchedStateOverlay]_Square.png</texture>
						<aspectratio align="center" aligny="center">stretch</aspectratio>
						<bordersize>6</bordersize>
						
					</control>
					<control type="image">
						<left>9</left>
						<top>9</top>
						<width>155</width>
						<height>150</height>
						<texture background="true">$VAR[AddonStatus]</texture>
						<aspectratio align="center" aligny="center">stretch</aspectratio>
						<bordersize>6</bordersize>
					</control>
					<control type="image">
						<left>5</left>
						<top>5</top>
						<width>163</width>
						<height>158</height>
						<aspectratio align="center" aligny="center">stretch</aspectratio>
						<texture border="31">views/other/focus_blue.png</texture>
						<include>ThumbnailsFocusAnimation</include>
					</control>
				</focusedlayout>
			</control>
			<control type="button">
				<left>40</left>
				<top>598</top>
				<width>1200</width>
				<height>35</height>
				<font>FontSize_26B</font>
				<textcolor>bbwhite</textcolor>
				<focusedcolor>bbwhite</focusedcolor>
				<disabledcolor>bbwhite</disabledcolor>
				<shadowcolor>77000000</shadowcolor>
				<texturefocus>-</texturefocus>
				<texturenofocus>-</texturenofocus>
				<align>left</align>
				<aligny>top</aligny>
				<label>$INFO[ListItem.Label]</label>
				<label2>$VAR[AddonsLabel2]</label2>
				<visible>Control.IsVisible(560)</visible>
				<animation effect="slide" start="0,0" end="0,-6" time="0" condition="!Skin.HasSetting(ShowSmallPicturesThumbs)">Conditional</animation>
			</control>
			<control type="scrollbar" id="60">
				<right>30</right>
				<top>100</top>
				<width>9</width>
				<height>489</height>
				<texturesliderbackground>-</texturesliderbackground>
				<texturesliderbar border="0,14,0,14">views/scrollbar/scrollbar.png</texturesliderbar>
				<texturesliderbarfocus border="0,14,0,14">views/scrollbar/scrollbar.png</texturesliderbarfocus>
				<textureslidernib>-</textureslidernib>
				<textureslidernibfocus>-</textureslidernibfocus>
				<onleft>56</onleft>
				<onright>9111</onright>
				<showonepage>false</showonepage>
				<orientation>vertical</orientation>
				<animation effect="fade" start="100" end="0" time="250" condition="!Control.HasFocus(60) + !Container.Scrolling">Conditional</animation>
				<visible>!Skin.HasSetting(ShowSmallPicturesThumbs)</visible>
			</control>
			<control type="scrollbar" id="60">
				<right>30</right>
				<top>100</top>
				<width>9</width>
				<height>495</height>
				<texturesliderbackground>-</texturesliderbackground>
				<texturesliderbar border="0,14,0,14">views/scrollbar/scrollbar.png</texturesliderbar>
				<texturesliderbarfocus border="0,14,0,14">views/scrollbar/scrollbar.png</texturesliderbarfocus>
				<textureslidernib>-</textureslidernib>
				<textureslidernibfocus>-</textureslidernibfocus>
				<onleft>56</onleft>
				<onright>9111</onright>
				<showonepage>false</showonepage>
				<orientation>vertical</orientation>
				<animation effect="fade" start="100" end="0" time="250" condition="!Control.HasFocus(60) + !Container.Scrolling">Conditional</animation>
				<visible>Skin.HasSetting(ShowSmallPicturesThumbs)</visible>
			</control>
		</control>
	</include>


	<!--===========================-->
	<!--==== Netflix View "59" ====-->
	<!--===========================-->
	<include name="NetfilxView_Pictures">
		<control type="group">
			<visible>Control.IsVisible(59)</visible>
			<include>DialogZoomInOutAnimation</include>
			<include>CommonSlideAnimations</include>
			<control type="group">
				<left>25</left>
				<top>310</top>
				<visible>Control.IsVisible(59)</visible>
				<animation type="Conditional" reversible="false" condition="![Window.IsActive(favourites) | Window.IsActive(movieinformation) | Window.IsActive(shutdownmenu) | Window.IsActive(playercontrols)]">
					<effect type="fade" start="0" end="100" time="300" tween="sine" easing="in"  />
				</animation>
				<animation type="Conditional" reversible="false" condition="Window.IsActive(favourites) | Window.IsActive(movieinformation) | Window.IsActive(shutdownmenu) | Window.IsActive(playercontrols)">
					<effect type="fade" start="100" end="0" time="300" tween="sine" easing="out" />
				</animation>
				<control type="label">
					<left>20</left>
					<top>-10</top>
					<height>50</height>
					<width>1000</width>
					<textcolor>white</textcolor>
					<shadowcolor>77000000</shadowcolor>
					<font>FontSize_36B</font>
					<scroll>false</scroll>
					<align>left</align>
					<label>$VAR[ListItem.Label]</label>
					<visible>!stringcompare(ListItem.Label,..)</visible>
				</control>
				<!--Sublabel Info-->
				<control type="grouplist">
					<left>20</left>
					<top>38</top>
					<width>850</width>
					<height>30</height>
					<itemgap>10</itemgap>
					<orientation>horizontal</orientation>
					<control type="label">
						<left>0</left>
						<top>0</top>
						<width min="0" max="850">auto</width>
						<height>22</height>
						<textcolor>99white</textcolor>
						<shadowcolor>77000000</shadowcolor>
						<font>FontSize_22</font>
						<scroll>false</scroll>
						<align>left</align>
						<aligny>center</aligny><label fallback="195">$VAR[GlobalInfo]</label>
						<visible>!stringcompare(ListItem.Label,..)</visible>
					</control>
				</control>
			</control>
			<!--content container-->
			<control type="wraplist" id="59">
				<left>47</left>
				<top>420</top>
				<width>1280</width>
				<height>800</height>
				<onleft>59</onleft>
				<onright>59</onright>
				<onup>9000</onup>
				<ondown>60</ondown>
				<viewtype label="Netflix">List</viewtype>
				<scrolltime tween="Quadratic" easing="out">300</scrolltime>
				<orientation>horizontal</orientation>
				<preloaditems>2</preloaditems>
				<focusposition>0</focusposition>
				<pagecontrol>60</pagecontrol>
				<itemlayout width="299.5" height="256">
					<control type="image">
						<left>-2</left>
						<top>30</top>
						<width>291</width>
						<height>165</height>
						<aspectratio align="center" aligny="center">stretch</aspectratio>
						<texture border="30">views/other/panel.png</texture>
					</control>
					<control type="image">
						<left>-2</left>
						<top>194</top>
						<width>291</width>
						<height>165</height>
						<aspectratio align="center" aligny="center">stretch</aspectratio>
						<texture border="30" flipy="true" diffuse="thumbs/reflection_diffuse_sq.png">views/other/panel2.png</texture>
					</control>
					<control type="image">
						<left>0</left>
						<top>32</top>
						<width>287</width>
						<height>161</height>
						<aspectratio align="center" aligny="center">scale</aspectratio>
						<texture background="true" fallback="thumbs/fallback_episode_tp.png">$VAR[NetFlixLandscapeThumb]</texture>
						<bordertexture border="15">thumbs/thumb_border.png</bordertexture>
						<bordersize>6</bordersize>
					</control>
					<control type="image">
						<left>0</left>
						<top>197</top>
						<width>287</width>
						<height>161</height>
						<aspectratio align="center" aligny="center">scale</aspectratio>
						<texture background="true" flipy="true" diffuse="thumbs/reflection_diffuse_sq.png" fallback="thumbs/fallback_episode_tp.png">$VAR[NetFlixLandscapeThumb]</texture>
						<bordertexture border="15">thumbs/thumb_border_fade.png</bordertexture>
						<bordersize>6</bordersize>
					</control>
				</itemlayout>
				<focusedlayout width="299.5" height="256">
					<control type="image">
						<left>-2</left>
						<top>30</top>
						<width>291</width>
						<height>165</height>
						<aspectratio align="center" aligny="center">stretch</aspectratio>
						<texture border="30">views/other/panel.png</texture>
					</control>
					<control type="image">
						<left>0</left>
						<top>32</top>
						<width>287</width>
						<height>161</height>
						<aspectratio align="center" aligny="center">scale</aspectratio>
						<texture background="true" fallback="thumbs/fallback_episode_tp.png">$VAR[NetFlixLandscapeThumb]</texture>
						<bordertexture border="15">thumbs/thumb_border.png</bordertexture>
						<bordersize>8</bordersize>
					</control>
					<control type="image">
						<left>0</left>
						<top>196</top>
						<width>287</width>
						<height>161</height>
						<aspectratio align="center" aligny="center">scale</aspectratio>
						<texture background="true" flipy="true" diffuse="thumbs/reflection_diffuse_sq.png" fallback="thumbs/fallback_episode_tp.png">$VAR[NetFlixLandscapeThumb]</texture>
						<bordersize>8</bordersize>
					</control>
				</focusedlayout>
			</control>
			<control type="image">
				<left>45</left>
				<top>450</top>
				<width>291</width>
				<height>165</height>
				<aspectratio align="center" aligny="center">stretch</aspectratio>
				<texture border="15">views/other/focus_blue.png</texture>
			</control>
			<control type="image">
				<left>45</left>
				<top>614</top>
				<width>291</width>
				<height>165</height>
				<aspectratio align="center" aligny="center">stretch</aspectratio>
				<texture border="15" flipy="true" diffuse="thumbs/reflection_diffuse_sq.png">views/other/focus_blue.png</texture>
			</control>
			<control type="scrollbar" id="60">
				<left>45</left>
				<top>702</top>
				<width>1188</width>
				<height>8</height>
				<texturesliderbackground>-</texturesliderbackground>
				<texturesliderbar border="14,0,14,0">views/scrollbar/scrollbar_horizontal.png</texturesliderbar>
				<texturesliderbarfocus border="14,0,14,0">views/scrollbar/scrollbar_horizontal.png</texturesliderbarfocus>
				<textureslidernib>-</textureslidernib>
				<textureslidernibfocus>-</textureslidernibfocus>
				<onup>59</onup>
				<ondown>59</ondown>
				<showonepage>false</showonepage>
				<orientation>horizontal</orientation>
				<animation effect="fade" start="100" end="0" time="250" condition="!Control.HasFocus(60) + !Container.Scrolling">Conditional</animation>
				<visible>Control.IsVisible(59)</visible>
			</control>
		</control>
	</include>
</includes>
