<?xml version="1.0" encoding="UTF-8"?>
<includes>
	<!-- ======================== -->
	<!-- ==== List View "50" ==== -->
	<!-- ======================== -->
	<include name="ListView_Addons">
		<control type="group">
			<visible>Control.IsVisible(50)</visible>
			<visible>Window.IsVisible(AddonBrowser) | Window.IsVisible(Programs) | Container.Content(Addons)</visible>
			<include>DialogZoomInOutAnimation</include>
			<!-- ==== Thumb/Fanart/Info ==== -->
			<control type="group">
				<include>ListViewAnimationsRight</include>
				<visible>!IsEmpty(ListItem.Property(Addon.Name)) + !Stringcompare(ListItem.Label,..)</visible>
				<include>ListView_ThumbAndFanart</include>
				<control type="label">
					<left>860</left>
					<top>408</top>
					<width>375</width>
					<font>FontSize_20</font>
					<textcolor>blue</textcolor>
					<shadowcolor>99000000</shadowcolor>
					<label>$VAR[GlobalInfo]</label>
				</control>
				<control type="textbox">
					<left>820</left>
					<top>453</top>
					<width>415</width>
					<height>133</height>
					<font>FontSize_20</font>
					<textcolor>99white</textcolor>
					<shadowcolor>99000000</shadowcolor>
					<align>justify</align>
					<autoscroll delay="8000" repeat="8000" time="2000">Skin.HasSetting(AutoScroll)</autoscroll>
					<label fallback="195">$VAR[GlobalPlotDescription]</label>
				</control>
				<control type="grouplist">
					<left>630</left>
					<top>460</top>
					<width>200</width>
					<height>300</height>
					<orientation>vertical</orientation>
					<control type="label">
						<height max="13" min="0">auto</height>
						<width>180</width>
						<label>$LOCALIZE[24000] Creator</label>
						<font>FontSize_18B</font>
						<textcolor>99white</textcolor>
						<shadowcolor>99000000</shadowcolor>
					</control>
					<control type="label">
						<height max="13" min="0">auto</height>
						<width>180</width>
						<label fallback="195">$INFO[ListItem.Property(Addon.Creator)]</label>
						<font>FontSize_18</font>
						<textcolor>99white</textcolor>
						<shadowcolor>99000000</shadowcolor>
						<scrollspeed>30</scrollspeed>
					</control>
				</control>
				<control type="grouplist">
					<left>630</left>
					<top>506</top>
					<width>200</width>
					<height>300</height>
					<orientation>vertical</orientation>
					<control type="label">
						<height max="13" min="0">auto</height>
						<width>180</width>
						<label>$LOCALIZE[24000] $LOCALIZE[467]</label>
						<font>FontSize_18B</font>
						<textcolor>99white</textcolor>
						<shadowcolor>99000000</shadowcolor>
					</control>
					<control type="label">
						<height max="13" min="0">auto</height>
						<width>180</width>
						<label fallback="195">$INFO[ListItem.Property(Addon.Type)]</label>
						<font>FontSize_18</font>
						<textcolor>99white</textcolor>
						<shadowcolor>99000000</shadowcolor>
						<scrollspeed>30</scrollspeed>
					</control>
				</control>
				<control type="grouplist">
					<left>630</left>
					<top>554</top>
					<width>200</width>
					<height>300</height>
					<orientation>vertical</orientation>
					<control type="label">
						<height max="13" min="0">auto</height>
						<width>180</width>
						<label>$LOCALIZE[24000] ID</label>
						<font>FontSize_18B</font>
						<textcolor>99white</textcolor>
						<shadowcolor>99000000</shadowcolor>
					</control>
					<control type="label">
						<height max="13" min="0">auto</height>
						<width>180</width>
						<label fallback="195">$INFO[ListItem.Property(Addon.ID)]</label>
						<font>FontSize_18</font>
						<textcolor>99white</textcolor>
						<shadowcolor>99000000</shadowcolor>
						<scrollspeed>30</scrollspeed>
					</control>
				</control>
			</control>
			<!-- ==== Thumb ==== -->
			<control type="group">
				<include>ListViewAnimationsRight</include>
				<visible>IsEmpty(ListItem.Property(Addon.Name)) + !Stringcompare(ListItem.Label,..)</visible>
				<include>ListView_Thumb</include>
			</control>
			<!-- ==== Main List ==== -->
			<control type="group">
				<include>ListViewAnimationsLeft</include>
				<control id="50" type="list">
					<include>ListView_Dimensions</include>
					<itemlayout height="45" width="710">
						<control type="label">
							<left>12</left>
							<top>0</top>
							<width>55</width>
							<height>45</height>
							<font>FontSize_22</font>
							<textcolor>77white</textcolor>
							<shadowcolor>77000000</shadowcolor>
							<align>center</align>
							<aligny>center</aligny>
							<label>․  ․  ․</label>
							<visible>!Stringcompare(ListItem.Label,..)</visible>
						</control>
						<control type="label">
							<left>95</left>
							<top>0</top>
							<width>455</width>
							<height>44</height>
							<font>FontSize_22</font>
							<textcolor>77white</textcolor>
							<shadowcolor>77000000</shadowcolor>
							<align>left</align>
							<aligny>center</aligny>
							<label>$INFO[ListItem.Label]</label>
						</control>
						<control type="label">
							<left>280</left>
							<top>0</top>
							<width>300</width>
							<height>45</height>
							<font>FontSize_22</font>
							<textcolor>77white</textcolor>
							<shadowcolor>77000000</shadowcolor>
							<align>right</align>
							<aligny>center</aligny>
							<label fallback="․  ․  ․">$VAR[AddonsLabel2]</label>
						</control>
					</itemlayout>
					<focusedlayout height="45" width="710">
						<control type="group">
							<include>ListFocusAnimation</include>
							<control type="label">
								<left>12</left>
								<top>0</top>
								<width>55</width>
								<height>45</height>
								<font>FontSize_22</font>
								<textcolor>white</textcolor>
								<shadowcolor>77000000</shadowcolor>
								<align>center</align>
								<aligny>center</aligny>
								<label>․  ․  ․</label>
								<visible>!Stringcompare(ListItem.Label,..)</visible>
							</control>
							<control type="label">
								<left>95</left>
								<top>0</top>
								<width>455</width>
								<height>44</height>
								<font>FontSize_22</font>
								<textcolor>white</textcolor>
								<shadowcolor>77000000</shadowcolor>
								<align>left</align>
								<aligny>center</aligny>
								<scroll>true</scroll>
								<label>$INFO[ListItem.Label]</label>
							</control>
							<control type="label">
								<left>280</left>
								<top>0</top>
								<width>300</width>
								<height>45</height>
								<font>FontSize_22</font>
								<textcolor>white</textcolor>
								<shadowcolor>77000000</shadowcolor>
								<align>right</align>
								<aligny>center</aligny>
								<scroll>true</scroll>
								<label fallback="․  ․  ․">$VAR[AddonsLabel2]</label>
								<visible>!Stringcompare(ListItem.Label,..)</visible>
							</control>
						</control>
					</focusedlayout>
				</control>
				<include>ListView_Scrollbar</include>
				<include>ListView_Arrows</include>
			</control>
		</control>
	</include>
	<!-- ============================== -->
	<!-- ==== Thumbnails View "56" ==== -->
	<!-- ============================== -->
	<include name="ThumbnailsView">
		<control type="group">
			<visible>Control.IsVisible(56)</visible>
			<include>ThumbnailsAnimations</include>
			<include>DialogZoomInOutAnimation</include>
			<control id="56" type="panel">
				<left>40</left>
				<top>96</top>
				<width>1200</width>
				<height>528</height>
				<onleft>9111</onleft>
				<onright>60</onright>
				<onup>56</onup>
				<ondown>56</ondown>
				<orientation>vertical</orientation>
				<pagecontrol>60</pagecontrol>
				<preloaditems>2</preloaditems>
				<viewtype label="31085">icons</viewtype>
				<scrolltime easing="out" tween="Quadratic">250</scrolltime>
				<visible>![substring(Container.FolderPath,addons,left) | Container.HasFiles + ![stringcompare(Container.FolderPath,special://videoplaylists/) | stringcompare(Container.FolderPath,special://musicplaylists/) | substring(Container.FolderPath,plugin://plugin.video.movie25) | substring(Container.FolderPath,plugin://plugin.video.icefilms) | substring(Container.FolderPath,plugin://plugin.video.1channel) | substring(Container.FolderPath,plugin://plugin.video.hellenic.player) | substring(Container.FolderPath,plugin://plugin.video.iplayer) | substring(Container.FolderPath,plugin://plugin.video.lockedtv) | substring(Container.FolderPath,plugin://plugin.program.super.favourites)]]</visible>
				<visible>![Container.Content(Movies) | Container.Content(TVShows) | Container.Content(Seasons) | Container.Content(Episodes) | Container.Content(Sets) | Window.IsVisible(VideoPlaylist)]</visible>
				<visible>![Container.Content(Albums) | Container.Content(Artists) | Container.Content(Songs) | Window.IsVisible(MusicPlaylist)]</visible>
				<itemlayout height="262" width="239.5">
					<control type="image">
						<left>5</left>
						<top>5</top>
						<width>231</width>
						<height>254</height>
						<aspectratio align="center" aligny="center">stretch</aspectratio>
						<texture border="31">views/other/panel.png</texture>
					</control>
					<control type="image">
						<left>9</left>
						<top>9</top>
						<width>223</width>
						<height>210</height>
						<aspectratio align="center" aligny="center">scale</aspectratio>
						<texture background="true" fallback="thumbs/fallback_square_tp.png">$VAR[ThumbnailsIcon]</texture>
						<bordertexture border="6">thumbs/thumb_border.png</bordertexture>
						<bordersize>6</bordersize>
						<visible>!Container.Content(genres)</visible>
					</control>
					<control type="image">
						<left>9</left>
						<top>9</top>
						<width>223</width>
						<height>210</height>
						<aspectratio align="center" aligny="center">scale</aspectratio>
						<texture background="true" fallback="DefaultFolder.png">$VAR[VarArtGenre]</texture>
						<bordertexture border="6">thumbs/thumb_border.png</bordertexture>
						<bordersize>6</bordersize>
						<visible>Container.Content(genres)</visible>
					</control>
					<control type="image">
						<left>9</left>
						<top>9</top>
						<width>223</width>
						<height>210</height>
						<aspectratio align="center" aligny="center">stretch</aspectratio>
						<texture>overlays/unwatched/thumbs/$VAR[WatchedStateOverlay]_Square.png</texture>
						<bordersize>6</bordersize>						
					</control>
					<control type="image">
						<left>9</left>
						<top>9</top>
						<width>223</width>
						<height>210</height>
						<aspectratio align="center" aligny="center">stretch</aspectratio>
						<texture background="true">$VAR[AddonStatus]</texture>
						<bordersize>6</bordersize>
					</control>
					<control type="label">
						<left>15</left>
						<top>210</top>
						<width>212</width>
						<height>45</height>
						<textcolor>99white</textcolor>
						<shadowcolor>99000000</shadowcolor>
						<font>FontSize_20</font>
						<scroll>false</scroll>
						<align>center</align>
						<aligny>center</aligny>
						<label>$INFO[ListItem.Label]</label>
					</control>
				</itemlayout>
				<focusedlayout height="262" width="239.5">
					<control type="image">
						<left>5</left>
						<top>5</top>
						<width>231</width>
						<height>254</height>
						<aspectratio align="center" aligny="center">stretch</aspectratio>
						<texture border="31">views/other/panel.png</texture>
					</control>
					<control type="image">
						<left>9</left>
						<top>9</top>
						<width>223</width>
						<height>210</height>
						<aspectratio align="center" aligny="center">scale</aspectratio>
						<texture background="true" fallback="thumbs/fallback_square_tp.png">$VAR[ThumbnailsIcon]</texture>
						<bordertexture border="6">thumbs/thumb_border.png</bordertexture>
						<bordersize>6</bordersize>
						<visible>!Container.Content(genres)</visible>
					</control>
					<control type="image">
						<left>9</left>
						<top>9</top>
						<width>223</width>
						<height>210</height>
						<aspectratio align="center" aligny="center">scale</aspectratio>
						<texture background="true" fallback="DefaultFolder.png">$VAR[VarArtGenre]</texture>
						<bordertexture border="6">thumbs/thumb_border.png</bordertexture>
						<bordersize>6</bordersize>
						<visible>Container.Content(genres)</visible>
					</control>
					<control type="image">
						<left>9</left>
						<top>9</top>
						<width>223</width>
						<height>210</height>
						<aspectratio align="center" aligny="center">stretch</aspectratio>
						<texture>overlays/unwatched/thumbs/$VAR[WatchedStateOverlay]_Square.png</texture>
						<bordersize>6</bordersize>						
					</control>
					<control type="image">
						<left>9</left>
						<top>9</top>
						<width>223</width>
						<height>210</height>
						<aspectratio align="center" aligny="center">stretch</aspectratio>
						<texture background="true">$VAR[AddonStatus]</texture>
						<bordersize>6</bordersize>
					</control>
					<control type="label">
						<left>15</left>
						<top>210</top>
						<width>212</width>
						<height>45</height>
						<textcolor>blue</textcolor>
						<shadowcolor>99000000</shadowcolor>
						<font>FontSize_20</font>
						<scrollspeed>35</scrollspeed>
						<align>center</align>
						<aligny>center</aligny>
						<label>$INFO[ListItem.Label]</label>
					</control>
					<control type="image">
						<left>5</left>
						<top>5</top>
						<width>231</width>
						<height>254</height>
						<aspectratio align="center" aligny="center">stretch</aspectratio>
						<texture border="31">views/other/focus_blue.png</texture>
						<include>ThumbnailsFocusAnimation</include>
					</control>
				</focusedlayout>
			</control>
			<control id="60" type="scrollbar">
				<right>30</right>
				<top>100</top>
				<width>9</width>
				<height>518</height>
				<texturesliderbackground>-</texturesliderbackground>
				<texturesliderbar border="0,14,0,14">views/scrollbar/scrollbar.png</texturesliderbar>
				<texturesliderbarfocus border="0,14,0,14">views/scrollbar/scrollbar.png</texturesliderbarfocus>
				<textureslidernib>-</textureslidernib>
				<textureslidernibfocus>-</textureslidernibfocus>
				<onleft>56</onleft>
				<onright>9111</onright>
				<showonepage>false</showonepage>
				<orientation>vertical</orientation>
				<animation condition="!Control.HasFocus(60) + !Container.Scrolling" effect="fade" end="0" start="100" time="250">Conditional</animation>
				<visible>Control.IsVisible(56)</visible>
			</control>
		</control>
	</include>
	<!-- ====================================== -->
	<!-- ==== Thumbnails View Addons "560" ==== -->
	<!-- ====================================== -->
	<include name="ThumbnailsView_Addons">
		<control type="group">
			<visible>Control.IsVisible(560)</visible>
			<include>ThumbnailsAnimations</include>
			<include>DialogZoomInOutAnimation</include>
			<control id="560" type="panel">
				<left>40</left>
				<top>95</top>
				<width>1200</width>
				<height>501</height>
				<onleft>9111</onleft>
				<onright>60</onright>
				<onup>560</onup>
				<ondown>560</ondown>
				<orientation>vertical</orientation>
				<pagecontrol>60</pagecontrol>
				<preloaditems>2</preloaditems>
				<viewtype label="31085">icons</viewtype>
				<scrolltime easing="out" tween="Quadratic">250</scrolltime>
				<visible>Container.Content(addons) + Container.HasFiles</visible>
				<itemlayout condition="!Skin.HasSetting(ShowSmallAddonsThumbs)" height="248" width="239.5">
					<control type="image">
						<left>5</left>
						<top>5</top>
						<width>231</width>
						<height>240</height>
						<aspectratio align="center" aligny="center">stretch</aspectratio>
						<texture border="31">views/other/panel.png</texture>
					</control>
					<control type="image">
						<left>9</left>
						<top>9</top>
						<width>223</width>
						<height>232</height>
						<aspectratio align="center" aligny="center">scale</aspectratio>
						<texture background="true" fallback="thumbs/fallback_square_tp.png">$VAR[ThumbnailsIcon]</texture>
						<bordertexture border="6">thumbs/thumb_border.png</bordertexture>
						<bordersize>6</bordersize>
					</control>
					<control type="image">
						<left>9</left>
						<top>9</top>
						<width>223</width>
						<height>232</height>
						<texture>overlays/unwatched/thumbs/$VAR[WatchedStateOverlay]_Square.png</texture>
						<aspectratio align="center" aligny="center">stretch</aspectratio>
						<bordersize>6</bordersize>
						
					</control>
					<control type="image">
						<left>9</left>
						<top>9</top>
						<width>223</width>
						<height>232</height>
						<texture background="true">$VAR[AddonStatus]</texture>
						<aspectratio align="center" aligny="center">stretch</aspectratio>
						<bordersize>6</bordersize>
					</control>
				</itemlayout>
				<itemlayout condition="Skin.HasSetting(ShowSmallAddonsThumbs)" height="167" width="171">
					<control type="image">
						<left>5</left>
						<top>5</top>
						<width>163</width>
						<height>158</height>
						<aspectratio align="center" aligny="center">stretch</aspectratio>
						<texture border="31">views/other/panel.png</texture>
					</control>
					<control type="image">
						<left>9</left>
						<top>9</top>
						<width>155</width>
						<height>150</height>
						<aspectratio align="center" aligny="center">scale</aspectratio>
						<texture background="true" fallback="thumbs/fallback_square_tp.png">$VAR[ThumbnailsIcon]</texture>
						<bordertexture border="6">thumbs/thumb_border.png</bordertexture>
						<bordersize>6</bordersize>
					</control>
					<control type="image">
						<left>9</left>
						<top>9</top>
						<width>155</width>
						<height>150</height>
						<aspectratio align="center" aligny="center">stretch</aspectratio>
						<texture>overlays/unwatched/thumbs/$VAR[WatchedStateOverlay]_Square.png</texture>
						<bordersize>6</bordersize>
						
					</control>
					<control type="image">
						<left>9</left>
						<top>9</top>
						<width>155</width>
						<height>150</height>
						<aspectratio align="center" aligny="center">stretch</aspectratio>
						<texture background="true">$VAR[AddonStatus]</texture>
						<bordersize>6</bordersize>
					</control>
				</itemlayout>
				<focusedlayout condition="!Skin.HasSetting(ShowSmallAddonsThumbs)" height="248" width="239.5">
					<control type="image">
						<left>5</left>
						<top>5</top>
						<width>231</width>
						<height>240</height>
						<aspectratio align="center" aligny="center">stretch</aspectratio>
						<texture border="31">views/other/panel.png</texture>
					</control>
					<control type="image">
						<left>9</left>
						<top>9</top>
						<width>223</width>
						<height>232</height>
						<aspectratio align="center" aligny="center">scale</aspectratio>
						<texture background="true" fallback="thumbs/fallback_square_tp.png">$VAR[ThumbnailsIcon]</texture>
						<bordertexture border="6">thumbs/thumb_border.png</bordertexture>
						<bordersize>6</bordersize>
					</control>
					<control type="image">
						<left>9</left>
						<top>9</top>
						<width>223</width>
						<height>232</height>
						<texture>overlays/unwatched/thumbs/$VAR[WatchedStateOverlay]_Square.png</texture>
						<aspectratio align="center" aligny="center">stretch</aspectratio>
						<bordersize>6</bordersize>
						
					</control>
					<control type="image">
						<left>9</left>
						<top>9</top>
						<width>223</width>
						<height>232</height>
						<texture background="true">$VAR[AddonStatus]</texture>
						<aspectratio align="center" aligny="center">stretch</aspectratio>
						<bordersize>6</bordersize>
					</control>
					<control type="image">
						<left>5</left>
						<top>5</top>
						<width>231</width>
						<height>240</height>
						<aspectratio align="center" aligny="center">stretch</aspectratio>
						<texture border="31">views/other/focus_blue.png</texture>
						<include>ThumbnailsFocusAnimation</include>
					</control>
				</focusedlayout>
				<focusedlayout condition="Skin.HasSetting(ShowSmallAddonsThumbs)" height="167" width="171">
					<control type="image">
						<left>5</left>
						<top>5</top>
						<width>163</width>
						<height>158</height>
						<aspectratio align="center" aligny="center">stretch</aspectratio>
						<texture border="31">views/other/panel.png</texture>
					</control>
					<control type="image">
						<left>9</left>
						<top>9</top>
						<width>155</width>
						<height>150</height>
						<aspectratio align="center" aligny="center">scale</aspectratio>
						<texture background="true" fallback="thumbs/fallback_square_tp.png">$VAR[ThumbnailsIcon]</texture>
						<bordertexture border="6">thumbs/thumb_border.png</bordertexture>
						<bordersize>6</bordersize>
					</control>
					<control type="image">
						<left>9</left>
						<top>9</top>
						<width>155</width>
						<height>150</height>
						<texture>overlays/unwatched/thumbs/$VAR[WatchedStateOverlay]_Square.png</texture>
						<aspectratio align="center" aligny="center">stretch</aspectratio>
						<bordersize>6</bordersize>
						
					</control>
					<control type="image">
						<left>9</left>
						<top>9</top>
						<width>155</width>
						<height>150</height>
						<texture background="true">$VAR[AddonStatus]</texture>
						<aspectratio align="center" aligny="center">stretch</aspectratio>
						<bordersize>6</bordersize>
					</control>
					<control type="image">
						<left>5</left>
						<top>5</top>
						<width>163</width>
						<height>158</height>
						<aspectratio align="center" aligny="center">stretch</aspectratio>
						<texture border="31">views/other/focus_blue.png</texture>
						<include>ThumbnailsFocusAnimation</include>
					</control>
				</focusedlayout>
			</control>
			<control type="button">
				<left>40</left>
				<top>598</top>
				<width>1200</width>
				<height>35</height>
				<font>FontSize_26B</font>
				<textcolor>bbwhite</textcolor>
				<focusedcolor>bbwhite</focusedcolor>
				<disabledcolor>bbwhite</disabledcolor>
				<shadowcolor>77000000</shadowcolor>
				<texturefocus>-</texturefocus>
				<texturenofocus>-</texturenofocus>
				<align>left</align>
				<aligny>top</aligny>
				<label>$INFO[ListItem.Label]</label>
				<label2>$VAR[AddonsLabel2]</label2>
				<visible>Control.IsVisible(560)</visible>
				<animation condition="!Skin.HasSetting(ShowSmallAddonsThumbs)" effect="slide" end="0,-6" start="0,0" time="0">Conditional</animation>
			</control>
			<control id="60" type="scrollbar">
				<right>30</right>
				<top>100</top>
				<width>9</width>
				<height>489</height>
				<texturesliderbackground>-</texturesliderbackground>
				<texturesliderbar border="0,14,0,14">views/scrollbar/scrollbar.png</texturesliderbar>
				<texturesliderbarfocus border="0,14,0,14">views/scrollbar/scrollbar.png</texturesliderbarfocus>
				<textureslidernib>-</textureslidernib>
				<textureslidernibfocus>-</textureslidernibfocus>
				<onleft>56</onleft>
				<onright>9111</onright>
				<showonepage>false</showonepage>
				<orientation>vertical</orientation>
				<animation condition="!Control.HasFocus(60) + !Container.Scrolling" effect="fade" end="0" start="100" time="250">Conditional</animation>
				<visible>!Skin.HasSetting(ShowSmallAddonsThumbs)</visible>
			</control>
			<control id="60" type="scrollbar">
				<right>30</right>
				<top>100</top>
				<width>9</width>
				<height>495</height>
				<texturesliderbackground>-</texturesliderbackground>
				<texturesliderbar border="0,14,0,14">views/scrollbar/scrollbar.png</texturesliderbar>
				<texturesliderbarfocus border="0,14,0,14">views/scrollbar/scrollbar.png</texturesliderbarfocus>
				<textureslidernib>-</textureslidernib>
				<textureslidernibfocus>-</textureslidernibfocus>
				<onleft>56</onleft>
				<onright>9111</onright>
				<showonepage>false</showonepage>
				<orientation>vertical</orientation>
				<animation condition="!Control.HasFocus(60) + !Container.Scrolling" effect="fade" end="0" start="100" time="250">Conditional</animation>
				<visible>Skin.HasSetting(ShowSmallAddonsThumbs)</visible>
			</control>
		</control>
	</include>

	<!--========================-->
	<!--==== Classic Slide View "583" ====-->
	<!--========================-->
	<include name="ClassicSlideView_Addons">
		<control type="group">
			<left>-0</left>
			<visible>Control.IsVisible(583)</visible>
			<!--smooth background fade-->
			<control type="group">
				<include>BackgroundAnimation</include>
				<visible>!Skin.HasSetting(HideBGFanart)</visible>
				<animation type="WindowOpen" tween="sine" easing="out">
					<effect type="fade" start="0" end="100" time="1000"/>
				</animation>
				<animation type="WindowClose" tween="sine" easing="out">
					<effect type="fade" start="100" end="0" time="1000" delay="700"/>
				</animation>
				<control type="image">
					<include>FullscreenDimensions</include>
					<texture>windows/bg/black.jpg</texture>
					<fadetime>FanartCrossfadeTime</fadetime>
				</control>
				<control type="image">
					<description>ClassicSlideFanart</description>
					<include>FullscreenDimensions</include>
					<texture background="true" fallback="SKINDEFAULT.jpg">$INFO[ListItem.Art(fanart)]</texture>
					<fadetime>FanartCrossfadeTime</fadetime>
				</control>
			</control>
			<control type="group">
				<control type="image">
					<description>ClassicSlideFanart Diffuse</description>
					<include>FullscreenDimensions</include>
					<texture background="true">views/ClassicSlide/mask.png</texture>
				</control>
				<control type="image">
					<description>ClassicSlideFanart Diffuse</description>
					<include>FullscreenDimensions</include>
					<texture background="true">windows/bg/bg_vignette.png</texture>
				</control>
			</control>
			<!--itemlayout-->
			<control type="group">
				<left>0</left>
				<top>-1</top>
				<visible>Control.IsVisible(583)</visible>
				<include>DialogZoomInOutAnimation</include>
				<control type="label">
					<top>205</top>
					<width>1095</width>
					<align>right</align>
					<label>[CAPITALIZE]$VAR[ContainerItemSingular][/CAPITALIZE] $INFO[Container.CurrentItem] / $INFO[Container.NumItems]</label>
					<font>FontSize_18B</font>
					<textcolor>44white</textcolor>
					<shadowcolor>99000000</shadowcolor>
					<include>DownUpAnimation</include>
					<visible>!stringcompare(ListItem.Label,..) + !Control.HasFocus(60)</visible>
				</control>
				<control type="label">
					<top>205</top>
					<width>1095</width>
					<align>right</align>
					<label>[CAPITALIZE]$LOCALIZE[31024][/CAPITALIZE] $INFO[Container.CurrentPage] / $INFO[Container.NumPages]</label>
					<font>FontSize_18B</font>
					<textcolor>44white</textcolor>
					<shadowcolor>99000000</shadowcolor>
					<visible>Control.HasFocus(60)</visible>
					<include>DownUpAnimation</include>
				</control>
				<control type="image">
					<include>FullscreenDimensions</include>
					<texture>views/ClassicSlide/panel.png</texture>
					<fadetime>FanartCrossfadeTime</fadetime>
					<animation type="WindowOpen" tween="sine" easing="out">
						<effect type="fade" start="0" end="100" time="1000"/>
					</animation>
					<animation type="WindowClose" tween="sine" easing="out">
						<effect type="fade" start="100" end="0" time="1000" delay="300"/>
					</animation>
				</control>
				<control type="group">
					<visible>Container.Content(movies) | Container.Content(tvshows) | Container.Content(seasons) | Container.Content(sets)</visible>
					<control type="group" id="8013">
						<left>-100</left>
						<animation reversible="false" effect="slide" start="0,0" end="-164,0" time="300" tween="quadratic" easing="out">Hidden</animation>
						<visible>Container.OnNext</visible>
						<include>Includes_OnNext_ClassicSlide</include>
					</control>
					<control type="group" id="8014">
						<left>-100</left>
						<animation reversible="false" effect="slide" start="0,0" end="164,0" time="300" tween="quadratic" easing="out">Hidden</animation>
						<visible>Container.OnPrevious</visible>
						<include>Includes_OnPrevious_ClassicSlide</include>
					</control>
				</control>
				<control type="group">
					<visible>![Container.Content(movies) | Container.Content(tvshows) | Container.Content(seasons) | Container.Content(sets)]</visible>
					<control type="group" id="8013">
						<left>-100</left>
						<animation reversible="false" effect="slide" start="0,0" end="-242,0" time="300" tween="quadratic" easing="out">Hidden</animation>
						<visible>Container.OnNext</visible>
						<include>Includes_OnNext_ClassicSlide</include>
					</control>
					<control type="group" id="8014">
						<left>-100</left>
						<animation reversible="false" effect="slide" start="0,0" end="242,0" time="300" tween="quadratic" easing="out">Hidden</animation>
						<visible>Container.OnPrevious</visible>
						<include>Includes_OnPrevious_ClassicSlide</include>
					</control>
				</control>
				<control type="group">
					<left>-100</left>
					<animation type="WindowOpen" tween="sine" easing="out">
						<effect type="fade" start="0" end="100" time="1000"/>
					</animation>
					<animation type="WindowClose" tween="sine" easing="out">
						<effect type="fade" start="100" end="0" time="1000" delay="300"/>
					</animation>
					<visible>!Control.IsVisible(8013) + !Control.IsVisible(8014)</visible>
					<include>Includes_Static_ClassicSlide</include>
				</control>
				<control type="image">
					<visible>Control.IsVisible(583)</visible>
					<include>FullscreenDimensions</include>
					<texture>views/ClassicSlide/posters_overlay.png</texture>
					<fadetime>FanartCrossfadeTime</fadetime>
					<animation type="WindowOpen">
						<effect type="fade" start="0" end="50" time="500" delay="800" tween="sine" easing="out"/>
					</animation>
					<animation type="WindowClose">
						<effect type="fade" start="50" end="0" time="500" delay="0" tween="sine" easing="out"/>
					</animation>
				</control>
			</control>
			<!--scrollbar-->
			<control type="scrollbar" id="60">
				<left>550</left>
				<top>486</top>
				<width>730</width>
				<height>9</height>
				<texturesliderbackground>-</texturesliderbackground>
				<texturesliderbar border="14,0,14,0">views/scrollbar/scrollbar_horizontal.png</texturesliderbar>
				<texturesliderbarfocus border="14,0,14,0">views/scrollbar/scrollbar_horizontal.png</texturesliderbarfocus>
				<textureslidernib>-</textureslidernib>
				<textureslidernibfocus>-</textureslidernibfocus>
				<onup>583</onup>
				<ondown>583</ondown>
				<showonepage>false</showonepage>
				<orientation>horizontal</orientation>
				<animation effect="fade" start="100" end="0" time="250" condition="!Control.HasFocus(60) + !Container.Scrolling">Conditional</animation>
				<visible>Control.IsVisible(583)</visible>
			</control>
			<!--focusedlayout square-->
			<control type="group">
				<visible>Control.IsVisible(583)</visible>
				<control type="image">
					<left>28</left>
					<top>32</top>
					<width>673</width>
					<height>673</height>
					<include>DialogZoomInOutAnimation</include>
					<texture background="true">views/ClassicSlide/poster_blue_shadow_panel.png</texture>
					<animation reversible="true" effect="zoom" start="100,100" end="95,100" center="340,340" time="300" tween="quadratic" easing="in" condition="Control.IsVisible(8013) | Control.IsVisible(8014)">Conditional</animation>
					<animation type="WindowOpen">
						<effect type="fade" start="0" end="100" time="500" delay="800" tween="sine" easing="out"/>
						<effect type="zoom" start="196,148,360,673" end="128,32,673,673" time="980" delay="750" tween="sine" easing="out"/>
					</animation>
					<animation type="WindowClose">
						<effect type="zoom" start="128,32,673,673" end="196,148,360,673" time="980" delay="0" tween="sine" easing="out"/>
						<effect type="fade" start="100" end="0" time="500" delay="0" tween="sine" easing="out"/>
					</animation>
				</control>
				<control type="group">
					<include>DialogZoomInOutAnimation</include>
					<animation reversible="true" effect="zoom" start="100" end="95" center="340,340" time="300" tween="quadratic" easing="in" condition="Control.IsVisible(8013) | Control.IsVisible(8014)">Conditional</animation>
					<control type="image">
						<left>31</left>
						<top>12</top>
						<width>673</width>
						<height>673</height>
						<texture background="true">views/ClassicSlide/square_blue_shadow.png</texture>
						<animation type="WindowOpen">
							<effect type="fade" start="0" end="100" time="500" delay="800" tween="sine" easing="out"/>
							<effect type="zoom" start="196,148,436,436" end="128,12,673,673" time="980" delay="750" tween="sine" easing="out"/>
						</animation>
						<animation type="WindowClose">
							<effect type="zoom" start="128,12,673,673" end="196,148,436,436" time="980" delay="0" tween="sine" easing="out"/>
							<effect type="fade" start="100" end="0" time="500" delay="0" tween="sine" easing="out"/>
						</animation>
					</control>
					<control type="group">
						<width>366</width>
						<height>366</height>
						<animation type="WindowOpen">
							<effect type="fade" start="0" end="100" time="500" delay="500"  tween="sine" easing="out"/>
							<effect type="zoom" start="294,239,242,242" end="285,156,366,366" time="980" delay="750"  tween="sine" easing="out"/>
						</animation>
						<animation type="WindowClose">
							<effect type="zoom" start="285,156,366,366" end="294,239,242,242" time="980" delay="0"  tween="sine" easing="out"/>
							<effect type="fade" start="100" end="0" time="500" delay="800"  tween="sine" easing="out"/>
						</animation>
						<control type="image">
							<left>185</left>
							<top>156</top>
							<width>366</width>
							<height>366</height>
							<aspectratio align="center" aligny="center" scalediffuse="false">scale</aspectratio>
							<texture background="true" diffuse="views/ClassicSlide/square_diffuse.png">thumbs/thumb_back.png</texture>
						</control>
						<control type="image">
							<left>185</left>
							<top>156</top>
							<width>366</width>
							<height>366</height>
							<aspectratio align="center" aligny="center" scalediffuse="false">scale</aspectratio>
							<texture background="true" diffuse="views/ClassicSlide/square_diffuse.png" fallback="thumbs/fallback_square.png">$INFO[ListItem.Icon]</texture>
							<animation effect="fade" start="90" end="100" time="200" delay="0" condition="![Control.IsVisible(8013) | Control.IsVisible(8014)]">Conditional</animation>
						</control>
						<control type="image">
							<left>185</left>
							<top>156</top>
							<width>366</width>
							<height>366</height>
							<aspectratio aligny="center" align="center">stretch</aspectratio>
							<texture background="true">views/ClassicSlide/square_overlay.png</texture>
						</control>
						<control type="image">
							<left>185</left>
							<top>156</top>
							<width>366</width>
							<height>366</height>
							<aspectratio aligny="center" align="center">stretch</aspectratio>
							<texture scalediffuse="true" diffuse="views/ClassicSlide/square_diffuse.png">overlays/unwatched/classicslide/$VAR[WatchedStateOverlay]_square.png</texture>							
							<animation effect="fade" start="90" end="100" time="200" delay="0" condition="![Control.IsVisible(8013) | Control.IsVisible(8014)]">Conditional</animation>
						</control>
						<control type="image">
							<left>185</left>
							<top>156</top>
							<width>366</width>
							<height>366</height>
							<aspectratio aligny="center" align="center">stretch</aspectratio>
							<texture scalediffuse="true" diffuse="views/ClassicSlide/square_diffuse.png">$VAR[AddonStatus]</texture>
							
							<animation effect="fade" start="90" end="100" time="200" delay="0" condition="![Control.IsVisible(8013) | Control.IsVisible(8014)]">Conditional</animation>
						</control>
						<control type="group">
							<visible>Control.IsVisible(8013)</visible>
							<animation effect="fade" start="100" end="0" time="200" delay="150" condition="Control.IsVisible(8013) + !IsEmpty(ListItem(-1).Art(thumb))">Conditional</animation>
							<control type="image">
								<left>185</left>
								<top>156</top>
								<width>366</width>
								<height>366</height>
								<aspectratio align="center" aligny="center" scalediffuse="false">scale</aspectratio>
								<texture background="true" diffuse="views/ClassicSlide/square_diffuse.png">thumbs/thumb_back.png</texture>
							</control>
							<control type="image">
								<left>185</left>
								<top>156</top>
								<width>366</width>
								<height>366</height>
								<aspectratio align="center" aligny="center" scalediffuse="false">scale</aspectratio>
								<texture background="true" diffuse="views/ClassicSlide/square_diffuse.png" fallback="thumbs/fallback_square.png">$INFO[ListItem(-1).Icon]</texture>
							</control>
							<control type="image">
								<left>185</left>
								<top>156</top>
								<width>366</width>
								<height>366</height>
								<aspectratio aligny="center" align="center">stretch</aspectratio>
								<texture background="true">views/ClassicSlide/square_overlay.png</texture>
							</control>
						</control>
						<control type="group">
							<animation effect="fade" start="100" end="0" time="200" delay="150" condition="Control.IsVisible(8014) + !IsEmpty(ListItem(1).Art(thumb))">Conditional</animation>
							<visible>Control.IsVisible(8014)</visible>
							<control type="image">
								<left>185</left>
								<top>156</top>
								<width>366</width>
								<height>366</height>
								<aspectratio align="center" aligny="center" scalediffuse="false">scale</aspectratio>
								<texture background="true" diffuse="views/ClassicSlide/square_diffuse.png">thumbs/thumb_back.png</texture>
							</control>
							<control type="image">
								<left>185</left>
								<top>156</top>
								<width>366</width>
								<height>366</height>
								<aspectratio align="center" aligny="center" scalediffuse="false">scale</aspectratio>
								<texture background="true" diffuse="views/ClassicSlide/square_diffuse.png" fallback="thumbs/fallback_square.png">$INFO[ListItem(1).Icon]</texture>
							</control>
							<control type="image">
								<left>185</left>
								<top>156</top>
								<width>366</width>
								<height>366</height>
								<aspectratio aligny="center" align="center">stretch</aspectratio>
								<texture background="true">views/ClassicSlide/square_overlay.png</texture>
							</control>
						</control>
					</control>
				</control>
				<!--labels-->
				<control type="grouplist">
					<left>185</left>
					<top>530</top>
					<width>910</width>
					<height>120</height>
					<itemgap>20</itemgap>
					<orientation>horizontal</orientation>
					<include>DialogZoomInOutAnimation</include>
					<animation effect="zoom" start="100" end="95" center="340,340" time="300" tween="quadratic" easing="in" condition="Control.IsVisible(8013) | Control.IsVisible(8014)">Conditional</animation>
					<animation effect="fade" start="100" end="0" condition="Control.IsVisible(8013) | Control.IsVisible(8014)">Conditional</animation>
					<visible>!Control.IsVisible(8013) + !Control.IsVisible(8014)</visible>
					<animation type="WindowOpen">
						<effect type="fade" start="0" end="100" time="800" delay="800" tween="sine" easing="out"/>
						<effect type="slide" start="570" end="0" time="980" delay="750" tween="sine" easing="out"/>
					</animation>
					<animation type="WindowClose">
						<effect type="slide" start="0" end="570" time="980" delay="0" tween="sine" easing="out"/>
						<effect type="fade" start="100" end="0" time="800" delay="0" tween="sine" easing="out"/>
					</animation>
					<!--title and sub info-->
					<control type="group">
						<width>960</width>
						<control type="grouplist">
							<orientation>horizontal</orientation>
							<width>910</width>
							<height>50</height>
							<itemgap>0</itemgap>
							<control type="label">
								<label>$VAR[ListItem.Label]</label>
								<width max="910">910</width>
								<font>FontSize_28B</font>
								<textcolor>white</textcolor>
								<shadowcolor>77000000</shadowcolor>
								<visible>!stringcompare(ListItem.Label,..)</visible>
							</control>
						</control>											
						<control type="textbox">
							<top>32</top>
							<left>0</left>
							<width>910</width>
							<height>60</height>
							<font>FontSize_22</font>
							<textcolor>99white</textcolor>
							<shadowcolor>77000000</shadowcolor>
							<label>$VAR[ClassicSlidePlotDescription]</label>
							<align>justify</align>
							<autoscroll delay="8000" time="2000" repeat="8000">Skin.HasSetting(AutoScroll)</autoscroll>
							<visible>!stringcompare(ListItem.Label,..)</visible>
						</control>
					</control>
				</control>
			</control>
			<!--hidden container-->
			<control type="panel" id="583">
				<left>-335</left>
				<top>195</top>
				<width>1736</width>
				<height>362</height>
				<onleft>583</onleft>
				<onright>583</onright>
				<ondown>60</ondown>
				<onup condition="!Skin.HasSetting(EnableKioskMode)">9111</onup>
				<viewtype label="Classic Slide">Slide</viewtype>
				<pagecontrol>60</pagecontrol>
				<itemgap>0</itemgap>
				<orientation>horizontal</orientation>
				<scrolltime>250</scrolltime>
				<preloaditems>2</preloaditems>
				<focusposition>0</focusposition>
				<hitrect x="285" y="176" w="248" h="362"/>
				<itemlayout width="248" height="362"/>
				<focusedlayout width="248" height="362">
					<control type="image">
						<left>0</left>
						<top>0</top>
						<width>248</width>
						<height>362</height>
						<texture>-</texture>
					</control>
				</focusedlayout>
			</control>
		</control>
	</include>
</includes>