<?xml version="1.0" encoding="UTF-8"?>
<includes>
	<!--========================-->
	<!--==== List View "50" ====-->
	<!--========================-->
	<include name="ListView_Music">
		<control type="group">
			<visible>Control.IsVisible(50)</visible>
			<include>DialogZoomInOutAnimation</include>
			<!--==== Thumb/Fanart/Info ====-->
			<control type="group">
				<include>ListViewAnimationsRight</include>
				<visible>!Stringcompare(ListItem.Label,..)</visible>
				<visible>[Container.Content(Artists) | Container.Content(Albums) | Container.Content(Songs)] | [Substring(Container.FolderPath,plugin,left) | Container.Content(Addons)] + !IsEmpty(ListItem.Property(Addon.Name))</visible>
				<include>ListView_ThumbAndFanart</include>
				<control type="label">
					<left>860</left>
					<top>408</top>
					<width>375</width>
					<font>FontSize_20</font>
					<textcolor>blue</textcolor>
					<shadowcolor>99000000</shadowcolor>
					<label>$VAR[GlobalInfo]</label>
				</control>
				<control type="textbox">
					<left>820</left>
					<top>453</top>
					<width>415</width>
					<height>133</height>
					<font>FontSize_20</font>
					<textcolor>99white</textcolor>
					<shadowcolor>99000000</shadowcolor>
					<align>justify</align>
					<autoscroll delay="8000" time="2000" repeat="8000">Skin.HasSetting(AutoScroll)</autoscroll>
					<label fallback="195">$VAR[GlobalPlotDescription]</label>
				</control>
				<control type="grouplist">
					<left>630</left>
					<top>460</top>
					<width>200</width>
					<height>300</height>
					<orientation>vertical</orientation>
					<visible>[Substring(Container.FolderPath,plugin,left) | Container.Content(Addons)]</visible>
					<control type="label">
						<height min="0" max="13">auto</height>
						<width>180</width>
						<label>$LOCALIZE[24000] $LOCALIZE[31041]</label>
						<font>FontSize_18B</font>
						<textcolor>99white</textcolor>
						<shadowcolor>99000000</shadowcolor>
					</control>
					<control type="label">
						<height min="0" max="13">auto</height>
						<width>180</width>
						<label fallback="195">$INFO[ListItem.Property(Addon.Creator)]</label>
						<font>FontSize_18</font>
						<textcolor>99white</textcolor>
						<shadowcolor>99000000</shadowcolor>
						<scrollspeed>30</scrollspeed>
					</control>
				</control>
				<control type="grouplist">
					<left>630</left>
					<top>506</top>
					<width>200</width>
					<height>300</height>
					<orientation>vertical</orientation>
					<visible>[Substring(Container.FolderPath,plugin,left) | Container.Content(Addons)]</visible>
					<control type="label">
						<height min="0" max="13">auto</height>
						<width>180</width>
						<label>$LOCALIZE[24000] $LOCALIZE[467]</label>
						<font>FontSize_18B</font>
						<textcolor>99white</textcolor>
						<shadowcolor>99000000</shadowcolor>
					</control>
					<control type="label">
						<height min="0" max="13">auto</height>
						<width>180</width>
						<label fallback="195">$INFO[ListItem.Property(Addon.Type)]</label>
						<font>FontSize_18</font>
						<textcolor>99white</textcolor>
						<shadowcolor>99000000</shadowcolor>
						<scrollspeed>30</scrollspeed>
					</control>
				</control>
				<control type="grouplist">
					<left>630</left>
					<top>554</top>
					<width>200</width>
					<height>300</height>
					<orientation>vertical</orientation>
					<visible>[Substring(Container.FolderPath,plugin,left) | Container.Content(Addons)]</visible>
					<control type="label">
						<height min="0" max="13">auto</height>
						<width>180</width>
						<label>$LOCALIZE[24000] $LOCALIZE[560]</label>
						<font>FontSize_18B</font>
						<textcolor>99white</textcolor>
						<shadowcolor>99000000</shadowcolor>
					</control>
					<control type="label">
						<height min="0" max="13">auto</height>
						<width>180</width>
						<label fallback="195">$INFO[ListItem.Property(Addon.ID)]</label>
						<font>FontSize_18</font>
						<textcolor>99white</textcolor>
						<shadowcolor>99000000</shadowcolor>
						<scrollspeed>30</scrollspeed>
					</control>
				</control>
				<control type="grouplist">
					<left>630</left>
					<top>460</top>
					<width>200</width>
					<height>300</height>
					<orientation>vertical</orientation>
					<visible>![Substring(Container.FolderPath,plugin,left) | Container.Content(Addons)]</visible>
					<control type="label">
						<height min="0" max="13">auto</height>
						<width>180</width>
						<label>$LOCALIZE[557] $LOCALIZE[21894]</label>
						<font>FontSize_18B</font>
						<textcolor>99white</textcolor>
						<shadowcolor>99000000</shadowcolor>
						<visible>Container.Content(Artists)</visible>
					</control>
					<control type="label">
						<height min="0" max="13">auto</height>
						<width>180</width>
						<label fallback="195">$INFO[ListItem.Property(Artist_Formed)]</label>
						<font>FontSize_18</font>
						<textcolor>99white</textcolor>
						<shadowcolor>99000000</shadowcolor>
						<scroll>false</scroll>
						<visible>Container.Content(Artists)</visible>
					</control>
					<control type="label">
						<height min="0" max="13">auto</height>
						<width>180</width>
						<label>$LOCALIZE[558] $LOCALIZE[467]</label>
						<font>FontSize_18B</font>
						<textcolor>99white</textcolor>
						<shadowcolor>99000000</shadowcolor>
						<visible>Container.Content(Albums)</visible>
					</control>
					<control type="label">
						<height min="0" max="13">auto</height>
						<width>180</width>
						<label fallback="195">$INFO[ListItem.Property(Album_Type)]</label>
						<font>FontSize_18</font>
						<textcolor>99white</textcolor>
						<shadowcolor>99000000</shadowcolor>
						<scroll>false</scroll>
						<visible>Container.Content(Albums)</visible>
					</control>
					<control type="label">
						<height min="0" max="13">auto</height>
						<width>180</width>
						<label>$LOCALIZE[515]</label>
						<font>FontSize_18B</font>
						<textcolor>99white</textcolor>
						<shadowcolor>99000000</shadowcolor>
						<visible>Container.Content(Songs)</visible>
					</control>
					<control type="label">
						<height min="0" max="13">auto</height>
						<width>180</width>
						<label fallback="195">$INFO[ListItem.Genre]</label>
						<font>FontSize_18</font>
						<textcolor>99white</textcolor>
						<shadowcolor>99000000</shadowcolor>
						<scroll>false</scroll>
						<visible>Container.Content(Songs)</visible>
					</control>
				</control>
				<control type="grouplist">
					<left>630</left>
					<top>506</top>
					<width>200</width>
					<height>300</height>
					<orientation>vertical</orientation>
					<visible>![Substring(Container.FolderPath,plugin,left) | Container.Content(Addons)]</visible>
					<control type="label">
						<height min="0" max="13">auto</height>
						<width>180</width>
						<label>$LOCALIZE[557] $LOCALIZE[21898]</label>
						<font>FontSize_18B</font>
						<textcolor>99white</textcolor>
						<shadowcolor>99000000</shadowcolor>
						<visible>Container.Content(Artists)</visible>
					</control>
					<control type="label">
						<height min="0" max="13">auto</height>
						<width>180</width>
						<label fallback="195">$INFO[ListItem.Property(Artist_YearsActive)]</label>
						<font>FontSize_18</font>
						<textcolor>99white</textcolor>
						<shadowcolor>99000000</shadowcolor>
						<scroll>false</scroll>
						<visible>Container.Content(Artists)</visible>
					</control>
					<control type="label">
						<height min="0" max="13">auto</height>
						<width>180</width>
						<label>$LOCALIZE[558] $LOCALIZE[175]</label>
						<font>FontSize_18B</font>
						<textcolor>99white</textcolor>
						<shadowcolor>99000000</shadowcolor>
						<visible>Container.Content(Albums)</visible>
					</control>
					<control type="label">
						<height min="0" max="13">auto</height>
						<width>180</width>
						<label fallback="195">$INFO[ListItem.Property(Album_Mood)]</label>
						<font>FontSize_18</font>
						<textcolor>99white</textcolor>
						<shadowcolor>99000000</shadowcolor>
						<scroll>false</scroll>
						<visible>Container.Content(Albums)</visible>
					</control>
					<control type="label">
						<height min="0" max="13">auto</height>
						<width>180</width>
						<label>$LOCALIZE[31005]</label>
						<font>FontSize_18B</font>
						<textcolor>99white</textcolor>
						<shadowcolor>99000000</shadowcolor>
						<visible>Container.Content(Songs)</visible>
					</control>
					<control type="label">
						<height min="0" max="13">auto</height>
						<width>180</width>
						<label fallback="195">#0$INFO[ListItem.TrackNumber]</label>
						<font>FontSize_18</font>
						<textcolor>99white</textcolor>
						<shadowcolor>99000000</shadowcolor>
						<scroll>false</scroll>
						<visible>Container.Content(Songs)</visible>
						<visible>!IntegerGreaterThan(ListItem.TrackNumber,9)</visible>
					</control>
					<control type="label">
						<height min="0" max="13">auto</height>
						<width>180</width>
						<label fallback="195">#$INFO[ListItem.TrackNumber]</label>
						<font>FontSize_18</font>
						<textcolor>99white</textcolor>
						<shadowcolor>99000000</shadowcolor>
						<scroll>false</scroll>
						<visible>Container.Content(Songs)</visible>
						<visible>IntegerGreaterThan(ListItem.TrackNumber,9)</visible>
					</control>
				</control>
				<control type="grouplist">
					<left>630</left>
					<top>554</top>
					<width>200</width>
					<height>300</height>
					<orientation>vertical</orientation>
					<visible>![Substring(Container.FolderPath,plugin,left) | Container.Content(Addons)]</visible>
					<control type="label">
						<height min="0" max="13">auto</height>
						<width>180</width>
						<label>$LOCALIZE[557] $LOCALIZE[21892]</label>
						<font>FontSize_18B</font>
						<textcolor>99white</textcolor>
						<shadowcolor>99000000</shadowcolor>
						<visible>Container.Content(Artists)</visible>
					</control>
					<control type="label">
						<height min="0" max="13">auto</height>
						<width>180</width>
						<label fallback="195">$INFO[ListItem.Property(Artist_Instrument)]</label>
						<font>FontSize_18</font>
						<textcolor>99white</textcolor>
						<shadowcolor>99000000</shadowcolor>
						<scroll>false</scroll>
						<visible>Container.Content(Artists)</visible>
					</control>
					<control type="label">
						<height min="0" max="13">auto</height>
						<width>180</width>
						<label>$LOCALIZE[558] $LOCALIZE[21899]</label>
						<font>FontSize_18B</font>
						<textcolor>99white</textcolor>
						<shadowcolor>99000000</shadowcolor>
						<visible>Container.Content(Albums)</visible>
					</control>
					<control type="label">
						<height min="0" max="13">auto</height>
						<width>180</width>
						<label fallback="195">$INFO[ListItem.Property(Album_Label)]</label>
						<font>FontSize_18</font>
						<textcolor>99white</textcolor>
						<shadowcolor>99000000</shadowcolor>
						<scroll>false</scroll>
						<visible>Container.Content(Albums)</visible>
					</control>
					<control type="label">
						<height min="0" max="13">auto</height>
						<width>180</width>
						<label>$LOCALIZE[561] $LOCALIZE[467]</label>
						<font>FontSize_18B</font>
						<textcolor>99white</textcolor>
						<shadowcolor>99000000</shadowcolor>
						<visible>Container.Content(Songs)</visible>
					</control>
					<control type="label">
						<height min="0" max="13">auto</height>
						<width>180</width>
						<label fallback="195">$INFO[ListItem.FileExtension]</label>
						<font>FontSize_18</font>
						<textcolor>99white</textcolor>
						<shadowcolor>99000000</shadowcolor>
						<scroll>false</scroll>
						<visible>Container.Content(Songs)</visible>
					</control>
				</control>
			</control>
			<!--==== Thumb ====-->
			<control type="group">
				<include>ListViewAnimationsRight</include>
				<visible>IsEmpty(ListItem.Property(Addon.Name))</visible>
				<visible>![Container.Content(Artists) | Container.Content(Albums) | Container.Content(Songs)]</visible>
				<include>ListView_Thumb</include>
			</control>
			<!--==== List ====-->
			<control type="group">
				<include>ListViewAnimationsLeft</include>
				<control type="list" id="50">
					<include>ListView_Dimensions</include>
					<itemlayout height="45" width="710">
						<control type="label">
							<left>12</left>
							<top>0</top>
							<width>55</width>
							<height>45</height>
							<font>FontSize_22</font>
							<textcolor>77white</textcolor>
							<shadowcolor>77000000</shadowcolor>
							<align>center</align>
							<aligny>center</aligny>
							<label>$VAR[FirstMusicLabel]</label>
							<visible>!Stringcompare(ListItem.Label,..)</visible>
						</control>
						<control type="label">
							<left>95</left>
							<top>0</top>
							<width>455</width>
							<height>45</height>
							<font>FontSize_22</font>
							<textcolor>77white</textcolor>
							<shadowcolor>77000000</shadowcolor>
							<align>left</align>
							<aligny>center</aligny>
							<label>$VAR[MusicLabel]</label>
						</control>
						<control type="label">
							<left>280</left>
							<top>0</top>
							<width>300</width>
							<height>45</height>
							<font>FontSize_22</font>
							<textcolor>77white</textcolor>
							<shadowcolor>77000000</shadowcolor>
							<align>right</align>
							<aligny>center</aligny>
							<label fallback="․  ․  ․">$VAR[MusicLabel2]</label>
							<visible>!Stringcompare(ListItem.Label,..)</visible>
						</control>
					</itemlayout>
					<focusedlayout height="45" width="710">
						<control type="group">
							<include>ListFocusAnimation</include>
							<control type="label">
								<left>12</left>
								<top>0</top>
								<width>55</width>
								<height>45</height>
								<font>FontSize_22</font>
								<textcolor>77white</textcolor>
								<shadowcolor>77000000</shadowcolor>
								<align>center</align>
								<aligny>center</aligny>
								<label>$VAR[FirstMusicLabel]</label>
								<visible>!Stringcompare(ListItem.Label,..)</visible>
							</control>
							<control type="label">
								<left>95</left>
								<top>0</top>
								<width>455</width>
								<height>45</height>
								<font>FontSize_22</font>
								<textcolor>white</textcolor>
								<shadowcolor>77000000</shadowcolor>
								<align>left</align>
								<aligny>center</aligny>
								<scroll>true</scroll>
								<label>$VAR[MusicLabel]</label>
							</control>
							<control type="label">
								<left>280</left>
								<top>0</top>
								<width>300</width>
								<height>45</height>
								<font>FontSize_22</font>
								<textcolor>white</textcolor>
								<shadowcolor>77000000</shadowcolor>
								<align>right</align>
								<aligny>center</aligny>
								<scroll>true</scroll>
								<label fallback="․  ․  ․">$VAR[MusicLabel2]</label>
								<visible>!Stringcompare(ListItem.Label,..)</visible>
							</control>
						</control>
					</focusedlayout>
				</control>
				<include>ListView_Scrollbar</include>
				<include>ListView_Arrows</include>
			</control>
		</control>
	</include>
	<!--=========================-->
	<!--==== Slide View "51" ====-->
	<!--=========================-->
	<include name="SlideView_Music">
		<control type="group">
			<visible>Control.IsVisible(51)</visible>
			<include>DialogZoomInOutAnimation</include>
			<include>CommonSlideAnimations</include>
			<control type="image">
				<include>FullscreenDimensions</include>
				<texture background="true">views/slide/top_bottom_shadows_music.png</texture>
			</control>
			<control type="wraplist" id="51">
				<left>-253</left>
				<top>210</top>
				<width>1900</width>
				<height>800</height>
				<onleft>51</onleft>
				<onright>51</onright>
				<onup>100</onup>
				<ondown>60</ondown>
				<viewtype label="31080">List</viewtype>
				<scrolltime tween="Quadratic" easing="out">300</scrolltime>
				<orientation>horizontal</orientation>
				<preloaditems>2</preloaditems>
				<focusposition>1</focusposition>
				<pagecontrol>60</pagecontrol>
				<visible>[Container.Content(Artists) | Container.Content(Albums) | Container.Content(Songs)] + ![SubString(Container.Folderpath,plugin://) | IsEmpty(Container.Folderpath)]</visible>
				<itemlayout width="297.5" height="300">
					<control type="image">
						<width>298</width>
						<height>300</height>
						<colordiffuse>FFbbbbbb</colordiffuse>
						<aspectratio aligny="center" align="center">scale</aspectratio>
						<texture background="true" diffuse="views/slide/poster_diffuse_nf.png" fallback="thumbs/fallback_square_tp.png">$VAR[VarArtThumbSquare]</texture>
					</control>
				</itemlayout>
				<focusedlayout width="297.5" height="300">
					<control type="image">
						<width>298</width>
						<height>300</height>
						<aspectratio aligny="center" align="center">scale</aspectratio>
						<texture background="true" fallback="thumbs/fallback_square_tp.png">$VAR[VarArtThumbSquare]</texture>
						<bordersize>6</bordersize>
						<animation type="Focus" reversible="false" condition="Container(51).OnNext">
							<effect type="fade" start="20" end="100" time="300" delay="100" tween="sine" easing="out" />
						</animation>
						<animation type="Focus" reversible="false" condition="Container(51).OnPrevious">
							<effect type="fade" start="20" end="100" time="300" delay="100" tween="sine" easing="out" />
						</animation>
					</control>
					<control type="group">
						<left>315</left>
						<top>225</top>
						<control type="label">
							<left>0</left>
							<top>0</top>
							<height>30</height>
							<width>875</width>
							<textcolor>white</textcolor>
							<shadowcolor>99000000</shadowcolor>
							<font>FontSize_38</font>
							<scroll>false</scroll>
							<align>left</align>
							<label>$VAR[BannersListMusicLabel]</label>
							<visible>!Stringcompare(ListItem.Label,..)</visible>
							<animation effect="slide" start="0,0" end="0,-208" time="250" tween="sine" easing="inout" condition="Control.HasFocus(100)">Conditional</animation>
						</control>
						<control type="label">
							<left>2</left>
							<top>30</top>
							<height>30</height>
							<width>873</width>
							<textcolor>77white</textcolor>
							<shadowcolor>99000000</shadowcolor>
							<font>FontSize_22</font>
							<scroll>false</scroll>
							<align>left</align>
							<label>$VAR[BannersListMusicSubLabel]</label>
						</control>
					</control>
				</focusedlayout>
			</control>
			<control type="group">
				<left>362</left>
				<animation type="Visible" tween="sine" easing="inout" reversible="false">
					<effect type="zoom" start="100,120" end="100,100" time="220" />
					<effect type="fade" start="0" end="100" time="220" />
				</animation>
				<animation type="Hidden" tween="sine" easing="inout" reversible="false">
					<effect type="zoom" start="100,100" end="100,110" time="150" />
					<effect type="fade" start="100" end="0" time="150" />
				</animation>
				<visible>![IsEmpty(Container.ListItem.Property(Album_Description)) + IsEmpty(Container.ListItem.Property(Artist_Description)) + IsEmpty(Container.ListItem.Comment)] + Control.HasFocus(100)</visible>
				<control type="label">
					<top>258</top>
					<height>30</height>
					<width>875</width>
					<textcolor>99white</textcolor>
					<shadowcolor>99000000</shadowcolor>
					<font>FontSize_22</font>
					<scrollspeed>30</scrollspeed>
					<align>left</align>
					<label fallback="195">$INFO[ListItem.Genre]</label>
					<visible>!Container.Content(Artists)</visible>
				</control>
				<control type="label">
					<top>258</top>
					<height>30</height>
					<width>875</width>
					<textcolor>99white</textcolor>
					<shadowcolor>99000000</shadowcolor>
					<font>FontSize_22</font>
					<scrollspeed>30</scrollspeed>
					<align>left</align>
					<label fallback="195">$INFO[ListItem.Property(Artist_YearsActive)]</label>
					<visible>Container.Content(Artists)</visible>
				</control>
				<control type="textbox">
					<top>295</top>
					<width>860</width>
					<height>155</height>
					<font>FontSize_22</font>
					<textcolor>99white</textcolor>
					<shadowcolor>99000000</shadowcolor>
					<align>justify</align>
					<autoscroll delay="8000" time="2000" repeat="8000">Skin.HasSetting(AutoScroll)</autoscroll>
					<label fallback="195">$VAR[GlobalPlotDescription]</label>
				</control>
			</control>
			<control type="image">
				<left>39</left>
				<top>204</top>
				<width>310</width>
				<height>312</height>
				<aspectratio align="center" aligny="center">stretch</aspectratio>
				<texture border="31">views/slide/focus.png</texture>
			</control>
			<control type="button" id="100">
				<include>TopButton</include>
				<onleft>51</onleft>
				<onright>51</onright>
				<onup>9000</onup>
				<ondown>51</ondown>
				<visible>[Container.Content(Artists) | Container.Content(Albums) | Container.Content(Songs)] + ![IsEmpty(Container.ListItem.Property(Album_Description)) + IsEmpty(Container.ListItem.Property(Artist_Description)) + IsEmpty(Container.ListItem.Comment)] + !Window.IsActive(ShutdownMenu) + !Window.IsActive(ContextMenu)</visible>
			</control>
			<control type="scrollbar" id="60">
				<left>355</left>
				<top>495</top>
				<width>870</width>
				<height>9</height>
				<texturesliderbackground>-</texturesliderbackground>
				<texturesliderbar border="14,0,14,0">views/scrollbar/scrollbar_horizontal.png</texturesliderbar>
				<texturesliderbarfocus border="14,0,14,0">views/scrollbar/scrollbar_horizontal.png</texturesliderbarfocus>
				<textureslidernib>-</textureslidernib>
				<textureslidernibfocus>-</textureslidernibfocus>
				<onup>51</onup>
				<ondown>51</ondown>
				<showonepage>false</showonepage>
				<orientation>horizontal</orientation>
				<animation effect="fade" start="100" end="0" time="250" condition="!Control.HasFocus(60) + !Container.Scrolling">Conditional</animation>
				<visible>Control.IsVisible(51)</visible>
			</control>
		</control>
	</include>
	<!--===========================-->
	<!--==== Gallery View "52" ====-->
	<!--===========================-->
	<include name="GalleryView_Music">
		<control type="group">
			<visible>Control.IsVisible(52)</visible>
			<include>DialogZoomInOutAnimation</include>
			<include>CommonSlideAnimations</include>
			<control type="image">
				<left>0</left>
				<top>0</top>
				<width>1280</width>
				<height>720</height>
				<texture>views/gallery/top_bottom_shadows.png</texture>
			</control>
			<control type="image">
				<left>-50</left>
				<top>116</top>
				<width>1380</width>
				<height>492</height>
				<aspectratio align="center" aligny="center">stretch</aspectratio>
				<texture border="39,39,39,39">views/other/panel.png</texture>
				<animation effect="fade" end="75" time="0" condition="true">Conditional</animation>
				<bordersize>41</bordersize>
			</control>
			<control type="wraplist" id="52">
				<left>-34</left>
				<top>172</top>
				<width>1900</width>
				<height>800</height>
				<onleft>52</onleft>
				<onright>52</onright>
				<onup>9000</onup>
				<ondown>60</ondown>
				<viewtype label="31081">List</viewtype>
				<scrolltime tween="Cubic" easing="out">500</scrolltime>
				<orientation>horizontal</orientation>
				<preloaditems>2</preloaditems>
				<focusposition>5</focusposition>
				<pagecontrol>60</pagecontrol>
				<visible>[Container.Content(Artists) | Container.Content(Albums) | Container.Content(Songs)] + ![SubString(Container.Folderpath,plugin://) | IsEmpty(Container.Folderpath)]</visible>
				<itemlayout width="58" height="380">
					<control type="image">
						<left>35</left>
						<top>0</top>
						<width>60</width>
						<height>380</height>
						<align>left</align>
						<aspectratio>stretch</aspectratio>
						<texture border="20">thumbs/thumb_border.png</texture>
					</control>
					<control type="label">
						<left>47</left>
						<top>365</top>
						<width>355</width>
						<height>60</height>
						<textcolor>44white</textcolor>
						<font>FontSize_26</font>
						<scroll>false</scroll>
						<angle>90</angle>
						<align>left</align>
						<aligny>top</aligny>
						<label>$VAR[BannersListMusicLabel]</label>
					</control>
				</itemlayout>
				<focusedlayout width="695" height="380">
					<control type="group">
						<left>46</left>
						<animation type="Focus" reversible="false" condition="Container(52).OnNext">
							<effect type="slide" start="26,0" end="0,0" time="150" tween="Cubic" easing="out" />
							<effect type="fade" start="20" end="100" time="850" delay="0" tween="sine" easing="out" />
						</animation>
						<animation type="Focus" reversible="false" condition="Container(52).OnPrevious">
							<effect type="slide" start="-26,0" end="0,0" time="150" tween="Cubic" easing="out" />
							<effect type="fade" start="20" end="100" time="850" delay="0" tween="sine" easing="out" />
						</animation>
						<control type="image">
							<width>675</width>
							<height>380</height>
							<aspectratio align="center">stretch</aspectratio>
							<texture background="true" fallback="thumbs/fallback_fanart_big_tp.png">$VAR[VarArtFanart]</texture>
							<bordertexture border="20">thumbs/thumb_border.png</bordertexture>
							<bordersize>6</bordersize>
						</control>
					</control>
					<control type="group">
						<left>46</left>
						<top>105</top>
						<control type="image">
							<left>6</left>
							<top>79</top>
							<width>663</width>
							<height>190</height>
							<aspectratio>stretch</aspectratio>
							<texture>views/gallery/title_overlay.png</texture>
						</control>
						<control type="label">
							<left>20</left>
							<top>195</top>
							<height>30</height>
							<width>640</width>
							<textcolor>white</textcolor>
							<shadowcolor>99000000</shadowcolor>
							<font>FontSize_38</font>
							<scroll>false</scroll>
							<align>left</align>
							<label>$VAR[BannersListMusicLabel]</label>
						</control>
						<control type="label">
							<left>20</left>
							<top>230</top>
							<height>30</height>
							<width>640</width>
							<textcolor>77white</textcolor>
							<shadowcolor>99000000</shadowcolor>
							<selectedcolor>77white</selectedcolor>
							<font>FontSize_22</font>
							<scroll>false</scroll>
							<align>left</align>
							<label>$VAR[GlobalInfo]</label>
							<visible>!Container.Content(Albums)</visible>
						</control>
						<control type="label">
							<left>20</left>
							<top>230</top>
							<height>30</height>
							<width>640</width>
							<textcolor>77white</textcolor>
							<shadowcolor>99000000</shadowcolor>
							<font>FontSize_22</font>
							<scroll>false</scroll>
							<align>left</align>
							<label>$INFO[ListItem.Artist]</label>
							<visible>Container.Content(Albums)</visible>
						</control>
					</control>
				</focusedlayout>
			</control>
			<control type="image">
				<left>0</left>
				<top>157</top>
				<width>1280</width>
				<height>410</height>
				<texture>views/gallery/sides_fade.png</texture>
				<animation effect="fade" end="40" time="0" condition="true">Conditional</animation>
			</control>
			<control type="scrollbar" id="60">
				<left>305</left>
				<top>552</top>
				<width>670</width>
				<height>9</height>
				<texturesliderbackground>-</texturesliderbackground>
				<texturesliderbar border="14,0,14,0">views/scrollbar/scrollbar_horizontal.png</texturesliderbar>
				<texturesliderbarfocus border="14,0,14,0">views/scrollbar/scrollbar_horizontal.png</texturesliderbarfocus>
				<textureslidernib>-</textureslidernib>
				<textureslidernibfocus>-</textureslidernibfocus>
				<colordiffuse>77white</colordiffuse>
				<onup>52</onup>
				<ondown>52</ondown>
				<showonepage>false</showonepage>
				<orientation>horizontal</orientation>
				<animation effect="fade" start="100" end="0" time="250" condition="!Control.HasFocus(60) + !Container.Scrolling">Conditional</animation>
				<visible>Control.IsVisible(52)</visible>
			</control>
		</control>
	</include>
	<!--===========================-->
	<!--==== Banners View "57" ====-->
	<!--===========================-->
	<include name="BannersView_Music">
		<control type="group">
			<visible>Control.IsVisible(57)</visible>
			<include>DialogZoomInOutAnimation</include>
			<include>CommonSlideAnimations</include>
			<control type="fixedlist" id="57">
				<left>270</left>
				<top>110</top>
				<width>750</width>
				<height>520</height>
				<onleft>9000</onleft>
				<onright>60</onright>
				<onup>57</onup>
				<ondown>57</ondown>
				<viewtype label="31086">List</viewtype>
				<pagecontrol>60</pagecontrol>
				<focusposition>2</focusposition>
				<preloaditems>2</preloaditems>
				<movement>2</movement>
				<scrolltime tween="Cubic" easing="Out">500</scrolltime>
				<visible>Container.Content(Artists) | Container.Content(Albums) | Container.Content(Songs) | Window.IsVisible(MusicPlaylist)</visible>
				<itemlayout width="560" height="65">
					<control type="label">
						<left>40</left>
						<width>550</width>
						<label>$VAR[BannersListMusicLabel]</label>
						<font>FontSize_22</font>
						<textcolor>white</textcolor>
						<shadowcolor>77000000</shadowcolor>
					</control>
					<control type="label">
						<left>40</left>
						<top>23</top>
						<width>550</width>
						<label>$VAR[BannersListMusicSubLabel]</label>
						<font>FontSize_20</font>
						<textcolor>88white</textcolor>
						<shadowcolor>77000000</shadowcolor>
						<selectedcolor>88white</selectedcolor>
					</control>
					<control type="image">
						<left>585</left>
						<top>15</top>
						<width>128</width>
						<height>22</height>
						<texture fallback="rating/rating0.png">$INFO[ListItem.StarRating,rating/,]</texture>
						<aspectratio align="right">keep</aspectratio>
						<animation effect="fade" end="80" time="0" condition="true">Conditional</animation>
						<visible>!Stringcompare(ListItem.Label,..)</visible>
					</control>
				</itemlayout>
				<focusedlayout width="560" height="260">
					<control type="group">
						<animation type="Focus" reversible="false" condition="Container(57).OnNext">
							<effect type="slide" start="0,35" end="0,0" time="450" tween="circle" easing="out" />
							<effect type="fade" start="20" end="100" time="250" delay="100" tween="sine" easing="out" />
						</animation>
						<animation type="Focus" reversible="false" condition="Container(57).OnPrevious">
							<effect type="slide" start="0,-35" end="0,0" time="450" tween="circle" easing="out" />
							<effect type="fade" start="20" end="100" time="250" delay="100" tween="sine" easing="out" />
						</animation>
						<include>BannersView_Panel</include>
						<control type="image">
							<left>18</left>
							<top>18</top>
							<width>220</width>
							<height>217</height>
							<texture background="true" fallback="thumbs/fallback_square_tp.png">$VAR[VarArtThumbSquare]</texture>
							<aspectratio align="center" aligny="center">scale</aspectratio>
							<bordertexture border="20">thumbs/thumb_border.png</bordertexture>
							<bordersize>6</bordersize>
						</control>
						<control type="image">
							<left>585</left>
							<top>207</top>
							<width>128</width>
							<height>22</height>
							<texture fallback="rating/rating0.png">$INFO[ListItem.StarRating,rating/,]</texture>
							<aspectratio align="right">keep</aspectratio>
							<visible>!Stringcompare(ListItem.Label,..)</visible>
						</control>
						<control type="label">
							<left>245</left>
							<top>22</top>
							<width>475</width>
							<label>$VAR[BannersListMusicLabel]</label>
							<font>FontSize_26</font>
							<textcolor>white</textcolor>
							<align>left</align>
						</control>
						<control type="label">
							<left>245</left>
							<top>47</top>
							<width>475</width>
							<label>$VAR[BannersListMusicSubLabel]</label>
							<font>FontSize_20</font>
							<textcolor>99white</textcolor>
							<selectedcolor>99white</selectedcolor>
							<align>left</align>
						</control>
						<control type="textbox">
							<left>245</left>
							<top>77</top>
							<width>470</width>
							<height>120</height>
							<align>justify</align>
							<font>TextboxFont_20</font>
							<textcolor>99white</textcolor>
							<shadowcolor>99000000</shadowcolor>
							<label fallback="195">$VAR[GlobalPlotDescription]</label>
							<autoscroll delay="8000" time="2000" repeat="8000">Skin.HasSetting(AutoScroll)</autoscroll>
							<visible>!Stringcompare(ListItem.Label,..)</visible>
						</control>
						<control type="label">
							<left>245</left>
							<top>207</top>
							<height>22</height>
							<width>355</width>
							<textcolor>99white</textcolor>
							<selectedcolor>99white</selectedcolor>
							<font>FontSize_20</font>
							<scroll>false</scroll>
							<align>left</align>
							<label>$VAR[BannersListMusicBottomLabel]</label>
						</control>
					</control>
				</focusedlayout>
			</control>
			<control type="scrollbar" id="60">
				<left>1010</left>
				<top>125</top>
				<width>9</width>
				<height>480</height>
				<texturesliderbackground>-</texturesliderbackground>
				<texturesliderbar border="0,14,0,14">views/scrollbar/scrollbar.png</texturesliderbar>
				<texturesliderbarfocus border="0,14,0,14">views/scrollbar/scrollbar.png</texturesliderbarfocus>
				<textureslidernib>-</textureslidernib>
				<textureslidernibfocus>-</textureslidernibfocus>
				<onleft>57</onleft>
				<onright>9000</onright>
				<showonepage>false</showonepage>
				<orientation>vertical</orientation>
				<animation effect="fade" start="100" end="0" time="250" condition="!Control.HasFocus(60) + !Container.Scrolling">Conditional</animation>
				<visible>Control.IsVisible(57)</visible>
			</control>
		</control>
	</include>
	<!--=================================-->
	<!--==== 3D Wall View Music "59" ====-->
	<!--=================================-->
	<include name="3DWallView_Music">
		<control type="group">
			<visible>Control.IsVisible(59)</visible>
			<control type="group">
				<left>0</left>
				<top>0</top>
				<visible>Control.IsVisible(59)</visible>
				<include>DialogZoomInOutAnimation</include>
				<control type="image">
					<include>FullscreenDimensions</include>
					<texture>windows/bg/black.jpg</texture>
					<fadetime>FanartCrossfadeTime</fadetime>
					<animation type="WindowOpen" tween="sine" easing="out">
						<effect type="fade" start="0" end="100" time="1000"/>
					</animation>
					<animation type="WindowClose" tween="sine" easing="out">
						<effect type="fade" start="100" end="0" time="1000" delay="1200"/>
					</animation>
				</control>
				<control type="group" id="6013">
					<animation effect="rotatex" center="720,12" start="0" end="20" time="0" condition="true">Conditional</animation>
					<animation reversible="false" effect="slide" start="0,0" end="0,-256" time="400" tween="quadratic" easing="out">Hidden</animation>
					<visible>Container.OnNext</visible>
					<include>Includes_OnNext_MusicWall</include>
				</control>
				<control type="group" id="6014">
					<animation effect="rotatex" center="720,12" start="0" end="20" time="0" condition="true">Conditional</animation>
					<animation reversible="false" effect="slide" start="0,0" end="0,256" time="400" tween="quadratic" easing="out">Hidden</animation>
					<visible>Container.OnPrevious</visible>
					<include>Includes_OnPrevious_MusicWall</include>
				</control>
				<control type="group">
					<animation type="WindowOpen" tween="sine" easing="out">
						<effect type="fade" start="0" end="100" time="1000"/>
						<effect type="rotatex" center="720,12" start="0" end="20" time="1000" delay="750"/>
					</animation>
					<animation type="WindowClose" tween="sine" easing="out">
						<effect type="rotatex" center="720,12" start="20" end="0" time="1000"/>
						<effect type="fade" start="100" end="0" time="1000" delay="800"/>
					</animation>
					<visible>!Control.IsVisible(6013) + !Control.IsVisible(6014)</visible>
					<include>Includes_Static_MusicWall</include>
				</control>
			</control>
			<control type="group">
				<visible>Control.IsVisible(59)</visible>
				<control type="group">
					<include>DialogFadeInOutAnimation</include>
					<animation effect="fade" start="0" end="100" time="400" tween="sine" easing="out">WindowOpen</animation>
					<animation effect="fade" start="100" end="0" time="2000" tween="sine" easing="out">WindowClose</animation>
					<control type="image.">
						<include>FullscreenDimensions</include>
						<texture>views/wall/wall_overlay.png</texture>
						<fadetime>FanartCrossfadeTime</fadetime>
						<colordiffuse>A9FFFFFF</colordiffuse>
					</control>
					<control type="image">
						<include>FullscreenDimensions</include>
						<texture>views/wall/wall_mask.png</texture>
						<fadetime>FanartCrossfadeTime</fadetime>
					</control>
				</control>
				<control type="group">
					<include>DialogZoomInOutAnimation</include>
					<animation reversible="true" effect="zoom" start="100" end="95" center="640,260" time="300" tween="quadratic" easing="in" condition="Control.IsVisible(6013) | Control.IsVisible(6014)">Conditional</animation>
					<control type="image">
						<left>302</left>
						<top>21</top>
						<width>672</width>
						<height>654</height>
						<aspectratio aligny="center" align="center">stretch</aspectratio>
						<texture background="true">views/wall/square_blue_shadow.png</texture>
						<animation type="WindowOpen">
							<effect type="fade" start="0" end="100" time="500" delay="800" tween="sine" easing="out"/>
							<effect type="zoom" start="398,108,485,472" end="302,21,672,654" time="1000" delay="750" tween="sine" easing="out"/>
						</animation>
						<animation type="WindowClose">
							<effect type="zoom" start="302,21,672,654" end="398,108,485,472" time="1000" delay="0" tween="sine" easing="out"/>
							<effect type="fade" start="100" end="0" time="500" delay="650" tween="sine" easing="out"/>
						</animation>
					</control>
					<control type="image">
						<left>460</left>
						<top>161</top>
						<width>356</width>
						<height>356</height>
						<aspectratio aligny="center" align="center">stretch</aspectratio>
						<texture background="true" diffuse="views/wall/square_diffuse.png" >$INFO[ListItem.Icon]</texture>
						<animation type="WindowOpen">
							<effect type="fade" start="0" end="100" time="500" delay="500"  tween="sine" easing="out"/>
							<effect type="zoom" start="512,210,256,256" end="460,161,356,356" time="1000" delay="750" tween="sine" easing="out"/>
						</animation>
						<animation type="WindowClose">
							<effect type="zoom" start="460,161,356,356" end="512,210,256,256" time="1000" delay="0" tween="sine" easing="out"/>
							<effect type="fade" start="100" end="0" time="500" delay="800"  tween="sine" easing="out"/>
						</animation>
					</control>
					<control type="image">
						<left>460</left>
						<top>161</top>
						<width>356</width>
						<height>356</height>
						<aspectratio aligny="center" align="center">stretch</aspectratio>
						<texture background="true">views/wall/square_overlay.png</texture>
						<animation type="WindowOpen">
							<effect type="fade" start="0" end="100" time="500" delay="500"  tween="sine" easing="out"/>
							<effect type="zoom" start="512,210,256,256" end="460,161,356,356" time="1000" delay="750" tween="sine" easing="out"/>
						</animation>
						<animation type="WindowClose">
							<effect type="zoom" start="460,161,356,356" end="512,210,256,256" time="1000" delay="0" tween="sine" easing="out"/>
							<effect type="fade" start="100" end="0" time="500" delay="800"  tween="sine" easing="out"/>
						</animation>
					</control>
					<control type="image">
						<left>460</left>
						<top>161</top>
						<width>356</width>
						<height>356</height>
						<aspectratio aligny="center" align="center">stretch</aspectratio>
						<texture background="true" diffuse="views/wall/square_diffuse.png">$INFO[ListItem(-1).Icon]</texture>
						<animation effect="fade" start="100" end="0" time="200" delay="200" condition="Control.IsVisible(6013)">Conditional</animation>
						<visible>Control.IsVisible(6013) + !stringcompare(ListItem(-1).Label,..)</visible>
					</control>
					<control type="image">
						<left>460</left>
						<top>161</top>
						<width>356</width>
						<height>356</height>
						<aspectratio aligny="center" align="center">stretch</aspectratio>
						<texture background="true">views/wall/square_overlay.png</texture>
						<animation effect="fade" start="100" end="0" time="200" delay="200" condition="Control.IsVisible(6013)">Conditional</animation>
						<visible>Control.IsVisible(6013) + !stringcompare(ListItem(-1).Label,..)</visible>
					</control>
					<control type="image">
						<left>460</left>
						<top>161</top>
						<width>356</width>
						<height>356</height>
						<aspectratio aligny="center" align="center">stretch</aspectratio>
						<texture background="true" diffuse="views/wall/square_diffuse.png">$INFO[ListItem(1).Icon]</texture>
						<animation effect="fade" start="100" end="0" time="200" delay="200" condition="Control.IsVisible(6014)">Conditional</animation>
						<visible>Control.IsVisible(6014) + !stringcompare(ListItem(1).Label,..)</visible>
					</control>
					<control type="image">
						<left>460</left>
						<top>161</top>
						<width>356</width>
						<height>356</height>
						<aspectratio aligny="center" align="center">stretch</aspectratio>
						<texture background="true">views/wall/square_overlay.png</texture>
						<animation effect="fade" start="100" end="0" time="200" delay="200" condition="Control.IsVisible(6014)">Conditional</animation>
						<visible>Control.IsVisible(6014) + !stringcompare(ListItem(1).Label,..)</visible>
					</control>
				</control>
			</control>
			<control type="group">
				<control type="fixedlist" id="59">
					<left>25</left>
					<top>165</top>
					<width>1190</width>
					<height>356</height>
					<onleft>9000</onleft>
					<onright>9000</onright>
					<onup>59</onup>
					<ondown>59</ondown>
					<focusposition>3</focusposition>
					<preloaditems>2</preloaditems>
					<viewtype label="31082">Multiple Walls</viewtype>
					<pagecontrol>60</pagecontrol>
					<scrolltime>200</scrolltime>
					<visible>Container.Content(Albums) | Container.Content(Songs)</visible>
					<itemlayout height="356" width="356"/>
					<focusedlayout height="356" width="356">
						<control type="image">
							<left>0</left>
							<top>0</top>
							<width>356</width>
							<height>356</height>
							<texture>-</texture>
						</control>
					</focusedlayout>
				</control>
			</control>
		</control>
	</include>
	<!--=====================================-->
	<!--==== Thumbnails View Music "560" ====-->
	<!--=====================================-->
	<include name="ThumbnailsView_Music">
		<control type="group">
			<visible>Control.IsVisible(560)</visible>
			<include>ThumbnailsAnimations</include>
			<include>DialogZoomInOutAnimation</include>
			<control type="panel" id="560">
				<left>40</left>
				<top>95</top>
				<width>1200</width>
				<height>501</height>
				<onleft condition="!Skin.HasSetting(EnableKioskMode)">9111</onleft>
				<onright>60</onright>
				<onup>560</onup>
				<ondown>560</ondown>
				<orientation>vertical</orientation>
				<pagecontrol>60</pagecontrol>
				<preloaditems>2</preloaditems>
				<viewtype label="31085">icons</viewtype>
				<scrolltime tween="Quadratic" easing="out">250</scrolltime>
				<visible>Container.Content(Albums) | Container.Content(Artists) | Container.Content(Songs) | Window.IsVisible(MusicPlaylist) | stringcompare(Container.FolderPath,addons://sources/audio/) | [substring(Container.FolderPath,plugin,left) + Container.HasFiles]</visible>
				<itemlayout condition="!stringcompare(Container.FolderPath,addons://sources/audio/) + !Skin.HasSetting(ShowSmallMusicThumbs)" height="248" width="239.5">
					<control type="image">
						<left>5</left>
						<top>5</top>
						<width>231</width>
						<height>240</height>
						<aspectratio align="center" aligny="center">stretch</aspectratio>
						<texture border="31">views/other/panel.png</texture>
					</control>
					<control type="image">
						<left>9</left>
						<top>9</top>
						<width>223</width>
						<height>232</height>
						<aspectratio align="center" aligny="center">scale</aspectratio>
						<texture background="true" fallback="thumbs/fallback_square_tp.png">$VAR[ThumbnailsIcon]</texture>
						<bordertexture border="6">thumbs/thumb_border.png</bordertexture>
						<bordersize>6</bordersize>
					</control>
					<control type="image">
						<left>9</left>
						<top>9</top>
						<width>223</width>
						<height>232</height>
						<texture>overlays/unwatched/thumbs/$VAR[WatchedStateOverlay]_Square.png</texture>
						<aspectratio align="center" aligny="center">stretch</aspectratio>
						<bordersize>6</bordersize>
						
					</control>
					<control type="image">
						<left>9</left>
						<top>9</top>
						<width>223</width>
						<height>232</height>
						<texture background="true">$VAR[AddonStatus]</texture>
						<aspectratio align="center" aligny="center">stretch</aspectratio>
						<bordersize>6</bordersize>
					</control>
				</itemlayout>
				<itemlayout condition="!stringcompare(Container.FolderPath,addons://sources/audio/) + Skin.HasSetting(ShowSmallMusicThumbs)" height="167" width="171">
					<control type="image">
						<left>5</left>
						<top>5</top>
						<width>163</width>
						<height>158</height>
						<aspectratio align="center" aligny="center">stretch</aspectratio>
						<texture border="31">views/other/panel.png</texture>
					</control>
					<control type="image">
						<left>9</left>
						<top>9</top>
						<width>155</width>
						<height>150</height>
						<aspectratio align="center" aligny="center">scale</aspectratio>
						<texture background="true" fallback="thumbs/fallback_square_tp.png">$VAR[ThumbnailsIcon]</texture>
						<bordertexture border="6">thumbs/thumb_border.png</bordertexture>
						<bordersize>6</bordersize>
					</control>
					<control type="image">
						<left>9</left>
						<top>9</top>
						<width>155</width>
						<height>150</height>
						<aspectratio align="center" aligny="center">stretch</aspectratio>
						<texture>overlays/unwatched/thumbs/$VAR[WatchedStateOverlay]_Square.png</texture>
						<bordersize>6</bordersize>						
					</control>
					<control type="image">
						<left>9</left>
						<top>9</top>
						<width>155</width>
						<height>150</height>
						<aspectratio align="center" aligny="center">stretch</aspectratio>
						<texture background="true">$VAR[AddonStatus]</texture>
						<bordersize>6</bordersize>
					</control>
				</itemlayout>
				<itemlayout condition="stringcompare(Container.FolderPath,addons://sources/audio/) + !Skin.HasSetting(ShowSmallMusicAddonsThumbs)" height="248" width="239.5">
					<control type="image">
						<left>5</left>
						<top>5</top>
						<width>231</width>
						<height>240</height>
						<aspectratio align="center" aligny="center">stretch</aspectratio>
						<texture border="31">views/other/panel.png</texture>
					</control>
					<control type="image">
						<left>9</left>
						<top>9</top>
						<width>223</width>
						<height>232</height>
						<aspectratio align="center" aligny="center">scale</aspectratio>
						<texture background="true" fallback="thumbs/fallback_square_tp.png">$VAR[ThumbnailsIcon]</texture>
						<bordertexture border="6">thumbs/thumb_border.png</bordertexture>
						<bordersize>6</bordersize>
					</control>
					<control type="image">
						<left>9</left>
						<top>9</top>
						<width>223</width>
						<height>232</height>
						<texture>overlays/unwatched/thumbs/$VAR[WatchedStateOverlay]_Square.png</texture>
						<aspectratio align="center" aligny="center">stretch</aspectratio>
						<bordersize>6</bordersize>
						
					</control>
					<control type="image">
						<left>9</left>
						<top>9</top>
						<width>223</width>
						<height>232</height>
						<texture background="true">$VAR[AddonStatus]</texture>
						<aspectratio align="center" aligny="center">stretch</aspectratio>
						<bordersize>6</bordersize>
					</control>
				</itemlayout>
				<itemlayout condition="stringcompare(Container.FolderPath,addons://sources/audio/) + Skin.HasSetting(ShowSmallMusicAddonsThumbs)" height="167" width="171">
					<control type="image">
						<left>5</left>
						<top>5</top>
						<width>163</width>
						<height>158</height>
						<aspectratio align="center" aligny="center">stretch</aspectratio>
						<texture border="31">views/other/panel.png</texture>
					</control>
					<control type="image">
						<left>9</left>
						<top>9</top>
						<width>155</width>
						<height>150</height>
						<aspectratio align="center" aligny="center">scale</aspectratio>
						<texture background="true" fallback="thumbs/fallback_square_tp.png">$VAR[ThumbnailsIcon]</texture>
						<bordertexture border="6">thumbs/thumb_border.png</bordertexture>
						<bordersize>6</bordersize>
					</control>
					<control type="image">
						<left>9</left>
						<top>9</top>
						<width>155</width>
						<height>150</height>
						<aspectratio align="center" aligny="center">stretch</aspectratio>
						<texture>overlays/unwatched/thumbs/$VAR[WatchedStateOverlay]_Square.png</texture>
						<bordersize>6</bordersize>
						
					</control>
					<control type="image">
						<left>9</left>
						<top>9</top>
						<width>155</width>
						<height>150</height>
						<aspectratio align="center" aligny="center">stretch</aspectratio>
						<texture background="true">$VAR[AddonStatus]</texture>
						<bordersize>6</bordersize>
					</control>
				</itemlayout>
				<focusedlayout condition="!stringcompare(Container.FolderPath,addons://sources/audio/) + !Skin.HasSetting(ShowSmallMusicThumbs)" height="248" width="239.5">
					<control type="image">
						<left>5</left>
						<top>5</top>
						<width>231</width>
						<height>240</height>
						<aspectratio align="center" aligny="center">stretch</aspectratio>
						<texture border="31">views/other/panel.png</texture>
					</control>
					<control type="image">
						<left>9</left>
						<top>9</top>
						<width>223</width>
						<height>232</height>
						<aspectratio align="center" aligny="center">scale</aspectratio>
						<texture background="true" fallback="thumbs/fallback_square_tp.png">$VAR[ThumbnailsIcon]</texture>
						<bordertexture border="6">thumbs/thumb_border.png</bordertexture>
						<bordersize>6</bordersize>
					</control>
					<control type="image">
						<left>9</left>
						<top>9</top>
						<width>223</width>
						<height>232</height>
						<texture>overlays/unwatched/thumbs/$VAR[WatchedStateOverlay]_Square.png</texture>
						<aspectratio align="center" aligny="center">stretch</aspectratio>
						<bordersize>6</bordersize>
						
					</control>
					<control type="image">
						<left>9</left>
						<top>9</top>
						<width>223</width>
						<height>232</height>
						<texture background="true">$VAR[AddonStatus]</texture>
						<aspectratio align="center" aligny="center">stretch</aspectratio>
						<bordersize>6</bordersize>
					</control>
					<control type="image">
						<left>5</left>
						<top>5</top>
						<width>231</width>
						<height>240</height>
						<aspectratio align="center" aligny="center">stretch</aspectratio>
						<texture border="31">views/other/focus_blue.png</texture>
						<include>ThumbnailsFocusAnimation</include>
					</control>
				</focusedlayout>
				<focusedlayout condition="!stringcompare(Container.FolderPath,addons://sources/audio/) + Skin.HasSetting(ShowSmallMusicThumbs)" height="167" width="171">
					<control type="image">
						<left>5</left>
						<top>5</top>
						<width>163</width>
						<height>158</height>
						<aspectratio align="center" aligny="center">stretch</aspectratio>
						<texture border="31">views/other/panel.png</texture>
					</control>
					<control type="image">
						<left>9</left>
						<top>9</top>
						<width>155</width>
						<height>150</height>
						<aspectratio align="center" aligny="center">scale</aspectratio>
						<texture background="true" fallback="thumbs/fallback_square_tp.png">$VAR[ThumbnailsIcon]</texture>
						<bordertexture border="6">thumbs/thumb_border.png</bordertexture>
						<bordersize>6</bordersize>
					</control>
					<control type="image">
						<left>9</left>
						<top>9</top>
						<width>155</width>
						<height>150</height>
						<texture>overlays/unwatched/thumbs/$VAR[WatchedStateOverlay]_Square.png</texture>
						<aspectratio align="center" aligny="center">stretch</aspectratio>
						<bordersize>6</bordersize>						
					</control>
					<control type="image">
						<left>9</left>
						<top>9</top>
						<width>155</width>
						<height>150</height>
						<texture background="true">$VAR[AddonStatus]</texture>
						<aspectratio align="center" aligny="center">stretch</aspectratio>
						<bordersize>6</bordersize>
					</control>
					<control type="image">
						<left>5</left>
						<top>5</top>
						<width>163</width>
						<height>158</height>
						<aspectratio align="center" aligny="center">stretch</aspectratio>
						<texture border="31">views/other/focus_blue.png</texture>
						<include>ThumbnailsFocusAnimation</include>
					</control>
				</focusedlayout>
				<focusedlayout condition="stringcompare(Container.FolderPath,addons://sources/audio/) + !Skin.HasSetting(ShowSmallMusicAddonsThumbs)" height="248" width="239.5">
					<control type="image">
						<left>5</left>
						<top>5</top>
						<width>231</width>
						<height>240</height>
						<aspectratio align="center" aligny="center">stretch</aspectratio>
						<texture border="31">views/other/panel.png</texture>
					</control>
					<control type="image">
						<left>9</left>
						<top>9</top>
						<width>223</width>
						<height>232</height>
						<aspectratio align="center" aligny="center">scale</aspectratio>
						<texture background="true" fallback="thumbs/fallback_square_tp.png">$VAR[ThumbnailsIcon]</texture>
						<bordertexture border="6">thumbs/thumb_border.png</bordertexture>
						<bordersize>6</bordersize>
					</control>
					<control type="image">
						<left>9</left>
						<top>9</top>
						<width>223</width>
						<height>232</height>
						<texture>overlays/unwatched/thumbs/$VAR[WatchedStateOverlay]_Square.png</texture>
						<aspectratio align="center" aligny="center">stretch</aspectratio>
						<bordersize>6</bordersize>						
					</control>
					<control type="image">
						<left>9</left>
						<top>9</top>
						<width>223</width>
						<height>232</height>
						<texture background="true">$VAR[AddonStatus]</texture>
						<aspectratio align="center" aligny="center">stretch</aspectratio>
						<bordersize>6</bordersize>
					</control>
					<control type="image">
						<left>5</left>
						<top>5</top>
						<width>231</width>
						<height>240</height>
						<aspectratio align="center" aligny="center">stretch</aspectratio>
						<texture border="31">views/other/focus_blue.png</texture>
						<include>ThumbnailsFocusAnimation</include>
					</control>
				</focusedlayout>
				<focusedlayout condition="stringcompare(Container.FolderPath,addons://sources/audio/) + Skin.HasSetting(ShowSmallMusicAddonsThumbs)" height="167" width="171">
					<control type="image">
						<left>5</left>
						<top>5</top>
						<width>163</width>
						<height>158</height>
						<aspectratio align="center" aligny="center">stretch</aspectratio>
						<texture border="31">views/other/panel.png</texture>
					</control>
					<control type="image">
						<left>9</left>
						<top>9</top>
						<width>155</width>
						<height>150</height>
						<aspectratio align="center" aligny="center">scale</aspectratio>
						<texture background="true" fallback="thumbs/fallback_square_tp.png">$VAR[ThumbnailsIcon]</texture>
						<bordertexture border="6">thumbs/thumb_border.png</bordertexture>
						<bordersize>6</bordersize>
					</control>
					<control type="image">
						<left>9</left>
						<top>9</top>
						<width>155</width>
						<height>150</height>
						<texture>overlays/unwatched/thumbs/$VAR[WatchedStateOverlay]_Square.png</texture>
						<aspectratio align="center" aligny="center">stretch</aspectratio>
						<bordersize>6</bordersize>						
					</control>
					<control type="image">
						<left>9</left>
						<top>9</top>
						<width>155</width>
						<height>150</height>
						<texture background="true">$VAR[AddonStatus]</texture>
						<aspectratio align="center" aligny="center">stretch</aspectratio>
						<bordersize>6</bordersize>
					</control>
					<control type="image">
						<left>5</left>
						<top>5</top>
						<width>163</width>
						<height>158</height>
						<aspectratio align="center" aligny="center">stretch</aspectratio>
						<texture border="31">views/other/focus_blue.png</texture>
						<include>ThumbnailsFocusAnimation</include>
					</control>
				</focusedlayout>
			</control>
			<control type="button">
				<left>40</left>
				<top>598</top>
				<width>1200</width>
				<height>35</height>
				<font>FontSize_26B</font>
				<textcolor>bbwhite</textcolor>
				<focusedcolor>bbwhite</focusedcolor>
				<disabledcolor>bbwhite</disabledcolor>
				<shadowcolor>77000000</shadowcolor>
				<texturefocus>-</texturefocus>
				<texturenofocus>-</texturenofocus>
				<align>left</align>
				<aligny>top</aligny>
				<label>$INFO[ListItem.Label]</label>
				<label2>$VAR[MusicLabel2]</label2>
				<visible>Control.IsVisible(560)</visible>
				<animation effect="slide" start="0,0" end="0,-6" time="0" condition="!stringcompare(Container.FolderPath,addons://sources/audio/) + !Skin.HasSetting(ShowSmallMusicThumbs)">Conditional</animation>
				<animation effect="slide" start="0,0" end="0,-6" time="0" condition="stringcompare(Container.FolderPath,addons://sources/audio/) + !Skin.HasSetting(ShowSmallMusicAddonsThumbs)">Conditional</animation>
			</control>
			<control type="scrollbar" id="60">
				<right>30</right>
				<top>100</top>
				<width>9</width>
				<include condition="!stringcompare(Container.FolderPath,addons://sources/audio/) + Skin.HasSetting(ShowSmallMusicThumbs)">ThumbnailsViewScrollbarHeight</include>
				<include condition="!stringcompare(Container.FolderPath,addons://sources/audio/) + !Skin.HasSetting(ShowSmallMusicThumbs)">ThumbnailsViewScrollbarHeightSmall</include>
				<include condition="stringcompare(Container.FolderPath,addons://sources/audio/) + Skin.HasSetting(ShowSmallMusicAddonsThumbs)">ThumbnailsViewScrollbarHeight</include>
				<include condition="stringcompare(Container.FolderPath,addons://sources/audio/) + !Skin.HasSetting(ShowSmallMusicAddonsThumbs)">ThumbnailsViewScrollbarHeightSmall</include>
				<texturesliderbackground>-</texturesliderbackground>
				<texturesliderbar border="0,14,0,14">views/scrollbar/scrollbar.png</texturesliderbar>
				<texturesliderbarfocus border="0,14,0,14">views/scrollbar/scrollbar.png</texturesliderbarfocus>
				<textureslidernib>-</textureslidernib>
				<textureslidernibfocus>-</textureslidernibfocus>
				<onleft>560</onleft>
				<onright condition="!Skin.HasSetting(EnableKioskMode)">9111</onright>
				<showonepage>false</showonepage>
				<orientation>vertical</orientation>
				<animation effect="fade" start="100" end="0" time="250" condition="!Control.HasFocus(60) + !Container.Scrolling">Conditional</animation>
				<visible>Control.IsVisible(560)</visible>
			</control>
		</control>
	</include>
	<include name="ThumbnailsViewScrollbarHeight">
		<height>495</height>
	</include>
	<include name="ThumbnailsViewScrollbarHeightSmall">
		<height>489</height>
	</include>
	<!--=====================================-->
	<!--==== Thumb List View "582" ====-->
	<!--=====================================-->
	<include name="ThumbListMusicView">
		<!--artwork-->
		<control type="group">
			<visible>!Container.Content(Albums) + !Container.Content(Songs)</visible>
			<left>0</left>
			<top>162</top>
			<include>DialogZoomInOutAnimation</include>
			<include>EpisodeViewAnimationsLeft</include>
			<visible>Control.IsVisible(582)</visible>
			<control type="image">
				<left>-75</left>
				<top>-136</top>
				<width>687</width>
				<height>520</height>
				<texture background="true">views/episode/episode_blue_shadow.png</texture>
				<animation effect="fade" time="0" end="60" condition="true">Conditional</animation>
			</control>
			<control type="image">
				<left>46</left>
				<width>441</width>
				<height>248</height>
				<aspectratio align="center" aligny="center" scalediffuse="false">scale</aspectratio>
				<texture background="true" diffuse="views/episode/episode_diffuse.png">thumbs/thumb_back.png</texture>
			</control>
			<control type="image">
				<left>46</left>
				<width>441</width>
				<height>248</height>
				<aspectratio align="center" aligny="center" scalediffuse="false">keep</aspectratio>
				<texture background="true" diffuse="views/episode/episode_diffuse.png">$INFO[ListItem.Icon]</texture>
				<visible>IsEmpty(ListItem.Art(fanart))</visible>
				<visible>!Container.Content(genres) | StringCompare(ListItem.Label,..)</visible>
			</control>
			<control type="image">
				<left>46</left>
				<width>441</width>
				<height>248</height>
				<aspectratio align="center" aligny="center" scalediffuse="false">scale</aspectratio>
				<texture background="true" diffuse="views/episode/episode_diffuse.png" fallback="DefaultFolder.png">$VAR[VarArtGenre]</texture>
				<visible>Container.Content(genres) + !StringCompare(ListItem.Label,..)</visible>
			</control>
			<control type="image">
				<left>46</left>
				<width>441</width>
				<height>248</height>
				<aspectratio align="center" aligny="center" scalediffuse="false">scale</aspectratio>
				<texture background="true" diffuse="views/episode/episode_diffuse.png">$VAR[EpisodeThumb]</texture>
				<fadetime>FanartCrossfadeTime</fadetime>
			</control>					
			<control type="image">
				<left>46</left>
				<width>441</width>
				<height>248</height>
				<aspectratio aligny="center" align="center">stretch</aspectratio>
				<texture background="true" diffuse="views/episode/episode_diffuse.png">views/episode/episode_label.png</texture>
				<visible>!Stringcompare(ListItem.Label,..)</visible>
			</control>	
			<control type="image">
				<left>46</left>
				<width>441</width>
				<height>248</height>
				<aspectratio aligny="center" align="center">stretch</aspectratio>
				<texture background="true">views/episode/episode_overlay.png</texture>
			</control>
			<!--thumb label-->
			<control type="label">
				<left>60</left>
				<top>165</top>
				<width>410</width>
				<height>50</height>
				<font>font30</font>
				<textcolor>white</textcolor>
				<shadowcolor>77000000</shadowcolor>
				<align>left</align>
				<aligny>bottom</aligny>
				<label>$VAR[EpisodeThumbTitle]</label>
				<visible>!Stringcompare(ListItem.Label,..)</visible>
			</control>
			<control type="label">
				<left>60</left>
				<top>195</top>
				<width>300</width>
				<height>50</height>
				<font>font11</font>
				<textcolor>77white</textcolor>
				<shadowcolor>77000000</shadowcolor>
				<align>left</align>
				<aligny>center</aligny>
				<label>$VAR[EpisodeThumbInfo]</label>
				<visible>!Stringcompare(ListItem.Label,..)</visible>
			</control>
			<control type="image" id="5821">
				<left>440</left>
				<top>209</top>
				<width>35</width>
				<height>24</height>
				<colordiffuse>55ffffff</colordiffuse>
				<aspectratio align="center" aligny="center">keep</aspectratio>
				<texture>$VAR[ViewsDef3DFlags]</texture>
				<visible>!Stringcompare(ListItem.Label,..)</visible>
				<visible>Container.Content(Artists) | Container.Content(Albums) | Container.Content(Songs) | Window.IsVisible(MusicPlaylist)</visible>
			</control>
			<!--info labels-->
			<control type="group">
				<left>46</left>
				<top>266</top>
				<control type="label">
					<width>436</width>
					<font>FontSize_20</font>
					<textcolor>blue</textcolor>
					<align>center</align>
					<shadowcolor>77000000</shadowcolor>
					<label>$VAR[GlobalInfo]</label>
					<scroll>true</scroll>
				</control>
				<control type="textbox">
					<top>35</top>
					<width>436</width>
					<height>140</height>
					<font>FontSize_20</font>
					<textcolor>99white</textcolor>
					<shadowcolor>77000000</shadowcolor>
					<align>justify</align>
					<autoscroll delay="8000" time="2000" repeat="8000">Skin.HasSetting(AutoScroll)</autoscroll>
					<label>$VAR[GlobalPlotDescription]</label>
				</control>
			</control>
		</control>
		<!--album artwork-->
		<control type="group">
			<visible>Container.Content(Albums) | Container.Content(Songs)</visible>
			<left>0</left>
			<top>162</top>
			<include>DialogZoomInOutAnimation</include>
			<include>EpisodeViewAnimationsLeft</include>
			<visible>Control.IsVisible(582)</visible>
			<control type="image">
				<left>40</left>
				<top>-80</top>
				<width>447</width>
				<height>429</height>
				<aspectratio aligny="center" align="center">stretch</aspectratio>
				<texture background="true">views/episode/square_blue_shadow.png</texture>
			</control>
			<!-- music disc art -->
			<control type="group">
				<width>225</width>
				<height>225</height>
				<left>175</left>
				<top>13</top>	
				<control type="group" id="6013">
					<animation reversible="false" effect="slide" start="0,0" end="0,-242" time="300" tween="quadratic" easing="out">Hidden</animation>
					<visible>Container.OnNext</visible>
				</control>
				<control type="group" id="6014">
					<animation reversible="false" effect="slide" start="0,0" end="0,242" time="300" tween="quadratic" easing="out">Hidden</animation>
					<visible>Container.OnPrevious</visible>
				</control>
				<animation type="WindowClose" reversible="false">
					<effect type="slide" start="65,0" end="0,0" tween="sine" easing="out" time="600" delay="0" />
					<effect type="fade" start="100" end="0" time="500" delay="0"/>
				</animation>
				<animation type="WindowOpen" reversible="false">
					<effect type="fade" start="0" end="100" time="500" delay="500"/>
					<effect type="slide" start="0,0" end="65,0" tween="sine" easing="out" time="700" delay="300" />
				</animation>	
				<control type="group">
					<visible>!Skin.HasSetting(HideDiscArt)</visible>
					<animation type="Hidden" reversible="false">
						<effect type="slide" start="0,0" end="-65,0" tween="sine" easing="out" time="600" delay="0" />
						<effect type="fade" start="100" end="0" time="500" delay="0"/>
					</animation>
					<animation type="Visible" reversible="false">
						<effect type="fade" start="0" end="100" time="500" delay="500"/>
						<effect type="slide" start="-65,0" end="0,0" tween="sine" easing="out" time="700" delay="300" />
					</animation>
					<control type="group">
						<visible>!StringCompare(ListItem.Label,..)</visible>
						<animation effect="fade" start="0" end="100" time="350" delay="70">Visible</animation>
						<animation type="Conditional" condition="![Control.IsVisible(6013) | Control.IsVisible(6014) | Window.IsVisible(Shutdownmenu) | Window.IsVisible(Playercontrols)]" reversible="true">
							<effect type="fade" start="0" end="100" time="200" delay="0" tween="sine" easing="out"/>
							<effect type="slide" start="-75,0" end="0,0" time="200" delay="0" tween="sine" easing="in"/>
						</animation>
						<animation effect="rotate" end="-3600" center="auto" time="100000" loop="true" reversible="false" condition="true">Conditional</animation>
						<control type="image">						
							<width>225</width>
							<height>225</height>
							<texture background="true" diffuse="osd/cd_diffuse.png">osd/cdr.png</texture>
							<aspectratio>keep</aspectratio>
							<visible>!Skin.HasSetting(HideHandwrittenDiscArt)</visible>						
						</control>						
						<control type="image">						
							<width>225</width>
							<height>225</height>
							<texture background="true" diffuse="osd/cd_diffuse.png">$INFO[ListItem.Path,,cdart.png]</texture>
							<aspectratio>keep</aspectratio>
							<visible>Skin.HasSetting(HideHandwrittenDiscArt) + Container.Content(songs)</visible>						
						</control>						
						<control type="textbox">
							<left>48</left>
							<top>30</top>
							<width>130</width>
							<height>40</height>
							<align>center</align>
							<aligny>top</aligny>
							<font>Hand_16</font>
							<textcolor>ccblack</textcolor>
							<label>$INFO[ListItem.Artist]</label>	
							<animation effect="fade" start="75" end="75" time="0" delay="0" condition="true">Conditional</animation>
							<visible>!Skin.HasSetting(HideHandwrittenDiscArt)</visible>	
						</control>
						<control type="textbox">
							<left>63</left>
							<top>148</top>
							<width>100</width>
							<height>58</height>
							<align>center</align>
							<aligny>center</aligny>
							<font>Hand_16</font>
							<textcolor>ccblack</textcolor>
							<label>$INFO[ListItem.Album]</label>	
							<animation effect="fade" start="75" end="75" time="0" delay="0" condition="true">Conditional</animation>
							<visible>!Skin.HasSetting(HideHandwrittenDiscArt)</visible>	
						</control>
					</control>
					<control type="image">						
						<width>225</width>
						<height>225</height>
						<texture background="true" diffuse="osd/cd_diffuse.png">osd/cdr_shadow.png</texture>
						<aspectratio>keep</aspectratio>						
					</control>	
				</control>
			</control>
			<control type="image">
				<left>140</left>
				<top>0</top>
				<width>248</width>
				<height>248</height>
				<aspectratio aligny="center" align="center">stretch</aspectratio>
				<texture background="true" diffuse="views/episode/square_diffuse.png" >thumbs/thumb_back.png</texture>
			</control>		
			<control type="image">
				<left>140</left>
				<top>0</top>
				<width>248</width>
				<height>248</height>
				<aspectratio aligny="center" align="center">stretch</aspectratio>
				<texture background="true" diffuse="views/episode/square_diffuse.png" >$INFO[ListItem.Icon]</texture>
				<fadetime>250</fadetime>
			</control>
			<control type="image">
				<left>140</left>
				<top>0</top>
				<width>246</width>
				<height>246</height>
				<aspectratio aligny="center" align="center">stretch</aspectratio>
				<texture background="true">views/episode/square_overlay.png</texture>
			</control>
			<!--info labels-->
			<control type="group">
				<left>46</left>
				<top>266</top>
				<control type="label">
					<width>436</width>
					<font>FontSize_20</font>
					<textcolor>blue</textcolor>
					<align>center</align>
					<shadowcolor>77000000</shadowcolor>
					<label>$VAR[GlobalInfo]</label>
					<animation effect="fade" time="250" delay="120">Visible</animation>
					<animation effect="fade" time="0">Hidden</animation>
					<visible>!IsEmpty(ListItem.Album)</visible>
					<scroll>true</scroll>
				</control>
				<control type="label">
					<top>35</top>
					<width>436</width>
					<height>30</height>
					<font>FontSize_20</font>
					<textcolor>white</textcolor>
					<shadowcolor>77000000</shadowcolor>
					<align>center</align>
					<aligny>top</aligny>
					<label>$INFO[Window(home).Property(Album.Songs.Count),, $LOCALIZE[182]  •  ]$INFO[ListItem.Year,$LOCALIZE[31107] ]$INFO[Window(home).Property(Album.Songs.Duration),  •  , $LOCALIZE[180]]</label>
					<animation effect="fade" time="250" delay="120">Visible</animation>
					<animation effect="fade" time="0">Hidden</animation>
					<visible>!IsEmpty(ListItem.Album)</visible>
				</control>
				<control type="textbox">
					<top>70</top>
					<width>436</width>
					<height>105</height>
					<font>FontSize_20</font>
					<textcolor>99white</textcolor>
					<shadowcolor>77000000</shadowcolor>
					<align>justify</align>
					<autoscroll delay="8000" time="2000" repeat="8000">Skin.HasSetting(AutoScroll)</autoscroll>
					<label>$VAR[GlobalPlotDescription]</label>
				</control>
			</control>
		</control>
		<!--vertical line-->
		<control type="image">
			<include>DialogZoomInOutAnimation</include>
			<left>540</left>
			<top>125</top>
			<texture>info/seperator_vertical.png</texture>
			<colordiffuse>33white</colordiffuse>
			<width>1</width>
			<height>500</height>
			<animation type="WindowOpen" tween="sine" easing="out">
				<effect type="zoom" start="0" end="100" center="auto" time="450" delay="200" />
				<effect type="fade" start="0" end="80" time="450" delay="200" />
			</animation>
			<animation type="WindowClose" tween="sine" easing="out">
				<effect type="zoom" start="100" end="0" center="auto" time="350" delay="0"/>
				<effect type="fade" start="80" end="0" time="350" delay="0"/>
			</animation>
			<animation type="Visible" tween="sine" easing="out">
				<effect type="zoom" start="0" end="100" center="auto" time="450" delay="200" />
				<effect type="fade" start="0" end="80" time="450" delay="200" />
			</animation>
			<animation type="Hidden" tween="sine" easing="out">
				<effect type="zoom" start="100" end="0" center="auto" time="350" delay="0"/>
				<effect type="fade" start="80" end="0" time="350" delay="0"/>
			</animation>
			<visible>Control.IsVisible(582)</visible>
		</control>
		<!--list-->
		<control type="group">
			<include>DialogZoomInOutAnimation</include>
			<include>ListViewAnimationsRight</include>
			<visible>Control.IsVisible(582)</visible>
			<control type="list" id="582">
				<left>570</left>
				<top>150</top>
				<width>1190</width>
				<height>450</height>
				<onright>60</onright>
				<onleft condition="!Skin.HasSetting(EnableKioskMode)">9111</onleft>
				<onup>582</onup>
				<ondown>582</ondown>
				<viewtype label="31268">List</viewtype>
				<pagecontrol>60</pagecontrol>
				<scrolltime tween="cubic" easing="out">300</scrolltime>
				<itemlayout height="45" width="710">
					<control type="label">
						<left>12</left>
						<top>0</top>
						<width>55</width>
						<height>45</height>
						<font>FontSize_22</font>
						<textcolor>77white</textcolor>
						<shadowcolor>77000000</shadowcolor>
						<align>center</align>
						<aligny>center</aligny>
						<label>$VAR[FirstMusicLabel]</label>
						<visible>!Stringcompare(ListItem.Label,..)</visible>
					</control>
					<control type="label">
						<left>95</left>
						<top>0</top>
						<width>480</width>
						<height>45</height>
						<font>FontSize_22</font>
						<textcolor>77white</textcolor>
						<shadowcolor>77000000</shadowcolor>
						<align>left</align>
						<aligny>center</aligny>
						<label>$VAR[MusicLabel]</label>
					</control>
					<control type="label">
						<left>362</left>
						<top>0</top>
						<width>300</width>
						<height>45</height>
						<font>FontSize_22</font>
						<textcolor>77white</textcolor>
						<shadowcolor>77000000</shadowcolor>
						<align>right</align>
						<aligny>center</aligny>
						<label fallback="․  ․  ․">$VAR[MusicLabel2]</label>
						<visible>!Stringcompare(ListItem.Label,..)</visible>
					</control>
				</itemlayout>
				<focusedlayout height="45" width="710">
					<control type="group">
						<include>ListFocusAnimation</include>
						<control type="label">
							<left>12</left>
							<top>0</top>
							<width>55</width>
							<height>45</height>
							<font>FontSize_22</font>
							<textcolor>white</textcolor>
							<shadowcolor>77000000</shadowcolor>
							<align>center</align>
							<aligny>center</aligny>
							<label>$VAR[FirstMusicLabel]</label>
							<visible>!Stringcompare(ListItem.Label,..)</visible>
						</control>
						<control type="label">
							<left>95</left>
							<top>0</top>
							<width>480</width>
							<height>45</height>
							<font>FontSize_22</font>
							<textcolor>white</textcolor>
							<shadowcolor>77000000</shadowcolor>
							<align>left</align>
							<aligny>center</aligny>
							<scroll>true</scroll>
							<label>$VAR[MusicLabel]</label>
						</control>
						<control type="label">
							<left>362</left>
							<top>0</top>
							<width>300</width>
							<height>45</height>
							<font>FontSize_22</font>
							<textcolor>white</textcolor>
							<shadowcolor>77000000</shadowcolor>
							<align>right</align>
							<aligny>center</aligny>
							<scroll>true</scroll>
							<label fallback="․  ․  ․">$VAR[MusicLabel2]</label>
							<visible>!Stringcompare(ListItem.Label,..)</visible>
						</control>
					</control>
				</focusedlayout>
			</control>
			<control type="scrollbar" id="60">
				<right>25</right>
				<top>165</top>
				<width>9</width>
				<height>425</height>
				<texturesliderbackground>-</texturesliderbackground>
				<texturesliderbar border="0,14,0,14">views/scrollbar/scrollbar.png</texturesliderbar>
				<texturesliderbarfocus border="0,14,0,14">views/scrollbar/scrollbar.png</texturesliderbarfocus>
				<textureslidernib>-</textureslidernib>
				<textureslidernibfocus>-</textureslidernibfocus>
				<onleft>582</onleft>
				<onright>582</onright>
				<showonepage>false</showonepage>
				<orientation>vertical</orientation>
				<animation effect="fade" start="100" end="0" time="250" condition="!Control.HasFocus(60) + !Container.Scrolling">Conditional</animation>
				<visible>Control.IsVisible(582)</visible>
			</control>
			<control type="group">
				<left>850</left>
				<include>ListView_Arrows</include>
			</control>
		</control>
	</include>
	<!--========================-->
	<!--==== Classic Slide View "583" ====-->
	<!--========================-->
	<include name="ClassicSlideMusicView">
		<control type="group">
			<left>-0</left>
			<visible>Control.IsVisible(583)</visible>
			<!--smooth background fade-->
			<control type="group">
				<include>BackgroundAnimation</include>
				<visible>!Skin.HasSetting(HideBGFanart)</visible>
				<animation type="WindowOpen" tween="sine" easing="out">
					<effect type="fade" start="0" end="100" time="1000"/>
				</animation>
				<animation type="WindowClose" tween="sine" easing="out">
					<effect type="fade" start="100" end="0" time="1000" delay="700"/>
				</animation>
				<control type="image">
					<include>FullscreenDimensions</include>
					<texture>windows/bg/black.jpg</texture>
					<fadetime>FanartCrossfadeTime</fadetime>
				</control>
				<control type="image">
					<description>ClassicSlideFanart</description>
					<include>FullscreenDimensions</include>
					<texture background="true" fallback="SKINDEFAULT.jpg">$INFO[ListItem.Art(fanart)]</texture>
					<fadetime>FanartCrossfadeTime</fadetime>
					<visible>IsEmpty(Control.GetLabel(5831))</visible>
				</control>
				<control type="multiimage" id="5831">
					<description>Fanart extrafanart</description>
					<include>FullscreenDimensions</include>
					<aspectratio>scale</aspectratio>
					<randomize>true</randomize>
					<timeperimage>5000</timeperimage>
					<fadetime>1000</fadetime>
					<imagepath background="true">$INFO[ListItem.Path,,/extrafanart/]</imagepath>
					<visible>!Skin.HasSetting(HideBGFanart) + Skin.HasSetting(ViewsExtraFanart) + !SubString(Container.Folderpath,plugin://,left)</visible>
				</control>
			</control>
			<control type="group">
				<control type="image">
					<description>ClassicSlideFanart Diffuse</description>
					<include>FullscreenDimensions</include>
					<texture background="true">views/ClassicSlide/mask.png</texture>
				</control>
				<control type="image">
					<description>ClassicSlideFanart Diffuse</description>
					<include>FullscreenDimensions</include>
					<texture background="true">windows/bg/bg_vignette.png</texture>
				</control>
			</control>
			<!--itemlayout-->
			<control type="group">
				<left>0</left>
				<top>-1</top>
				<visible>Control.IsVisible(583)</visible>
				<include>DialogZoomInOutAnimation</include>
				<control type="label">
					<top>205</top>
					<width>1095</width>
					<align>right</align>
					<label>[CAPITALIZE]$VAR[ContainerItemSingular][/CAPITALIZE] $INFO[Container.CurrentItem] / $INFO[Container.NumItems]</label>
					<font>FontSize_18B</font>
					<textcolor>44white</textcolor>
					<shadowcolor>99000000</shadowcolor>
					<include>DownUpAnimation</include>
					<visible>!stringcompare(ListItem.Label,..) + !Control.HasFocus(60)</visible>
				</control>
				<control type="label">
					<top>205</top>
					<width>1095</width>
					<align>right</align>
					<label>[CAPITALIZE]$LOCALIZE[31024][/CAPITALIZE] $INFO[Container.CurrentPage] / $INFO[Container.NumPages]</label>
					<font>FontSize_18B</font>
					<textcolor>44white</textcolor>
					<shadowcolor>99000000</shadowcolor>
					<visible>Control.HasFocus(60)</visible>
					<include>DownUpAnimation</include>
				</control>
				<control type="image">
					<include>FullscreenDimensions</include>
					<texture>views/ClassicSlide/panel.png</texture>
					<fadetime>FanartCrossfadeTime</fadetime>
					<animation type="WindowOpen" tween="sine" easing="out">
						<effect type="fade" start="0" end="100" time="1000"/>
					</animation>
					<animation type="WindowClose" tween="sine" easing="out">
						<effect type="fade" start="100" end="0" time="1000" delay="300"/>
					</animation>
				</control>
				<control type="group">
					<control type="group" id="8013">
						<left>-100</left>
						<animation reversible="false" effect="slide" start="0,0" end="-242,0" time="300" tween="quadratic" easing="out">Hidden</animation>
						<visible>Container.OnNext</visible>
						<include>Includes_OnNext_ClassicSlide</include>
					</control>
					<control type="group" id="8014">
						<left>-100</left>
						<animation reversible="false" effect="slide" start="0,0" end="242,0" time="300" tween="quadratic" easing="out">Hidden</animation>
						<visible>Container.OnPrevious</visible>
						<include>Includes_OnPrevious_ClassicSlide</include>
					</control>
				</control>
				<control type="group">
					<left>-100</left>
					<animation type="WindowOpen" tween="sine" easing="out">
						<effect type="fade" start="0" end="100" time="1000"/>
					</animation>
					<animation type="WindowClose" tween="sine" easing="out">
						<effect type="fade" start="100" end="0" time="1000" delay="300"/>
					</animation>
					<visible>!Control.IsVisible(8013) + !Control.IsVisible(8014)</visible>
					<include>Includes_Static_ClassicSlide</include>
				</control>
				<control type="image">
					<visible>Control.IsVisible(583)</visible>
					<include>FullscreenDimensions</include>
					<texture>views/ClassicSlide/posters_overlay.png</texture>
					<fadetime>FanartCrossfadeTime</fadetime>
					<animation type="WindowOpen">
						<effect type="fade" start="0" end="50" time="500" delay="800" tween="sine" easing="out"/>
					</animation>
					<animation type="WindowClose">
						<effect type="fade" start="50" end="0" time="500" delay="0" tween="sine" easing="out"/>
					</animation>
				</control>
			</control>
			<!--scrollbar-->
			<control type="scrollbar" id="60">
				<left>550</left>
				<top>486</top>
				<width>730</width>
				<height>9</height>
				<texturesliderbackground>-</texturesliderbackground>
				<texturesliderbar border="14,0,14,0">views/scrollbar/scrollbar_horizontal.png</texturesliderbar>
				<texturesliderbarfocus border="14,0,14,0">views/scrollbar/scrollbar_horizontal.png</texturesliderbarfocus>
				<textureslidernib>-</textureslidernib>
				<textureslidernibfocus>-</textureslidernibfocus>
				<onup>583</onup>
				<ondown>583</ondown>
				<showonepage>false</showonepage>
				<orientation>horizontal</orientation>
				<animation effect="fade" start="100" end="0" time="250" condition="!Control.HasFocus(60) + !Container.Scrolling">Conditional</animation>
				<visible>Control.IsVisible(583)</visible>
			</control>
			<!--focusedlayout square -->
			<control type="group">
				<visible>Control.IsVisible(583)</visible>
				<control type="image">
					<left>28</left>
					<top>32</top>
					<width>673</width>
					<height>673</height>
					<include>DialogZoomInOutAnimation</include>
					<texture background="true">views/ClassicSlide/poster_blue_shadow_panel.png</texture>
					<animation reversible="true" effect="zoom" start="100,100" end="95,100" center="340,340" time="300" tween="quadratic" easing="in" condition="Control.IsVisible(8013) | Control.IsVisible(8014)">Conditional</animation>
					<animation type="WindowOpen">
						<effect type="fade" start="0" end="100" time="500" delay="800" tween="sine" easing="out"/>
						<effect type="zoom" start="196,148,360,673" end="128,32,673,673" time="980" delay="750" tween="sine" easing="out"/>
					</animation>
					<animation type="WindowClose">
						<effect type="zoom" start="128,32,673,673" end="196,148,360,673" time="980" delay="0" tween="sine" easing="out"/>
						<effect type="fade" start="100" end="0" time="500" delay="0" tween="sine" easing="out"/>
					</animation>
				</control>
				<control type="group">
					<include>DialogZoomInOutAnimation</include>
					<animation reversible="true" effect="zoom" start="100" end="95" center="340,340" time="300" tween="quadratic" easing="in" condition="Control.IsVisible(8013) | Control.IsVisible(8014)">Conditional</animation>
					<control type="image">
						<left>31</left>
						<top>12</top>
						<width>673</width>
						<height>673</height>
						<texture background="true">views/ClassicSlide/square_blue_shadow.png</texture>
						<animation type="WindowOpen">
							<effect type="fade" start="0" end="100" time="500" delay="800" tween="sine" easing="out"/>
							<effect type="zoom" start="196,148,436,436" end="128,12,673,673" time="980" delay="750" tween="sine" easing="out"/>
						</animation>
						<animation type="WindowClose">
							<effect type="zoom" start="128,12,673,673" end="196,148,436,436" time="980" delay="0" tween="sine" easing="out"/>
							<effect type="fade" start="100" end="0" time="500" delay="0" tween="sine" easing="out"/>
						</animation>
					</control>
					
					<control type="group">
						<width>366</width>
						<height>366</height>
						<animation type="WindowOpen">
							<effect type="fade" start="0" end="100" time="500" delay="500"  tween="sine" easing="out"/>
							<effect type="zoom" start="294,239,242,242" end="285,156,366,366" time="980" delay="750"  tween="sine" easing="out"/>
						</animation>
						<animation type="WindowClose">
							<effect type="zoom" start="285,156,366,366" end="294,239,242,242" time="980" delay="0"  tween="sine" easing="out"/>
							<effect type="fade" start="100" end="0" time="500" delay="800"  tween="sine" easing="out"/>
						</animation>
						<control type="image">
							<left>185</left>
							<top>156</top>
							<width>366</width>
							<height>366</height>
							<aspectratio align="center" aligny="center" scalediffuse="false">scale</aspectratio>
							<texture background="true" diffuse="views/ClassicSlide/square_diffuse.png">thumbs/thumb_back.png</texture>
						</control>
						<control type="image">
							<left>185</left>
							<top>156</top>
							<width>366</width>
							<height>366</height>
							<aspectratio align="center" aligny="center" scalediffuse="false">scale</aspectratio>
							<texture background="true" diffuse="views/ClassicSlide/square_diffuse.png" fallback="thumbs/fallback_square.png">$INFO[ListItem.Icon]</texture>
							<animation effect="fade" start="90" end="100" time="200" delay="0" condition="![Control.IsVisible(8013) | Control.IsVisible(8014)]">Conditional</animation>
							<visible>!Container.Content(genres) | StringCompare(ListItem.Label,..)</visible>
						</control>
						<control type="image">
							<left>185</left>
							<top>156</top>
							<width>366</width>
							<height>366</height>
							<aspectratio align="center" aligny="center" scalediffuse="false">scale</aspectratio>
							<texture background="true" diffuse="views/ClassicSlide/square_diffuse.png" fallback="DefaultFolder.png">$VAR[VarArtGenre]</texture>
							<animation effect="fade" start="90" end="100" time="200" delay="0" condition="![Control.IsVisible(8013) | Control.IsVisible(8014)]">Conditional</animation>
							<visible>Container.Content(genres) + !StringCompare(ListItem.Label,..)</visible>
						</control>
						<control type="image">
							<left>185</left>
							<top>156</top>
							<width>366</width>
							<height>366</height>
							<aspectratio aligny="center" align="center">stretch</aspectratio>
							<texture background="true">views/ClassicSlide/square_overlay.png</texture>
						</control>
						<control type="image">
							<left>185</left>
							<top>156</top>
							<width>366</width>
							<height>366</height>
							<aspectratio aligny="center" align="center">stretch</aspectratio>
							<texture scalediffuse="true" diffuse="views/ClassicSlide/square_diffuse.png">overlays/unwatched/classicslide/$VAR[WatchedStateOverlay]_square.png</texture>
							<animation effect="fade" start="90" end="100" time="200" delay="0" condition="![Control.IsVisible(8013) | Control.IsVisible(8014)]">Conditional</animation>
						</control>
						<control type="group">
							<visible>Control.IsVisible(8013)</visible>
							<animation effect="fade" start="100" end="0" time="200" delay="150" condition="!Container.Content(genres) + Control.IsVisible(8013) + !IsEmpty(ListItem(-1).Art(thumb))">Conditional</animation>
							<animation effect="fade" start="100" end="0" time="200" delay="150" condition="Container.Content(genres) + Control.IsVisible(8013)">Conditional</animation>
							<control type="image">
								<left>185</left>
								<top>156</top>
								<width>366</width>
								<height>366</height>
								<aspectratio align="center" aligny="center" scalediffuse="false">scale</aspectratio>
								<texture background="true" diffuse="views/ClassicSlide/square_diffuse.png">thumbs/thumb_back.png</texture>
							</control>
							<control type="image">
								<left>185</left>
								<top>156</top>
								<width>366</width>
								<height>366</height>
								<aspectratio align="center" aligny="center" scalediffuse="false">scale</aspectratio>
								<texture background="true" diffuse="views/ClassicSlide/square_diffuse.png" fallback="thumbs/fallback_square.png">$INFO[ListItem(-1).Icon]</texture>
								<visible>!Container.Content(genres) + !StringCompare(ListItem(-1).Label,..)</visible>
							</control>
							<control type="image">
								<left>185</left>
								<top>156</top>
								<width>366</width>
								<height>366</height>
								<aspectratio align="center" aligny="center" scalediffuse="false">scale</aspectratio>
								<texture background="true" diffuse="views/ClassicSlide/square_diffuse.png" fallback="DefaultFolder.png">$VAR[VarArtGenrePrevious]</texture>
								<visible>Container.Content(genres) + !StringCompare(ListItem(-1).Label,..)</visible>
							</control>
							<control type="image">
								<left>185</left>
								<top>156</top>
								<width>366</width>
								<height>366</height>
								<aspectratio aligny="center" align="center">stretch</aspectratio>
								<texture background="true">views/ClassicSlide/square_overlay.png</texture>
							</control>
						</control>
						<control type="group">
							<animation effect="fade" start="100" end="0" time="200" delay="150" condition="!Container.Content(genres) + Control.IsVisible(8014) + !IsEmpty(ListItem(1).Art(thumb))">Conditional</animation>
							<animation effect="fade" start="100" end="0" time="200" delay="150" condition="Container.Content(genres) + Control.IsVisible(8014)">Conditional</animation>
							<visible>Control.IsVisible(8014)</visible>
							<control type="image">
								<left>185</left>
								<top>156</top>
								<width>366</width>
								<height>366</height>
								<aspectratio align="center" aligny="center" scalediffuse="false">scale</aspectratio>
								<texture background="true" diffuse="views/ClassicSlide/square_diffuse.png">thumbs/thumb_back.png</texture>
							</control>
							<control type="image">
								<left>185</left>
								<top>156</top>
								<width>366</width>
								<height>366</height>
								<aspectratio align="center" aligny="center" scalediffuse="false">scale</aspectratio>
								<texture background="true" diffuse="views/ClassicSlide/square_diffuse.png" fallback="thumbs/fallback_square.png">$INFO[ListItem(1).Icon]</texture>
								<visible>!Container.Content(genres) | StringCompare(ListItem(1).Label,..)</visible>
							</control>							
							<control type="image">
								<left>185</left>
								<top>156</top>
								<width>366</width>
								<height>366</height>
								<aspectratio align="center" aligny="center" scalediffuse="false">scale</aspectratio>
								<texture background="true" diffuse="views/ClassicSlide/square_diffuse.png" fallback="DefaultFolder.png">$VAR[VarArtGenreNext]</texture>
								<visible>Container.Content(genres) + !StringCompare(ListItem(1).Label,..)</visible>
							</control>
							<control type="image">
								<left>185</left>
								<top>156</top>
								<width>366</width>
								<height>366</height>
								<aspectratio aligny="center" align="center">stretch</aspectratio>
								<texture background="true">views/ClassicSlide/square_overlay.png</texture>
							</control>
						</control>
					</control>
				</control>
				<!--labels-->
				<control type="grouplist">
					<left>185</left>
					<top>530</top>
					<width>910</width>
					<height>120</height>
					<itemgap>20</itemgap>
					<orientation>horizontal</orientation>
					<include>DialogZoomInOutAnimation</include>
					<animation effect="zoom" start="100" end="95" center="340,340" time="300" tween="quadratic" easing="in" condition="Control.IsVisible(8013) | Control.IsVisible(8014)">Conditional</animation>
					<animation effect="fade" start="100" end="0" condition="Control.IsVisible(8013) | Control.IsVisible(8014)">Conditional</animation>
					<visible>!Control.IsVisible(8013) + !Control.IsVisible(8014)</visible>
					<animation type="WindowOpen">
						<effect type="fade" start="0" end="100" time="800" delay="800" tween="sine" easing="out"/>
						<effect type="slide" start="570" end="0" time="980" delay="750" tween="sine" easing="out"/>
					</animation>
					<animation type="WindowClose">
						<effect type="slide" start="0" end="570" time="980" delay="0" tween="sine" easing="out"/>
						<effect type="fade" start="100" end="0" time="800" delay="0" tween="sine" easing="out"/>
					</animation>
					<!--title and sub info-->
					<control type="group">
						<width>960</width>
						<control type="grouplist">
							<orientation>horizontal</orientation>
							<width>910</width>
							<height>50</height>
							<itemgap>0</itemgap>
							<control type="label">
								<label>$VAR[ListItem.Title]</label>
								<width max="590">590</width>
								<font>FontSize_28B</font>
								<textcolor>white</textcolor>
								<shadowcolor>77000000</shadowcolor>
								<visible>!stringcompare(ListItem.Label,..)</visible>
							</control>
							<control type="label">
								<label>$VAR[ClassicSlideMusicInfo]</label>
								<width max="320">320</width>
								<align>right</align>
								<font>FontSize_28</font>
								<textcolor>55white</textcolor>
								<shadowcolor>77000000</shadowcolor>
								<visible>!stringcompare(ListItem.Label,..)</visible>
							</control>
						</control>
						<control type="textbox">
							<top>32</top>
							<left>0</left>
							<width>910</width>
							<height>60</height>
							<font>FontSize_22</font>
							<textcolor>99white</textcolor>
							<shadowcolor>77000000</shadowcolor>
							<label>$VAR[ClassicSlideMusicPlot]</label>
							<align>justify</align>
							<autoscroll delay="8000" time="2000" repeat="8000">Skin.HasSetting(AutoScroll)</autoscroll>
							<visible>!stringcompare(ListItem.Label,..)</visible>
						</control>
					</control>
				</control>
			</control>
			<!--hidden container-->
			<control type="panel" id="583">
				<left>-335</left>
				<top>195</top>
				<width>1736</width>
				<height>362</height>
				<onleft>583</onleft>
				<onright>583</onright>
				<ondown>60</ondown>
				<onup condition="!Skin.HasSetting(EnableKioskMode)">9111</onup>
				<viewtype label="Classic Slide">Slide</viewtype>
				<pagecontrol>60</pagecontrol>
				<itemgap>0</itemgap>
				<orientation>horizontal</orientation>
				<scrolltime>250</scrolltime>
				<preloaditems>2</preloaditems>
				<focusposition>0</focusposition>
				<hitrect x="285" y="176" w="248" h="362"/>
				<itemlayout width="248" height="362"/>
				<focusedlayout width="248" height="362">
					<control type="image">
						<left>0</left>
						<top>0</top>
						<width>248</width>
						<height>362</height>
						<texture>-</texture>
					</control>
				</focusedlayout>
			</control>
		</control>
	</include>
</includes>
