<?xml version="1.0" encoding="UTF-8" standalone="yes"?>
<addon id="repository.wheatfield" name="Stucky's XBMC Addons" version="1.0.1" provider-name="Stucky">
	<extension point="xbmc.addon.repository" name="Stucky's XBMC Addon Repository">
		<info compressed="false">https://raw.githubusercontent.com/wheatfield/addons/master/addons.xml</info>
		<checksum>https://raw.githubusercontent.com/wheatfield/addons/master/addons.xml.md5</checksum>
        <datadir zip="true">https://raw.githubusercontent.com/wheatfield/addons/master/</datadir>
	</extension>
	<extension point="xbmc.addon.metadata">
		<summary lang="en">Install Stucky's Addons</summary>
		<description lang="en">Download and install addons by Stucky</description>
		<platform>all</platform>
	</extension>
</addon>
